customer_id,month,data_usage,call_minutes,sms_count
1,1,8.777317419223435,203.79360490020142,26.73619107719478
1,2,0.5818875907476126,76.9810364448852,35.42056878654555
1,3,10.592478449802496,134.20782181606236,22.37307971445368
2,1,11.409800652877202,233.66258119161742,70.07164671110564
2,2,7.621084707089443,67.32607720089513,96.41392723867897
2,3,12.23852996189223,16.5335551275588,77.47500892811574
2,4,13.403180185765503,151.2051613514654,114.79252936969287
2,5,5.672787863569149,174.65202527677374,80.74592351872792
2,6,10.537340652315052,7.663473153765466,57.35197491973719
2,7,7.099271456243372,328.54943673743946,56.04873375980559
2,8,10.661553571331735,42.76232544214224,40.798987683439776
2,9,16.790707658088575,83.51954831879435,48.697991076491434
2,10,3.4448776384569326,22.423603842249634,46.605638200425894
2,11,11.216608154141369,499.0794408848892,31.78158464615164
2,12,9.648815126562823,12.488972304361283,74.48960059627656
3,1,12.786663455472965,300.70960570119274,97.15185311142079
3,2,27.804238617600678,49.06612282752863,55.22509635100034
3,3,6.65402427539339,326.3986565391608,60.864756779064834
3,4,4.270973760672463,201.64217245205666,91.8769095862354
3,5,0.8739275828245354,80.39831665415313,12.10899659832765
3,6,12.28477588840837,386.077411942244,30.38937861224045
3,7,10.660789944350084,61.36689240872235,90.21611099319938
3,8,8.341222071001223,219.60109086160963,49.9465201919176
3,9,17.869531622328914,507.29472961966735,4.613386804742355
3,10,3.3321071740374357,248.22468538320604,17.34390606792325
3,11,16.53508639280192,364.1176188626506,28.136947510141677
4,1,9.616551477628224,61.638052273407,50.29450725694269
4,2,0.34982855899159304,126.85498685675557,7.450154597124708
4,3,14.857462632338807,307.48840096394775,19.210509219373805
4,4,19.33720021850401,574.6122689629781,51.84025546945364
4,5,5.512200178427486,623.649588650457,2.7587399321004256
4,6,10.14074526808369,226.94334089478852,103.8059048180966
4,7,12.518172825887518,125.20491563173229,11.952625184481754
4,8,7.6072472582770505,48.96089585822838,51.91301279138732
4,9,6.050626740976594,24.105668993462587,100.20583153499615
4,10,6.516292335996724,9.77947925370313,43.26963462049834
4,11,10.478600961773612,61.970008836855015,63.265906685030515
4,12,2.6698970191681486,456.65432137861814,70.95842048306939
5,1,10.186005984092928,159.95108147363183,47.7874176555139
5,2,12.989452593901971,274.6728765137442,51.73428850975718
5,3,14.346558928701073,136.38952933353704,138.99545523985822
5,4,20.399120256054466,314.3664492247417,27.663219753482025
5,5,14.242133971984874,149.50443757069183,10.852770743625882
5,6,7.465327647866262,69.82478991058701,70.27212375038023
6,1,18.96150690902223,160.3517766889731,22.13269014754877
6,2,11.87062365594134,219.29430359816405,36.17334501295989
6,3,9.065415139809616,221.5520667526597,64.47047968415401
6,4,12.238667971679424,167.3471510748307,65.37115339943804
6,5,8.004784062075966,296.30382523029795,24.902286580939965
6,6,10.511407345046937,43.56078731758444,35.20358122171411
6,7,13.972421047909851,44.939769993789724,37.19598094599665
6,8,6.835486849371467,5.211116279798375,5.741017755443927
6,9,10.712257355401471,250.0113518589069,47.75777736239212
6,10,7.321846319788353,143.1347377476879,78.64182996161978
6,11,11.48973892818137,149.90816055419563,101.73197980965035
7,1,23.649825286972703,395.5005299305085,54.41285452446753
7,2,10.531237269645423,293.39947909177204,61.55879022039949
7,3,9.303730264975606,91.78259852038366,53.13955563461825
7,4,17.660798579581986,467.3006880498082,61.69106566275641
7,5,15.286127945671812,240.4596060744218,46.506825423855894
7,6,13.599799550288791,378.39992514687265,14.54552655923419
7,7,0.15977691619036172,120.04876255453009,58.46647773198815
7,8,16.089101323348622,51.57382627167678,49.543060904992444
7,9,6.433859403302886,170.91286615126458,3.5090606635424777
7,10,4.707363498278816,330.09251151304966,53.12480278384396
7,11,12.419354830265224,146.64766525841787,19.835583561666965
7,12,7.459712394030992,274.8320291269538,9.652808453648667
8,1,21.55119181882408,113.78053735932744,25.334657605781835
8,2,4.506190675971568,290.18869430654536,6.431987745082246
8,3,12.548759809698682,127.67391025777135,60.94115084567055
8,4,15.943998241525339,8.822133903894581,77.14970406874976
8,5,10.35969787437025,439.76396830367594,15.791744707556404
9,1,2.230551668756789,214.1931567004037,15.021761342482435
9,2,7.546000993757016,244.61930796767248,55.57991184589835
9,3,8.00614143580459,184.07088649403704,173.93197736285032
10,1,8.192774033779958,233.58786496303915,28.758521975292673
10,2,13.885925715351469,75.54114855983129,10.174087285872766
10,3,15.401249767250881,328.3638151346123,0.9495312194963716
10,4,1.3424162229070067,133.24254595504829,21.54780667281349
10,5,13.33542134215758,207.20747566483846,96.59625030546422
10,6,12.220804076637883,103.31347554924834,25.64515447545783
10,7,11.25619188994024,56.54921653544159,23.721790523166554
10,8,4.947912553323271,123.7359327674853,2.6413703970743114
10,9,4.923063743230353,371.88568676777004,95.72593950299732
10,10,20.727498428261796,201.52197886156614,60.848765155929854
10,11,18.124279923855607,20.59914354056761,82.22514026814805
10,12,19.116413063769585,66.65595109435642,105.30556582414638
11,1,24.404012562111085,247.04605511117302,76.6413829355944
11,2,14.708380326103669,465.6058476100699,18.72549961504143
11,3,1.5803776374826697,299.3305000919281,5.774979931422386
11,4,0.19611581281554535,479.8766828427906,14.797685266571492
11,5,7.541095740225481,191.09488231528934,102.36546567853111
11,6,3.081621407977295,262.3212727259374,14.384917669596888
11,7,14.393278488147153,63.97884109597112,112.8922502474311
12,1,11.24727712240496,26.979800802303487,118.89657175957797
12,2,11.39746572495982,53.66802081394002,77.90362942495666
12,3,8.053470295661805,6.76570167162788,65.24185335600839
12,4,12.469892838965256,370.66004488510976,52.58014227671191
12,5,10.749422008709857,224.0199554817776,113.81131978028117
12,6,7.829485337081504,270.4182453208597,74.66981808062448
12,7,12.448435634615318,147.8143090910644,54.824160292300135
13,1,9.344395669970043,300.8440112060603,10.01906196652007
13,2,0.3514398669240002,450.8398856146291,20.50480386008166
13,3,4.160706058871634,139.90781412239244,35.968871775937835
13,4,8.40596269614973,307.3239645154228,5.963137127379021
13,5,0.6420075456842671,267.64439521647154,90.26920284908259
13,6,0.9980664578251819,362.22711294496116,51.50167365947286
13,7,17.64263737352252,189.46694577235752,50.89111669951802
13,8,8.936228323787727,359.0215728006905,14.250159236651427
13,9,7.284245217647834,173.57997446735325,65.98055519473928
13,10,21.699433028062334,64.79364801542383,70.22941729891195
13,11,9.39309204696254,388.642858453904,66.24224489712324
13,12,8.355530099353178,65.97273612210796,81.91402805528556
14,1,3.114089127682316,271.4549234704009,2.843987228577177
14,2,17.781653284244435,201.64439256754625,45.40966392406539
14,3,13.822111428458582,272.5931780633145,50.260722999156286
14,4,16.1503148742134,99.14175419746218,78.49425973174502
15,1,2.4496356983164738,349.3488517143054,14.601274885115174
15,2,11.775947036442693,65.41176087528254,27.33472301522231
15,3,15.920877369703746,311.9372809147848,22.873901552097642
15,4,8.895105852719418,119.58773073187199,165.6681195982707
15,5,11.94850716511754,74.07776130908152,102.88668584884505
15,6,19.502229559783093,468.7506065785301,133.51974730040376
15,7,14.9540041800629,147.5222384332808,41.895329295827224
15,8,7.955472888754198,139.43669492314604,99.59747229154362
15,9,10.005046348551831,345.7132797224309,77.0606621912396
16,1,12.68554401443139,256.84710357830386,77.48669114163866
16,2,7.336552951144559,134.7422401427139,107.61287091205965
16,3,1.0278328007520123,162.93233094985396,55.692073845272226
16,4,14.242152810099686,225.4650773606478,13.12029446153764
16,5,18.173297636145982,200.28611184153613,16.720108259654566
16,6,11.464236555413759,271.2915306832196,128.4297581359246
17,1,19.576555453420205,218.88520825924385,84.04496393520952
17,2,18.56699142979815,250.6933331217538,26.310366207487416
17,3,16.82999364368475,200.11332611818932,77.43431274433675
17,4,5.076114016540229,267.0472575514778,24.456566994198795
17,5,21.573167460249714,293.4631021833643,59.59430983397186
17,6,13.40416995345155,50.233872068492275,114.93026762112216
18,1,18.332593360498468,352.7985094869951,45.85100228102654
18,2,8.456750292740065,290.30561350726737,29.383445382182455
18,3,2.3992237939263434,517.1262826912813,54.44160603883627
18,4,10.968838039078426,3.6508827687400753,25.50556016815043
18,5,3.7151155943966785,361.84628452089544,70.18534483704208
18,6,6.006054150354293,284.07503579993215,39.859194170356915
18,7,11.641435025849791,234.46458307785593,66.81068841918396
18,8,12.097563463777222,263.1574476747363,100.23233241942296
18,9,14.483939271514668,149.4647355911061,46.08189016059301
18,10,18.611194115979465,216.8633682422322,35.03926330571602
18,11,5.582031605089749,240.95571622493708,15.805727898176954
19,1,18.993567966840146,318.6081527810609,62.223925086913795
19,2,16.335465838516832,179.84283977299063,46.98347276375202
19,3,21.612582124020957,45.336854022437194,88.71782052563758
19,4,9.224459670185569,156.27658681199722,27.88416265225149
19,5,11.075718143949317,193.47058002430006,33.41190453092131
19,6,5.081395784183444,85.79956786764029,21.047850225933193
19,7,6.4139339761731975,222.6846608250263,128.52343538726018
19,8,5.688306645406068,46.44037193792448,21.420156347876084
20,1,11.073413373214803,225.2312609345748,87.92087393419142
20,2,13.569327290306905,277.4719220573296,46.1923019232798
20,3,9.469853720552175,86.72771934102069,69.45493017205531
20,4,13.244881009990499,307.5746791540704,30.475821177866184
20,5,15.81094079565024,370.0002182221905,1.4416752689495809
20,6,7.921891944498157,376.25353729412575,24.01777200588458
20,7,13.701337690283381,201.28640030036468,63.235172856940345
21,1,10.345297160563906,308.3670477831469,35.3887656718446
21,2,26.715773938673124,227.01065565439723,39.082667190979485
21,3,4.150176964859747,364.58302874096574,84.68749651310955
21,4,6.518519400101347,286.4677017683634,10.34223872851426
21,5,11.294794025512093,267.91345281150416,118.29319238236891
21,6,4.604268380899174,8.247105679651355,14.182881562998332
21,7,0.6440204977955606,400.49860366384746,111.94557180096146
21,8,12.241516045641802,383.1942418527722,55.358335223209416
21,9,9.334218466094638,150.04435714193573,37.58436034489738
21,10,0.8346108941632195,239.63821454110087,48.38664359143825
21,11,15.21752506854513,214.02852446579146,43.491851937236326
21,12,3.9016487899465853,210.8229855232642,79.52948923264648
22,1,0.9793289625694772,29.4648787106521,57.04317155725519
22,2,17.229430267908967,465.46656989380443,55.12874914373179
22,3,1.7592937675379297,241.7727620817118,16.991413065593875
22,4,12.745341348361864,58.77881713916756,33.5828094867925
22,5,19.217989617339292,166.03749029821074,51.98641335266326
22,6,16.97690961967665,481.8270063997182,78.80322608595827
22,7,10.72101131342528,269.430931416986,38.208678268534506
22,8,10.252800649427476,221.7295456788776,18.534989727874667
22,9,10.148215108145138,255.06527787558952,70.680675903022
22,10,13.061266477005201,0.8537827111561,99.17035770398627
23,1,2.973051910783803,325.2124583964953,3.1398236732152895
23,2,1.3158449061148598,204.26951726287325,50.86917963958891
23,3,9.826228229284773,373.93944340632464,35.56456497723404
23,4,8.978437947206888,399.1423177407958,138.36735866754714
23,5,7.458650954179942,14.94236254256316,101.62192903071832
23,6,16.056095850841835,126.65115656322871,25.370501671631747
23,7,4.978254854383979,148.312019639805,62.642725696065234
23,8,6.037897920842599,134.06295866566393,75.65116077642303
24,1,6.644998073749273,21.120765314774076,34.42996305732146
24,2,26.67011771373278,121.6731255641676,24.733663958698
24,3,22.549487790295473,387.3459570604284,27.17497326874874
24,4,11.425165678547142,269.4406107041614,55.35354327229069
24,5,22.49115146726423,250.96313081869297,95.4206516385215
25,1,11.271191383669308,160.98463252602545,2.0337189449199116
25,2,0.34096494992487436,51.59369020887257,57.85115690142423
25,3,8.359419094942801,204.89819043414076,28.51761836775268
25,4,2.22883198894126,292.15038269411787,48.52255599385006
25,5,4.388831025723846,317.9735239952587,13.966462931878532
26,1,16.27085404647777,270.7228328040844,69.49265932875647
26,2,7.472236165474379,248.11397871742096,16.4064851687844
26,3,14.718972545054598,124.9095493005019,5.139617587985043
26,4,10.264736050824595,86.9674246517032,108.97480287984028
27,1,7.908259376795571,146.2633433138738,27.909549915495656
27,2,2.3199944525983014,543.786690022803,124.69848016645403
27,3,1.8655392582060184,437.3175126955351,34.02138038108588
27,4,10.904312313321974,190.50890601546263,23.610054349841366
27,5,16.886966405243026,218.88297958649866,30.937943071230343
27,6,0.8678738933966912,65.96074794213195,15.65520462408388
27,7,10.085564838906187,20.500161157340614,39.37757949925835
27,8,19.590712975272595,379.89493593823784,48.70892423589529
27,9,9.39040691699795,481.9811824131512,70.83024481434845
27,10,7.70535478086434,13.9027175680678,65.75492872658972
28,1,9.069340562532133,441.865795418439,46.48530176281661
28,2,8.529378301249873,334.4116384242934,26.06940333788561
28,3,18.420504604974276,331.33368791547196,123.21332781233347
28,4,5.167598697059606,405.04619693036204,72.16368428015706
28,5,0.722435314274847,189.4264636666984,18.07892471618682
28,6,12.046434651420268,265.6021898911711,47.6367573885974
28,7,9.649094438538771,181.1009749849715,91.24868534953428
28,8,0.054027887981501266,240.24347863014174,17.089948965478342
28,9,3.654212544597959,376.43458458602544,10.669476923202296
29,1,9.023372362700968,493.7747602818492,83.52307872326699
29,2,6.815207809277353,144.14404123911785,0.9118840536682811
29,3,19.104516695862365,351.70277118816017,77.46409095479125
29,4,15.57783061366397,83.82130859038644,11.916497709434026
29,5,13.923782977126663,333.2836810432092,114.28186732507851
29,6,8.593768556085998,147.98730821295212,40.42959181322177
29,7,14.695206778030215,157.68660759871304,47.9104365294664
29,8,15.817370238672677,106.12457671493961,105.64615941687053
30,1,14.431623051286033,173.52313503777947,28.150879244520354
30,2,16.427744776107218,128.10676441427822,90.35114710080055
30,3,1.057307612478521,261.8066243221475,17.981556658227504
30,4,11.40983406593649,314.9910041863034,71.37604005175541
30,5,10.485574831210648,6.768865931833432,79.21376722207063
30,6,17.220013065969198,43.550446376518636,14.158831427760006
30,7,17.51490150623038,168.73376561461006,15.195466503776736
30,8,11.90788089463491,104.22134180683723,56.441685256239246
30,9,7.107553304075564,150.87337698791833,94.41589535429807
30,10,7.279672760875048,283.21261316528665,87.81803113065975
31,1,5.646041011756413,343.5957233890297,45.756374586343185
31,2,18.633842534468688,198.84665064179458,34.48496872550122
31,3,19.142505427101405,126.26570914716049,6.509030356022251
31,4,6.3820718177832,292.85494198827985,105.68155006348366
31,5,10.777905627075585,397.7295600851038,4.326996859103744
31,6,6.897155746274679,156.71373242688483,45.417622901099215
31,7,10.588660717751376,303.63664360882893,32.20772647318039
31,8,10.97320080867188,193.23156645139224,12.964403844354003
32,1,9.204333176429952,474.7332600912542,40.14152832326038
32,2,3.1768116959984853,176.9815475150272,70.59204919583694
32,3,11.802356699342294,379.13475417075676,76.603593531028
32,4,2.276133723230638,126.00224740388373,5.2333647990130245
32,5,18.012755419411313,98.78308979071011,1.3332932248924934
33,1,4.539838976417117,164.70891350413416,135.83299700305955
33,2,0.8145514550738042,97.294672860807,9.967248078307932
33,3,16.2885169784289,368.7165079978719,29.496448120859647
33,4,14.782486828007482,408.5382991267984,121.49385657719301
33,5,8.275653031741063,145.220757650498,17.164843103612533
33,6,7.0123706354531965,161.1591805132414,42.48562395965122
33,7,17.832262185514686,391.1642640031372,43.13305384300867
34,1,17.68939413236273,140.04838576659392,17.502812355833896
34,2,8.774772231945665,319.58136793959085,30.40618858182036
34,3,12.202042831888281,310.90190573406323,25.709797968248512
34,4,5.850725298966282,405.3993353300316,46.82445440888372
34,5,13.563971551923123,275.2341638538836,2.080495756880879
34,6,4.673868866796035,256.302104531003,32.69259546894574
34,7,8.520916680731027,70.20741914108262,94.42024567906614
34,8,12.422808172084643,378.68694460860155,48.435014657865885
35,1,9.202775650630842,602.6984508583978,82.28678063172889
35,2,2.5366801784425217,595.8963303743269,33.800802599909076
35,3,12.248064001237992,340.93960578077986,11.518157082900032
35,4,4.208712388456307,447.2247236856035,41.006853466544186
35,5,16.990690817326104,131.97973390304819,46.19761578052633
35,6,22.496798062535504,265.6268363447034,36.20608932276005
35,7,5.216455774380066,111.21869113801951,99.66240122948363
35,8,15.358488160472442,27.69850518896132,53.48714227482813
35,9,9.53228469735796,247.4139154352441,25.8571552343452
35,10,17.684639281545966,199.79910840709624,64.93746070341638
35,11,4.50716843119979,89.85302934941568,156.30044437067602
35,12,22.600559666986783,189.54782556756322,111.32015802907759
36,1,18.48916259983701,84.95054212883218,44.86946078064677
36,2,0.3166145611987279,335.25930457104107,81.36585665413995
36,3,3.7138094157287913,85.09321963994002,31.54931798006771
36,4,5.769553763119374,250.3952260160865,39.08621814639477
36,5,16.791225577975013,35.23861730561711,25.235082070002733
36,6,0.5456768062738071,49.356415475862036,2.720720157271245
36,7,16.97181575192512,95.26072268729115,54.96702738978454
36,8,7.334656172967369,9.580210098078055,43.26798307313429
36,9,14.193723323045162,18.836091118497166,82.36451162925515
36,10,4.051953549656126,127.55241108907389,71.22732492040191
36,11,5.355946899463584,205.63622890037985,37.4123668484763
36,12,10.905576046926729,157.1108658285246,23.187272608323312
37,1,14.311769042327867,291.97610028373515,65.41877903392974
37,2,8.009969226126632,313.0106556318778,32.55540187017965
37,3,15.278434890617866,235.66417468923393,10.162080368670708
37,4,0.03326749866479162,218.1990924118441,106.28952547071054
37,5,8.403347376020761,72.09724756507406,57.65153040545011
37,6,22.746102670864317,264.69497195955745,71.57607952837631
37,7,18.559590451793895,270.8836099075734,18.76121171359383
38,1,18.729514263497254,330.20978636172,126.24522945495943
38,2,6.616774486402052,409.4831734621273,3.36580927938315
38,3,9.225544505070946,130.21294210485928,74.09781651637635
38,4,14.047930587704865,64.90706101580429,76.32768695937666
39,1,17.457633905817218,161.29317265832577,100.74332942589876
39,2,13.439889294488689,16.516965490710504,106.98510928308974
39,3,20.858716864994108,332.3429738898824,19.536485398551203
39,4,7.8579023194981374,221.81408261086392,21.851584026742668
39,5,21.846426007242435,221.64897075890553,58.133921884294296
39,6,12.375490689293542,147.77639047740303,47.00293775526208
40,1,16.268678761918817,61.05517384217279,42.10529571962043
40,2,18.170463585530108,275.1756896733002,50.443808812783175
40,3,6.856247718194794,230.3338811887947,73.0899348950212
40,4,5.373739641096719,255.7604042018071,93.13722976794843
40,5,8.442653066900991,210.21842752109777,69.35115336011111
40,6,13.859339512628207,331.76803594976593,9.425001760722004
40,7,6.297542483302829,126.21819619255193,13.843513393492927
40,8,2.588897449504703,288.1718411946562,97.81810847011921
40,9,0.8772510311327988,434.9763690058862,79.5763795446585
40,10,7.160181341356227,292.46331572221004,67.00532986854886
41,1,12.78177916421464,87.88165190626816,38.7799178635353
41,2,0.17993689954501768,183.7791514412875,94.48402476885354
41,3,14.797030592976775,410.3013988878683,37.884590248040276
41,4,19.422698561599802,171.0043660328045,108.86340330279576
41,5,9.847002767905135,306.0847060706415,109.00449457239422
41,6,8.64600659993156,232.75834813162612,101.55453700825208
42,1,13.642662905472351,189.2448807238761,48.43667548256369
42,2,18.878645677261115,295.44776675909765,70.04679738110184
42,3,15.429525449556198,154.91145879670734,136.92662656572082
42,4,6.152720628327383,418.6881536178172,86.08430074972438
42,5,11.738017760855978,212.00434364031673,43.77786811451575
42,6,17.72410511574386,194.0203289000174,20.884610419076512
42,7,16.313880197251773,437.7149351089787,27.086764923150128
42,8,26.49964281539224,44.490305370553784,11.588068939385892
42,9,1.28577196355171,200.12735786969378,1.188731398745361
43,1,1.8921795530437997,336.8930483810661,66.86867732012388
43,2,9.582419816054658,55.24987874311245,17.611006569308643
43,3,11.314602366297654,81.92388950195054,58.134378399950705
43,4,14.772203861705993,344.3754328700153,0.9528256874926626
43,5,25.376522384852677,315.1219016831196,49.93143385323744
43,6,17.626756081536485,554.811165799996,7.5488040422747815
43,7,8.423161502560525,156.76474898099923,57.70606130592099
43,8,12.557759693475985,194.1256826835861,23.818657160067605
43,9,4.346601613318278,256.0300525117653,108.21737935661301
43,10,5.862870809865976,266.00898935347175,12.725772536802026
44,1,13.200491445847597,94.0807081720842,35.938524950055815
44,2,8.067922567984635,149.13824395597277,23.147030789260707
44,3,10.945372160685585,152.83778249498374,13.822689848889098
44,4,10.240672755805546,182.48540033276353,13.185098102207036
44,5,5.860889873124234,289.5608841517038,4.542002453571818
44,6,1.3047465119005448,151.2674567012392,74.91729079247855
44,7,22.67229313505887,298.84030322805256,93.39310960624432
44,8,12.426883399511645,97.23260305359045,76.0684430638765
44,9,9.400743657503153,256.55507567420193,12.158806945961558
44,10,13.265120605878643,181.92377048511554,59.25030988736334
44,11,9.404487776224075,158.4195326987476,69.38763118473634
44,12,7.157362097759053,38.30321955663845,24.95880302729782
45,1,11.290915985988844,239.12384009515847,69.22983310225167
45,2,11.796210347001338,501.99431103917766,28.881404632874474
45,3,13.026053408837942,165.8460176226888,48.45888454300963
45,4,8.645690239920885,59.52544161221891,47.32710164638345
45,5,9.815182350678066,257.80368319090064,28.792824987353235
45,6,7.1643495898414145,305.10404792149234,17.637658820755092
45,7,2.8691709349650445,223.5547035389722,92.83394990272978
45,8,14.824263329528204,226.32262932954552,100.02581373395111
46,1,17.574120674154415,164.32894438610904,68.65725149649268
46,2,13.64482647495868,38.07007217509414,89.88237425814566
46,3,17.891450625488396,30.52252141721604,17.046525214353835
46,4,18.337634782023343,177.97197181170486,38.791117898074035
46,5,0.2022294668711968,162.5945562241278,3.478293988615924
46,6,7.10603360554491,204.85943205253682,108.49018416138915
46,7,7.966822586405477,360.8812699359138,107.15040648147081
46,8,20.04016768546453,242.71318900783524,28.531565913558964
47,1,13.225774057827056,355.8664651274678,71.20372476350506
47,2,1.9329183900766829,347.2587011314453,70.24138889848155
47,3,13.697842806212607,114.42889641041468,42.50783280820439
47,4,3.809050697379819,330.0480008801938,10.042919547947385
47,5,3.9055967823423927,67.3788058460425,122.01604467615276
47,6,5.3190715466639915,341.33904103155845,49.04031580468873
48,1,4.196232005951646,56.59050316547712,34.276391971941536
48,2,0.9759178589218731,23.869340500898915,9.947413832081324
48,3,3.544677661978608,56.80728470749099,70.72875801781646
48,4,6.456676572402647,173.07281376912798,85.7693109800374
48,5,4.635742326530016,160.31811519429166,64.63039944371663
48,6,3.5909746043415485,157.73582634258736,63.84469315190891
48,7,13.44409996396829,509.6330202278616,56.3237950346724
49,1,13.093289448991886,100.64012844332363,116.70736825228556
49,2,17.61366362270211,172.54634252884333,26.16126778927069
49,3,21.560111226600714,197.14793932108182,53.40148230641628
49,4,10.507196179880944,545.4656706823971,41.339389435718424
49,5,9.834506162408282,75.3406005501711,34.42002230945441
50,1,2.780254639994512,162.54587412998092,35.26200498535889
50,2,10.074453878440767,0.40043386523919366,10.965876281840607
50,3,14.999655378857497,136.66851115733004,78.25939042325825
50,4,17.827281120054955,379.79639134931955,14.840331383053552
50,5,5.115194982222714,280.63779605657083,72.12006687614608
50,6,25.746063089374033,63.85797001503775,96.72673605816391
50,7,12.605922270269781,46.0353799995205,28.087390530936204
50,8,11.837696086263275,55.655006244439846,32.956240198865856
50,9,2.328698050456504,238.87004826265084,30.6133096506624
51,1,7.370564374978619,4.27746643505759,67.66650256744242
51,2,0.036110173671598744,74.38914120267631,34.27556458504324
51,3,0.03229321461675205,226.77937545807168,28.581441524116983
51,4,0.3680200723520102,199.6446625800788,28.255724156277896
51,5,23.944256451715162,475.0844819036563,15.283101489953857
51,6,13.899963328824374,312.3923835319177,26.100845679023866
51,7,0.46879075548742755,198.15523260379135,43.08617300743556
52,1,6.949648521205665,36.650677069167074,61.63838518631582
52,2,15.791754047123106,168.95487597651544,39.718932829871164
52,3,16.518932000020456,84.19008289591038,119.08118264416468
52,4,0.5830910674517593,357.2744497233191,71.56671376612229
52,5,26.87084365676634,31.82460194268384,43.36091434403883
52,6,18.74612457106774,20.700026097967708,74.63105968552352
52,7,18.2750575643908,256.9641147076629,59.28723546008774
52,8,12.806580243648613,325.6132840057017,73.4827393905207
52,9,1.4839133524619115,473.7499582773775,52.044321395076075
52,10,13.628391105356531,306.6483526290294,96.23711207525142
52,11,17.364747757322448,219.76052396712385,52.698659383391615
52,12,12.860276880782276,365.00915089302,5.495132606684628
53,1,14.508667955693719,75.09932704715841,27.80002447543159
53,2,3.9704586293531623,326.8087074917109,37.916537822960436
53,3,3.822077119881296,192.87538318177053,58.40984880009172
53,4,21.842843862672083,431.7856569145529,14.029486237781697
53,5,3.3563355839870574,203.74568935564986,23.07259054147648
53,6,1.6558156061177005,202.41813461909817,59.22789273337738
53,7,4.127220922490757,106.3872882443759,19.518338904494016
53,8,7.1195613114510365,281.2166149084606,6.883765553936527
53,9,5.515205045516793,140.10767853717473,49.7299037937944
53,10,11.931891450387306,506.33867607661875,72.88502870433561
53,11,14.171519429274165,160.00804800806947,10.805368172102703
53,12,6.302501896051524,93.45012646776625,65.68922702218265
54,1,1.5589699653661313,50.338838204480055,100.81789134634471
54,2,7.694217428863881,113.21393084391977,23.39827105709095
54,3,18.4993338884141,114.05390100976628,89.61851030700376
54,4,8.387144627133717,18.742950345961475,36.700332247203974
54,5,9.770448058864416,182.7243810842976,44.40065188495459
54,6,7.746385397797267,82.24850604460565,50.42950255096774
54,7,13.78663894509548,19.38936408995687,101.96248872208827
54,8,15.876353339825364,211.28728621495236,68.643477418937
54,9,5.776530330734832,118.87521564558716,46.1310359963181
55,1,7.9910546994630085,372.5730575050028,39.99055337371702
55,2,7.7754685026138235,365.8571863764939,37.45743548117741
55,3,19.04437542558986,7.304060691838288,77.11415899364121
55,4,21.524304453868197,351.178534618237,24.690942065410994
55,5,5.531877309983813,163.70727130133253,90.39821986828323
55,6,0.6786731865199496,47.15949944110281,14.206057207199692
55,7,4.219398249385302,12.259001454153065,113.91623440785634
55,8,5.468359105464236,303.63879381950125,50.71878028875481
55,9,10.027728966472113,111.28342706908411,80.80089948522831
56,1,11.080409628496387,1.5953472655174608,10.507572980448117
56,2,8.643768893969824,203.53643666457668,52.077195092181256
56,3,0.48473335322292677,206.27416557552317,21.305172205182295
57,1,10.859095307094753,197.7950796306497,123.7123023324625
57,2,0.44959624588987523,183.50406888747773,12.015876519829064
57,3,14.445070395570621,125.84757767328009,73.2037494079899
57,4,13.556356989041797,317.05583929851116,70.98075170087824
57,5,8.431724243014884,9.647906015348013,90.36339764053054
57,6,19.863191972656097,59.31975330625937,79.4350944645075
57,7,1.8074607669008955,230.5148262142846,66.37681944833322
57,8,7.016461583367281,214.26071553396145,83.92812685988862
57,9,9.234084463242926,98.72937431597032,1.0488314891064476
58,1,7.2646494362191305,247.62926417052373,38.152472015309485
58,2,15.49661686295719,41.15762998310109,23.524091352528075
58,3,10.029395641304603,206.4092195758934,77.76145621906888
58,4,3.5978799372451915,129.7984572495501,70.29398643521479
59,1,5.3899251754990765,0.04910840173596398,37.39908206859948
59,2,20.44861871555003,298.9742446596722,67.87889091883466
59,3,16.936715205871405,470.6817676418754,50.741362792734876
59,4,7.149676970445827,348.2807616460898,42.5018745620196
59,5,3.5038693938673964,118.99006205191358,62.493183282335245
59,6,6.852829383123833,143.75371288581294,8.907367414191839
59,7,20.047565613419685,148.60599204687932,21.53956117539041
59,8,5.764140353760706,320.3788962443217,72.9279431401265
59,9,6.487017070999892,204.846955696313,61.0681769540994
59,10,5.0714351524607615,31.093418108498952,70.60149677724978
60,1,5.458860852012073,9.267721866157416,3.8766267304087094
60,2,16.77456128302398,259.84882362525434,92.00196166213706
60,3,12.272607648517628,221.44859522138248,19.040424746670666
60,4,8.10743312267181,195.89235193943838,128.12428793090297
60,5,14.80869642469074,430.4091772564293,73.90150823578912
60,6,5.020877411353645,217.5686324224777,59.448945850569324
60,7,3.425911011605228,142.3418935110618,41.76932025291312
60,8,21.239338827955827,112.11107880864677,98.23273682864172
61,1,3.4424333552843205,7.74448593146775,20.277676002759485
61,2,15.388857752845151,309.5989104120992,138.73760141212153
61,3,3.840824561853628,418.88267592079865,13.44344220945721
61,4,13.502246527191101,333.8513662339226,69.75600371465731
61,5,16.378444086579478,407.68545365740795,93.83527013894968
61,6,24.37337167054374,344.77659252588353,28.511795945899422
61,7,18.673077940906943,110.90505791668768,53.29671699783914
61,8,15.822482913808653,267.21212362200646,104.04527967400654
61,9,27.42072287087138,29.395408707290045,36.866555247612496
62,1,1.6348029948600846,292.94946772436367,22.001386558378663
62,2,8.433378642643259,11.297013310049408,85.16553296158159
62,3,9.692524069314146,363.11803260412483,57.00980776130243
62,4,3.521367840238126,364.48141939628215,30.520025292387217
62,5,3.089318780414885,62.419597980254565,13.845778321906543
62,6,19.772149557670375,174.3265419874454,99.89541167898652
62,7,6.02457764989833,247.6469553515953,68.96169246048825
63,1,14.872457919539345,75.56329557217936,18.687299432283012
63,2,22.501300325965357,64.34419270956008,173.793164819538
63,3,2.6408802486411638,225.5071107480681,49.0642505098913
63,4,8.5426296270453,269.4443541058674,70.8258569891627
63,5,8.826387121596271,47.873908425909406,91.91041456965519
63,6,14.396368641579855,217.18755359241115,73.85469929669438
63,7,15.382590150637913,85.74019347780201,72.42721493927225
63,8,6.128749921371602,320.30500348802,42.30401654307076
63,9,14.28203701577204,134.9307050435716,76.54809743750691
63,10,3.1486153961879406,205.42533197951934,89.22530060439735
63,11,13.270432600721476,228.8043100173817,122.14245358602558
63,12,17.165458079422454,328.3309923879691,76.32111115666021
64,1,15.47887810572665,312.79812141812016,106.20577569008107
64,2,12.426947063603434,260.8708182917811,45.31235794381826
64,3,6.893578650936131,346.3007271656553,60.58362498325665
64,4,9.079053081406235,46.60625211928965,112.20462150832476
64,5,10.78837804242799,15.991613417217337,53.25689863298093
64,6,8.593556935396066,163.70803997822773,73.05039207885463
64,7,8.60322334998835,154.17514218792616,104.49618947755435
64,8,2.1769688268338694,192.2926538158585,87.15407442635254
64,9,14.388527142247268,353.0072889914927,130.86287519536015
64,10,21.892662207243944,26.6697929175688,14.428136644299855
64,11,12.287966846889608,3.117652233643099,27.058772807803052
64,12,12.213700005031104,285.056798822785,118.44562582196053
65,1,15.379017489932963,221.22981982245494,116.94107366870371
65,2,16.136812331125697,89.9685255353978,129.20300933776076
65,3,14.496559144351247,167.94848466952075,30.832703383437888
65,4,0.3569653395473331,455.0202365599906,119.58661007881803
65,5,10.596988481132682,65.53662639632296,6.520989853975763
65,6,1.3663784643470454,49.0166889870641,131.07209475747624
65,7,24.419425358901318,31.872926965164538,49.65060096409603
65,8,1.006426880477381,197.714293024987,115.57215533476385
65,9,17.551033355621108,321.2994148245931,42.23281050948542
66,1,8.631258404628042,276.33641564460373,49.25460645307568
66,2,0.625114175109271,241.37187021469626,20.486626017314777
66,3,3.813022048656979,145.41300018814977,32.67186371241422
66,4,1.53188862354218,405.6739330307288,115.92011160226798
67,1,14.892671502021948,105.64432081945836,45.29380273591344
67,2,10.10519425200968,87.60233290154486,8.845056214940719
67,3,12.353945224732938,89.44559582709543,92.26899645121674
67,4,16.76764972975381,307.87529995331556,122.7908714925039
67,5,9.418374705797719,297.33228888557585,26.623960936158756
67,6,27.166589390081064,497.5450478654029,50.475217380711676
67,7,12.706103609336346,403.89463990472086,44.11441980743572
68,1,5.403631504402067,331.0984626510324,53.1375698433468
68,2,11.280961147516823,74.85929853980518,18.706885934535848
68,3,11.652996869153707,335.74430622412996,40.96773003695833
68,4,20.05500663691207,94.41255118766833,7.811821801363202
68,5,9.529387849627081,187.61111369730642,80.7987492534089
68,6,4.5752602315521065,405.2141355222347,128.67667850033013
68,7,9.725991811221608,387.4565630276478,7.740117174989592
68,8,17.52655078827341,357.0914612839194,84.53749120759514
69,1,9.891058377907942,106.1125973473097,10.869802477580905
69,2,10.855701031829463,137.1554831718148,17.01551960939912
69,3,2.588398962265262,92.6730521772157,94.85996847399713
69,4,5.372824617607541,122.75919403500913,31.732095399070147
69,5,12.372954596665938,268.4374232792799,71.78626156972648
69,6,17.151446496793255,415.4552051365631,7.9925385055332185
69,7,3.1939122868561567,132.46199183325928,19.75983922173581
70,1,17.885431231502654,316.04559998836123,3.3993963110186414
70,2,16.086203407933752,396.31676581465035,52.153231548546856
70,3,12.983968264757248,351.7227778364313,22.171344153503924
70,4,26.307184632350364,383.4616967969799,70.96112588813847
70,5,9.758445090707019,274.2166166920621,12.411299946577799
70,6,24.574614375367332,369.3337360163524,108.56054387209022
70,7,10.215300145785847,145.95662058805584,23.027711865988962
70,8,15.695022261927644,123.11793805155936,42.505722672611725
70,9,13.824793886726749,101.10075247454918,91.7578705593276
70,10,9.875812454771019,26.2178977443958,23.19989284926688
70,11,19.15729814979185,59.449622995642585,85.76309948950475
70,12,10.851714056862006,174.24495474063292,150.50376603133097
71,1,8.935557028371251,270.81325259459487,76.00076424472678
71,2,0.20717437921753223,244.35884394061253,49.9727436222722
71,3,4.473368126227809,189.52844147334696,3.3870067254909912
72,1,0.5764941091157887,459.1945753072648,31.22614134293155
72,2,0.9989518790419964,124.17653668332333,58.354141701373266
72,3,10.407489089595396,140.98431555881743,26.367898359089722
73,1,14.840733678544957,252.34476950576416,42.8709305723318
73,2,6.1297498999430555,291.0221004630031,7.9626203168395975
73,3,7.522802270639823,314.99805659289757,10.445548533792241
73,4,1.7550061086415774,24.074217436626924,63.3794084644605
73,5,6.101010297959684,331.70729396946723,54.84073540938459
73,6,23.16374302556628,14.377670262597775,63.27086820436393
74,1,11.480953832359736,495.131111929379,38.198905915433706
74,2,18.446111938629464,107.05453641253035,14.74741350709025
74,3,32.934795415791,281.00362954838647,72.70053845158453
74,4,14.166594402839415,411.0949559801883,66.31240058471016
74,5,15.713553107900346,41.21475826152161,89.35694148977808
74,6,8.342676093737213,300.7613723287809,18.604798187787836
74,7,14.411257146555794,136.28445321622434,38.96338118255292
74,8,1.9388611362972377,294.9555089375789,52.770795247035004
74,9,4.604488178718064,415.16120675522416,14.133340226664735
74,10,11.218356827430622,277.0452550797728,20.663948776557973
74,11,3.9449324989241026,122.39801405910826,6.959753987840472
74,12,6.543906897592455,10.792283088233432,56.49532740532187
75,1,11.779441260969673,121.90273764975957,75.26814830938285
75,2,7.829308446362233,386.93100084011485,76.09178799158613
75,3,11.355097378681936,168.84841000401366,10.76038901314491
75,4,19.89484583271745,97.88343823740507,53.629285376088774
75,5,12.406630264751175,172.4732660632911,104.1840421743211
75,6,1.4504035781387739,460.0902210481006,76.86230230033266
75,7,8.275055892158715,164.71550091030673,38.67286015615366
75,8,4.062370608823291,146.91443674804353,57.04419904123631
76,1,10.250439853978495,174.272133285654,6.852447961977681
76,2,11.294683615263033,258.81603252491294,31.292958726814888
76,3,7.646654149273624,290.073056414392,29.005530626535517
76,4,4.084973048265952,232.01523447985687,28.930450920395344
76,5,6.212796553893838,335.2538819294253,24.667028718492723
76,6,23.854247757796763,63.17688668333773,38.47975332888274
77,1,10.186003743830145,334.0388060947192,28.361843860810687
77,2,5.1466210094432,305.72923222936424,63.94282977180292
77,3,7.478062071861169,293.3797015905791,83.07773841860784
78,1,0.5840441844310345,540.5741840391831,52.15326207469798
78,2,17.348678676406905,47.38403655669981,64.44209367744133
78,3,7.482697017039072,479.99376179401236,113.94763377652524
78,4,25.955917157959533,95.6766066353888,51.419928296237664
78,5,12.626168470268428,101.52985455111735,55.242207989096116
79,1,16.46705511174922,421.92908052777767,44.63498483819373
79,2,0.4474592829143358,235.76977104856917,121.39529596129405
79,3,1.3592388372576032,56.81065260666034,74.43857376986573
79,4,11.075193946779164,118.24704076027982,58.804554932058096
80,1,17.111560564944895,139.4930381046976,9.407446507997285
80,2,4.346321399687767,389.12742799989644,74.66655905884473
80,3,10.615814829904183,133.95880447237948,28.84006343187492
80,4,2.469843460908721,135.28165331601727,34.80348860480697
81,1,9.18547321866193,124.93827346857287,1.8804198706585211
81,2,5.4622218996030245,49.29236671978509,100.57663447407518
81,3,13.051949411449378,171.26970158937,79.19147186229557
81,4,0.9848179142900655,208.5125077333433,21.454204973597683
82,1,18.286733409575437,246.32789731807298,58.335292500784846
82,2,6.72829747293177,139.4720186132716,75.49165820055958
82,3,18.078953655696164,28.842689244737443,49.61205351269567
82,4,16.941530178901985,146.0751835031873,97.72414693329071
83,1,0.728787796466138,30.711399035444828,88.8977599167204
83,2,16.10951190128727,254.45064272091153,18.843100838418778
83,3,7.49117497140978,16.250016700992404,97.06133015151062
83,4,5.913945065061791,37.137843382767585,51.19184660485698
83,5,5.518918802157717,422.56158653055604,20.607564098632366
83,6,0.20540218542758204,122.93702736362735,48.76853990346339
83,7,6.066489202994516,14.335690976759025,97.56905845023141
83,8,14.670716032004695,195.76731815941554,104.57304976683466
83,9,14.637752233790291,76.57161477223515,8.431193440369356
84,1,15.72587081117703,263.19796913486545,82.31093725167133
84,2,10.810823643066952,234.2906218367631,40.007873826587236
84,3,0.6425035924142417,173.8453819621767,22.91544216477864
84,4,5.282550356358711,415.0751733740235,88.06229510922
84,5,1.8544936358455093,37.268183558549026,35.45751821789726
84,6,5.515574389048264,247.6127410255687,0.256596887711936
84,7,16.709723729090307,193.39916825872612,36.37951821155292
84,8,9.899763900989589,137.37378897274527,31.22570282904414
84,9,10.083481865400334,151.88804170481626,11.82171949388988
85,1,18.32505154802135,155.18454161524124,93.74761755397245
85,2,31.654006714696337,195.65790277831812,74.56768624967941
85,3,13.338038094174399,233.7655488761118,81.51584096635584
85,4,8.263334776891359,100.61838495881865,11.052910857220326
85,5,7.600690548392199,335.2151247703051,12.408115552274744
85,6,11.726745275729302,181.5335204703604,25.17127507829609
85,7,2.971282308272867,404.428204868118,70.68762121533514
86,1,28.65701479396482,35.358352658640996,35.534875625098174
86,2,20.048996952145366,74.26088212629446,32.735028617241284
86,3,10.625766952521293,133.61160608387658,50.30911572702738
86,4,16.617182398651057,117.11459808217214,24.92023323722482
86,5,24.31137090039961,50.415756884183594,7.6385151195161
87,1,12.182905424223305,85.67872888451352,93.83774333831786
87,2,4.805042102256669,221.4993634004988,45.80172139563106
87,3,2.8972338850287382,209.07364928173632,2.4772861953631633
87,4,6.894721412577786,204.5411231742958,7.093527562934284
87,5,14.364511486443657,239.0562002764192,71.28003105154899
88,1,10.017283532980374,199.98952178688063,94.8670527725748
88,2,7.3954556750922,128.95403743809663,10.78906015940688
88,3,22.950331310354912,189.5262764351593,3.0383016151401847
89,1,5.09097300445915,68.62777630305601,71.31132837290497
89,2,4.361313222426356,167.73292997442653,111.69106510645207
89,3,16.960460638707964,335.3407099915179,30.005102783565928
89,4,13.801225955027567,164.9153299319609,42.156271572922485
89,5,12.867797406225847,110.45096173686014,109.72012417772814
89,6,8.87908902281444,292.75408493894975,108.22401917029192
89,7,17.221576422026224,11.337865403578718,67.79583580039537
89,8,15.95503576122453,333.7794533241123,5.468206635414752
90,1,18.091958117325788,407.3578760555803,3.5914411377143622
90,2,18.724879107320273,257.6062963513314,107.10492149230306
90,3,13.799118151810674,225.95233442714567,100.39940937848874
90,4,15.963296067290216,362.26483981595493,30.47810397396849
90,5,8.79313438203865,60.07203883699964,27.5950372373362
90,6,15.532754770472785,284.6281726397582,10.818715602787748
90,7,18.97641794164565,645.9612928055427,13.891021816854241
90,8,8.558827385692904,106.76068616728614,46.204569752276996
91,1,8.394370188446715,222.48006370816665,50.437320529727586
91,2,0.3701288575695383,148.30080710569723,50.4946038054613
91,3,10.721852838756393,59.57591629286355,80.14775598216043
91,4,10.906455570272664,41.692066798739944,121.96256936094612
92,1,15.27428973238216,92.33949439285925,48.65175621349904
92,2,13.310181946139174,103.72057159204599,20.576228830602062
92,3,2.5003017530282845,71.18502366905392,40.84690776573435
92,4,10.310097629766942,323.5551946065667,0.9097596534117187
92,5,14.748008094950226,144.36147332752978,21.421891955273907
92,6,10.095015615689434,397.44013272499524,85.32458206633932
93,1,2.8182462776345556,291.09335226525394,108.71401779989239
93,2,9.7881585968211,589.8234350111873,18.96247243472142
93,3,14.856764177013716,374.97925043315047,85.65375606420986
93,4,8.569509913480461,156.4337776983276,67.7658068434903
93,5,15.710281406564485,290.3710154423545,91.60231563173556
93,6,2.867910300532854,165.8343531314548,12.399362715049833
93,7,7.297210567397009,352.2831337721458,54.31935682900915
94,1,28.248014142048387,209.37885835172122,86.6556337616467
94,2,15.034817981099318,275.18801972904464,33.83013252383991
94,3,8.507431167649194,152.25661679752955,5.8696972775354865
94,4,16.32630334796087,103.79630396643233,83.4654299160525
94,5,19.304667745822606,168.5237392596697,47.02644224089275
94,6,16.77291464985337,85.45180198635019,76.43105907089826
94,7,3.575299566264971,17.383714157094943,61.839629065994785
94,8,9.813191130938248,58.15064667564701,106.6124380967849
94,9,7.096980731314495,276.6019879038579,114.20733005332602
95,1,3.811104999893878,344.62681600751375,78.8447808350341
95,2,12.23687870853914,121.58375776751545,70.11189178102309
95,3,17.339394115931853,52.12842552867906,89.05494691917934
95,4,16.516121583560707,243.9576636382333,28.48100487675549
95,5,16.548201553941432,276.2469434243785,9.361613472217307
95,6,7.4285093386222645,322.85824076310496,54.58322468403378
95,7,17.601880261117277,148.75299565274057,10.004188310075996
95,8,25.355218309270498,52.13426241197362,30.006416103933436
95,9,11.958236004899891,347.9125837216567,75.85797474169044
95,10,26.178813034600154,182.36023210128027,15.080669545978928
96,1,5.445403650646635,151.0028655217083,130.0970987057919
96,2,7.847000080189405,254.03390556161432,71.65285176033113
96,3,2.995594392617315,71.73567883861926,1.7591051436752423
97,1,3.7982048627155613,288.4254574815872,63.553613231327745
97,2,2.7944611700795363,436.2705981631867,22.533631633067266
97,3,6.418903563555913,391.0497581195657,18.28545579710726
97,4,15.344067269726335,376.1282247588982,69.14121256599614
98,1,0.11428126074981826,279.3775369425389,65.98324298982395
98,2,14.411082105277751,425.2228723360994,27.944786670938537
98,3,3.6593326372001584,317.4072703258255,25.334483785246334
99,1,10.199452043315604,207.3910995147973,45.75443960701339
99,2,18.520684517286014,27.192385779367555,12.240943248016748
99,3,3.4453293698846386,243.37424716099284,122.21374959513953
99,4,16.08358794053691,288.8664071336146,46.80532274861897
100,1,3.260675371481355,294.44564045383845,41.69662619427841
100,2,19.24921341962383,150.20083116798858,30.381602206858673
100,3,8.683745998793322,223.94908483218876,44.72089431872843
100,4,14.025754746928396,115.3417851941415,0.5361265018242563
100,5,3.0024578098004335,122.63489832056939,29.026055350065846
100,6,26.842856506022898,388.26581248746254,77.46836817394262
100,7,13.122087575099764,244.96583534032047,62.20002180838914
100,8,11.143002371560927,206.0178623654868,33.674563782034696
101,1,8.077493754435919,131.4172191021206,22.43552809112839
101,2,13.273830727012198,396.5908869220195,96.84407886678238
101,3,1.204042648381952,393.380457711031,37.27365993528284
101,4,14.205131106019142,64.06770019291835,55.679196554960214
101,5,12.19606228027835,22.69071878794793,74.33068665376757
101,6,19.421545054868204,173.8028081477558,104.40672523312051
101,7,8.672145545833148,327.4376796569926,38.74279863804398
101,8,26.931444455194246,424.31873678644354,38.61497982985284
101,9,3.804623186506726,243.2042552458234,7.757021882950276
101,10,13.113974762902416,261.7348578746423,12.343873239919006
102,1,12.490714346938974,282.9175784332894,39.906038468510154
102,2,5.521477763073268,210.1644402273453,6.5246118442022265
102,3,17.698139862311628,480.3021460922252,65.78775873800495
102,4,8.372930125296204,341.13514998704693,80.87716897434694
102,5,8.071214777262028,192.823464597537,25.61862643487615
102,6,11.15279377455179,244.83637100678726,18.794693829172168
102,7,2.4772656086047222,1.097688194890111,66.6613865044817
102,8,9.919622012659257,187.46387797177596,68.58103689377332
103,1,2.4901039478615505,62.60573694500323,143.78679581213723
103,2,14.952661095662728,186.6017534491515,37.4271235511799
103,3,9.373546148522923,21.54009009049514,71.37545222143771
104,1,4.28972527597943,60.66102763089043,29.83485305393345
104,2,9.489996178112614,483.3918193255994,59.52685224558513
104,3,4.114596770709625,233.09462064607447,35.91649010184476
104,4,12.273307676734792,287.08515305534223,98.36922588895752
104,5,9.829994530309818,445.84407913997495,86.32090650144765
105,1,8.727139156468525,179.20244417079383,8.892912988170316
105,2,8.856616842185325,550.2131910228477,39.89152560113659
105,3,13.6309136010955,342.58215979902684,42.743907554396166
105,4,7.1328678840134,270.8395821839259,40.34966524462399
105,5,7.677084490496149,340.9834841389194,47.22307652347799
105,6,18.49267886785318,186.2109967635317,2.687822334107615
105,7,13.980567469835563,75.72226702790351,16.6384186505705
105,8,11.86576551579528,54.30009601787921,28.965255042566355
105,9,9.083660180675437,37.7257899303718,68.52396551695861
106,1,13.067880530867802,313.28644984858585,42.122971096990604
106,2,8.462785340420984,48.78050648347252,48.9713214045159
106,3,5.1311729326697595,388.36492629028385,62.66443200069074
106,4,10.292256813574939,28.401649801494244,21.952853923054278
106,5,5.994936469542189,488.8439191192916,5.869971781186408
107,1,5.022385747027826,5.8927918521652884,15.344066967575202
107,2,11.767972432672883,152.58719875905865,79.62159672115556
107,3,9.73330292128227,163.95363977827475,130.12827797077375
107,4,11.559758437009515,187.92327237461384,15.862363197278277
107,5,1.768605390312608,315.5751527588152,78.42783991339437
107,6,21.001051172643,271.83673899542237,34.275886502418174
107,7,13.57707195139222,187.9549096694089,84.6154053629508
107,8,19.340322787964308,174.71654804243184,120.29238559258957
107,9,18.318430873350636,202.65265091466063,76.82973100231754
107,10,12.138478208861285,203.29909892064404,126.52580225892041
108,1,3.8299640634110315,213.54646988096525,96.57646962141081
108,2,16.479737303997084,205.15000828532533,35.50003988471726
108,3,16.63258336002897,301.204246671293,25.265399198234803
108,4,4.435744470988167,110.85327725439976,56.161273667343494
108,5,9.421115784871208,370.4287061963813,64.36220373921466
108,6,19.339604359208835,95.39536581257438,95.52601323870473
109,1,10.332321530634298,66.96144612418647,99.49000291891664
109,2,3.7359887535721397,35.71414566321195,51.17529410656007
109,3,7.168935032671806,237.852379052123,70.86017797610802
110,1,8.478985795661739,234.14189398175026,73.13143676846393
110,2,12.639313414765544,162.10336022149988,28.56826835708002
110,3,5.873064572280237,61.20930730669119,6.715228649018982
110,4,22.869247516037326,218.70652274690835,43.78794195566662
110,5,6.528809786789656,264.3318663996399,98.14655544224293
110,6,15.062851333790178,338.2383630967266,26.53884871264085
110,7,9.971095307516343,113.99328322115608,54.28125595212968
110,8,18.908137056407476,265.9105767355762,115.06857463984207
110,9,7.980334726849008,78.95584189744297,70.48513946777118
110,10,10.832008542559732,248.40533797470013,56.928806518659925
110,11,6.6089593865396665,229.36040716549996,88.93482143316683
110,12,17.53275395531368,126.57251012219423,59.24023726921939
111,1,20.339777580171113,326.5017850106943,14.776775803871907
111,2,5.656188151089316,329.07186816013945,23.315895009173527
111,3,8.540437857181221,44.80720113391325,122.79754269276664
111,4,13.644359356179912,161.690753494075,32.30499237871187
111,5,1.4014476379682943,183.48498631578863,76.60232324760184
111,6,4.331301319062863,215.83116819445735,35.304729014039175
111,7,19.66081150702849,104.49518540367038,81.08623497747323
111,8,19.75815817160357,143.43040943336467,26.45690209399024
112,1,16.45891622967239,258.26343414692974,77.28884323651319
112,2,4.211135802914624,224.1341306298593,14.8014259191036
112,3,13.582116749889355,96.70729271563107,81.55880500187683
112,4,2.6811427423449246,49.25361273501693,5.647347148538188
112,5,11.423476308834985,283.263454916238,61.22549467130748
112,6,6.437164301265076,219.26305989128792,51.54809179030253
113,1,15.516343590219487,12.972354235314612,55.961727916986796
113,2,16.708629932536404,83.25832283895758,28.730825367573175
113,3,7.763145503932875,426.4655967211279,98.47799741951002
113,4,5.936764559521899,268.3272507484785,74.54183652602268
114,1,20.432366850427663,129.3867351312827,94.84752570279619
114,2,21.200684927743346,429.2497345229368,80.2812826021591
114,3,8.231625918381543,286.22707379936804,61.88640095232886
114,4,9.987198688091297,220.99731444820307,52.155893881328254
114,5,0.7161648663558999,283.61128352767787,75.288652561274
115,1,12.85810337333195,337.5005713515841,27.04860661974793
115,2,4.242229667591914,135.16947289917942,17.569361519239834
115,3,0.8201611616596924,263.08157038486854,105.4299103713848
116,1,9.910331939004504,104.22469635841874,52.581522520388894
116,2,10.25633948450756,452.9139731508491,51.57842321856418
116,3,25.455990573316775,5.490095386994085,48.70588985317224
116,4,4.660011904624116,125.77570918705622,31.07513981562577
116,5,5.020853240007861,459.5257707478432,106.90241315370056
116,6,12.818511580248856,128.84721576659433,22.67067828889248
116,7,15.19266119034438,245.02264268542626,44.20696185601659
117,1,4.808580297662576,345.7672216636777,66.782773732614
117,2,2.9487276226940455,62.33530724768775,61.27252594500574
117,3,21.731681743405332,179.30586161265148,23.662158459131327
117,4,3.440480038964224,387.40230616494836,18.83008702358901
117,5,7.401746299876226,356.2602361878169,75.49926419345267
117,6,7.669634690093249,95.1534588125982,108.62313158981524
118,1,4.312403026608877,113.15236700901428,92.24405006679956
118,2,15.518041596452026,337.1115746336051,10.518152842547387
118,3,21.311107430856197,55.26600497204237,58.51297594679875
118,4,9.927533970645843,173.91892695281206,103.54368553182427
118,5,5.064226358838276,2.4407883567891986,50.79981944825677
118,6,7.201212859994315,706.6074378623969,77.060299057599
118,7,7.1346159734696295,41.58326462193702,25.211536422751394
118,8,2.8234663998379688,217.24126576386976,107.09314606379078
118,9,17.85182399671543,234.3642247469569,37.07329337190061
118,10,11.881686494885079,122.2043003773136,118.73455983055503
118,11,8.67566873107444,187.04932126299096,38.63289700082673
118,12,8.631956074340653,325.4726206947412,7.291096918458194
119,1,11.199868571324537,288.0646889450444,4.722661296226683
119,2,4.432026457716358,246.65226115672868,9.819646762687064
119,3,10.75878773661747,10.621310892083926,15.984517177344543
119,4,15.15255129231414,354.05687782666405,24.76716024370233
119,5,0.6432380772962052,131.25582835193535,123.6800059813772
119,6,10.77973597453472,108.80100542476289,35.44353744690085
119,7,3.3933257510425108,292.98477106493476,130.00430767541337
119,8,4.520700937844361,557.5185554970299,45.34380402155597
119,9,21.66727189980569,246.0831566443535,62.24524756019982
120,1,22.907480197607,217.39724896734447,44.69609306082668
120,2,8.857865049139308,363.6768970391804,77.79758345722493
120,3,12.833206626218233,213.32496483511665,28.04725234479126
120,4,7.852724350869227,359.70066866553157,88.82009978144865
120,5,5.459992992131966,214.98797715873513,69.9386929045626
120,6,13.032290879846645,263.82240245951476,5.517007264930562
120,7,1.7996113801653273,375.52921150419695,110.36100795567418
120,8,0.3706479733041981,195.8359795033005,82.56203189333289
121,1,5.426449526318214,471.14462085060285,115.65714510889258
121,2,10.460520540542738,449.4397170784756,43.59702053566781
121,3,8.296127882024644,208.47659726983346,45.003136187057386
121,4,8.493625735078737,371.50971607243287,56.00542615824813
121,5,14.987372351036631,354.70707879159966,65.52743182618934
122,1,5.92210444495656,102.17238323949063,34.886661242693116
122,2,1.9082566206826534,339.1563325341958,65.9222631278229
122,3,3.951718632486749,112.76803815692745,83.52593315092396
122,4,8.197674782158463,13.9196256194395,46.65632519660498
122,5,2.3850987774590555,93.8190238816291,47.97503603909641
122,6,17.386480254339617,503.4987116345124,104.50462485529219
122,7,9.497006328383216,538.6024701788266,72.33077377473153
122,8,3.142180224803874,214.18247784842853,23.723334124964946
123,1,14.316167702801899,32.79151160674874,42.511945235660946
123,2,15.599491096709418,288.38001983488846,3.694732762845554
123,3,12.616424124315676,283.80782557810664,54.31942066744122
123,4,17.62537516521684,111.58290220404614,66.49937851166051
123,5,1.8435979906273499,40.09387647750685,81.24315924861094
123,6,10.143937293008792,130.48736433258557,7.393759436185611
123,7,15.789716672343383,26.20215589492426,89.7150987275475
123,8,13.156981593028299,18.668708202227407,55.03845659514556
123,9,28.576074127564453,378.41274266952144,16.878912832493647
123,10,15.016939775670966,12.386969430531792,4.852567044244921
123,11,9.52886031022599,282.74784028686116,82.45321275685671
123,12,15.776286071873578,274.2125168802801,14.559645083844003
124,1,14.734499333724358,194.3469318886643,59.35460404036988
124,2,18.154936177947462,293.79775010322544,43.229022466695014
124,3,19.466537821483055,154.72830591872685,132.08293245687742
125,1,1.941713664235147,349.15966710315456,87.10969602115371
125,2,22.928522711650842,216.29276285886294,123.99565542788173
125,3,3.391306369393922,169.19873844177883,45.39987307839732
125,4,2.700508785668866,154.09883008211796,84.77193447246603
125,5,3.4904609226813914,139.87564890755812,113.3834105908278
125,6,14.00459552830968,461.0317182102541,54.821241363850916
125,7,13.888449091083963,163.8992663749625,16.05214804893913
125,8,13.862550678947185,134.61481852542647,75.78087864974897
125,9,6.006716874082467,173.69251209717243,46.188699787976965
125,10,17.538755175319615,136.34770381613941,97.47960478370472
125,11,3.666037817195794,240.478638750441,22.495974896448438
125,12,17.810220755677967,77.20047566967193,21.330690247113296
126,1,1.2058829655333199,316.79410469632364,5.109800848283911
126,2,10.368777180170573,36.02456860216461,63.50450370220741
126,3,14.730263170564427,43.22651373832491,3.590090147440243
126,4,0.92813985546562,173.35625620350189,5.899384513217726
126,5,19.649431555069107,265.42294722620545,73.96158318937353
126,6,1.1233351992933542,393.9767128292334,75.98437760394248
126,7,5.2235805208451405,31.265188705719623,46.95491107724366
126,8,6.734980113471092,136.26097466645604,21.782720156870653
126,9,15.050051351408591,190.08625292939968,107.19711161328357
126,10,16.986815421012842,231.60277824432183,44.23657718190022
126,11,17.58135458887508,193.66112658594542,38.86282061906105
127,1,23.885928948351257,313.5765231653034,66.68381297692984
127,2,3.107564190874312,285.67118630571105,21.060535103208
127,3,18.866628772388886,54.34069563384003,45.47366022175664
127,4,6.113088383907799,51.87155563595081,79.65279267631658
127,5,13.748211231867435,381.35152983514956,21.19500432832669
127,6,17.449194916387306,575.8173358035341,31.934356432922122
127,7,23.266040284762788,160.525809191026,4.89638950245228
127,8,7.8605729031524305,357.23059515129137,16.47294070673874
127,9,5.797629386954591,289.0309148439786,50.12240466954292
127,10,14.092360667407185,235.6744311137504,69.18501278206293
127,11,6.973891699333212,234.7596413045589,12.905079772162658
127,12,19.01903535752372,104.85879247740294,95.15389950197559
128,1,17.028296819543737,381.84064671469,73.58885200053433
128,2,2.685199039037432,348.4323471610156,104.45730765115405
128,3,15.027751872529336,174.10144647709552,54.983792356639064
128,4,14.09668045004271,122.65740045166032,57.467076963903594
128,5,6.405785870506795,70.76099061698807,110.42363269013754
128,6,11.505480691765863,34.1030530749955,5.064001261552626
128,7,3.973125262606965,71.66399378635441,55.86121112085349
129,1,13.398897055321779,151.88242072220015,4.4817348341902985
129,2,5.2130576965029665,198.62614421980172,52.43141490005211
129,3,23.48400098398775,212.1915751386603,97.15373776102575
129,4,6.954459308965788,153.2486171352149,3.1603054889379294
129,5,4.803703909863997,279.047208704563,50.30240721576533
129,6,16.600570339280637,227.18809225175755,35.901850734490324
129,7,25.038078046508716,185.91446469304293,96.52003878821216
130,1,28.94632805332584,384.1558074388689,96.97799731952828
130,2,18.312872328467087,373.807408806206,49.12362046870882
130,3,9.153280034070027,58.46448984197576,26.905129190812485
130,4,7.823716224001366,209.81900752846502,113.93184190014014
130,5,4.717463749983015,401.74014141164196,9.52496085895256
130,6,9.268361095893495,91.34032153075978,124.17107637862654
130,7,6.500295603238669,278.2171889943817,72.93066713104938
130,8,1.8799527491560823,185.4844471792339,98.173050524282
130,9,3.8873563240991214,324.3448414221902,36.75680114796289
130,10,18.145578161256225,462.12454128337845,30.31359598657798
130,11,0.6330543692371347,134.22355794053573,108.61697683377125
130,12,13.727262382675601,13.287260154328038,77.15681301769986
131,1,6.946158774739798,357.2175138903732,7.259169836702448
131,2,12.417899271506975,142.37275014395368,19.514662059436084
131,3,28.10182622978727,262.85761021301903,74.53062178644575
131,4,17.964437464680636,13.202491797782073,120.09167636488127
131,5,7.562700249465529,84.68503849422191,31.638733072843984
131,6,14.07206355479354,232.80773992122317,43.32741037206427
131,7,9.916018587605933,53.29654647161476,9.889295779366932
131,8,15.08558135635242,304.0559168804278,113.37977500628234
131,9,4.469880322293544,303.9222815451384,38.65173086541073
131,10,18.333324896354377,353.29441650172123,58.44837596897827
131,11,7.623288903338095,344.1398267912392,75.87618093026263
131,12,5.2089171853967215,0.8301989780853489,38.45868397272815
132,1,17.45070159073785,240.74005514337424,44.23936153263675
132,2,9.96093791563242,83.46366066614422,4.645940000617379
132,3,15.021898792616359,160.66659573616107,63.02942852115562
132,4,1.6370727453623086,152.68567970379954,3.8656078225021275
132,5,13.388390266414552,349.2916778865779,108.38797556855276
132,6,5.597141869378991,30.815136195144646,33.256255681109295
132,7,5.104809545904014,264.68500642196557,6.111291685036086
133,1,2.280765435965179,379.41569532618746,83.54195705254496
133,2,14.944594880754195,187.43833469271476,38.01530204356963
133,3,21.796564580358172,466.7403858956715,75.60499502566486
134,1,2.5062215088838933,281.98996378836137,115.1507235029913
134,2,4.009854438123803,35.48063633502403,68.19659004320089
134,3,3.5377806316960347,280.49698677063924,96.05918376815367
134,4,12.31432246922055,321.46524625182064,82.66448614538801
134,5,16.929626985250408,206.78161513362213,81.16305709574617
134,6,11.150812223094182,258.69802579028385,172.06845279674502
134,7,11.691203665099664,24.663989920504918,42.103232899294355
134,8,7.826319710504086,160.2809597368079,88.13769705011862
134,9,17.914139783648206,184.15471359539043,5.674973940756871
134,10,10.693669026281754,118.49168868564993,58.416188558852774
134,11,9.153266754670621,382.45364276016295,60.992321858555904
135,1,6.218658490449533,327.2447268957302,75.93010625303477
135,2,10.979253964292226,286.0965051247517,59.837748753273516
135,3,9.004036522450557,258.6620524499802,107.8652563920692
136,1,6.08344246731518,146.49361427353796,47.58994528543306
136,2,14.80175453389539,184.91395196754078,28.78737825407265
136,3,5.780420936876006,274.36764129501194,80.5069455506622
136,4,15.725005147232732,365.1766504943094,54.73749108359955
136,5,11.842154866087528,47.913718061062696,36.98301251138177
136,6,0.07692191495471157,94.72436724643424,4.388182053232427
137,1,7.833430798509395,228.8006355453015,61.10063435527561
137,2,12.241314984453112,179.24970769754333,34.903063954786816
137,3,32.104398981310084,336.0180909398598,66.5258990381049
138,1,8.367540512555243,190.54432549561582,70.76667003627782
138,2,21.504668061554444,248.44621129322883,42.0050196878087
138,3,1.721489286968458,158.62268884506648,55.1153666865145
138,4,1.1825666187339294,181.03951813782191,35.9651830760297
138,5,11.676372150333144,311.64557248039114,92.4500285441809
139,1,7.486068843920455,106.68343794064225,95.66234929106889
139,2,2.596075451684211,281.9853744293384,80.83335844494256
139,3,12.339103353112085,270.4960310497827,103.84479007593187
139,4,4.453092117169198,224.67538850652588,40.99578381280656
139,5,2.8769553347547223,242.94999948005133,100.05002386098744
139,6,19.63433911074036,478.6215813943595,20.948764983569717
139,7,21.40039388516869,227.725964654057,114.02250029479839
139,8,7.236523135632015,120.37992818076725,1.3890969509242552
139,9,15.431842964843124,277.1714105797624,5.319617510786976
140,1,5.148957369091002,354.92449309171343,39.90288595096402
140,2,8.897034097147749,288.39920706116334,15.140998665432448
140,3,7.5233533343978785,19.946188054497725,106.94312811996079
140,4,7.440921628483712,241.45605846400284,41.26352256109959
140,5,8.015611401792368,231.64494313799312,20.774253407914628
140,6,8.61062353972699,169.12355041473683,33.07138800526835
140,7,12.737398354216733,132.9506101978278,114.44459929647829
140,8,14.402748756283694,2.3965082112105165,72.03511776154485
141,1,5.173642117444719,388.4296159120523,97.5085353655382
141,2,4.288633253960128,26.94405145544542,69.8653845991958
141,3,14.445700081185477,260.02544078007463,30.562530969510533
141,4,3.9318079058157336,195.54668145710323,69.4887277852171
142,1,15.371151538217408,310.51851624753806,27.050042847266553
142,2,2.140085132956651,389.707151089535,11.082253389810376
142,3,3.380578661646256,121.86857774763241,11.1807182728273
142,4,13.683873750744805,22.694366141474006,28.63042112429889
142,5,18.09449562033549,30.063385071054398,19.91924933332281
142,6,15.80900554235718,210.53658326324194,94.49365034441334
142,7,15.915994734907134,131.9854031512315,90.87679529944069
142,8,11.174412034551391,110.24181369644828,61.61606491874058
142,9,0.8337623611025453,325.0771553713086,78.16475153391224
143,1,20.56614335281855,34.746455725014556,64.99119008771217
143,2,11.667783833606432,206.8711952797395,52.75187513358759
143,3,2.9175317699401617,150.7902193708258,88.75802609008682
143,4,18.85608850305645,136.86485921375896,12.41678121907654
143,5,4.549283040920675,477.9045642279323,21.234220400510964
143,6,9.319574308181544,412.3868543029738,28.92415978651563
143,7,8.841252272466265,319.1747436134466,118.4722747011802
143,8,5.48113694713515,408.81428661817745,38.73885160542714
143,9,3.7984990617454324,237.43346454613356,3.6972776892561257
143,10,13.304080020240168,672.4472016701812,94.22403261014775
144,1,2.3770983822726226,154.8988459334476,68.53206040936924
144,2,7.668666653171343,158.61564178397393,1.023911718109133
144,3,13.965786909571593,102.72961999712939,36.25781508020131
144,4,7.401198405307243,347.17245733555296,34.522822136002105
144,5,22.165894895864643,264.34519228227754,63.55032649121465
144,6,9.101212138576738,189.7570688353564,39.46305459521984
144,7,7.884114255422315,279.6300743100723,12.566750808377378
144,8,2.4687431989301825,31.520742368693362,131.82618190708615
145,1,12.166723512129668,305.2565086965639,22.652571398836592
145,2,6.780715101413284,219.79550029183628,15.851167231375697
145,3,2.5265076566719724,53.33266329803817,98.36585144360848
145,4,12.785473927007331,81.0249411685478,84.9103782493639
145,5,4.835713272169825,92.56183024861105,77.87235964641411
145,6,21.523616662669344,283.70595072785244,25.49347805740338
146,1,2.3857592725243233,181.41614551471986,5.259060631534709
146,2,14.499988457740633,2.6935604047651793,37.994848526872005
146,3,2.969635215942655,219.02370277024428,35.34633291448969
146,4,11.237334722751847,203.35258324495484,10.533638891035586
147,1,13.458280134486802,402.9413071656048,33.6047402867962
147,2,5.418153221145318,219.73894408427992,72.86823572145266
147,3,0.24018756417602383,264.71899365908234,27.1289236556245
147,4,2.985550644407178,87.39785194225169,70.57508546455428
147,5,2.6930865065641036,295.5577759413138,61.3351200960705
147,6,8.2229864599845,45.279626497637366,12.197952937365969
147,7,7.210628484073519,31.25899671725236,36.64965578037452
147,8,16.343275101438095,159.04681738761082,37.98220249075341
147,9,7.902430570346311,352.0102896447561,101.73479549942684
147,10,12.953535985214572,220.48872760975894,59.182504594238466
148,1,7.262827331940965,421.9222642791309,23.63904693361318
148,2,19.300524880812507,322.62006900475586,13.461656814711091
148,3,12.149274660762753,192.31462467017127,75.02338374700003
148,4,8.437098880966833,153.9130661507403,104.76378331051406
148,5,9.30895373881029,323.96334862876495,40.985940598232006
148,6,21.666642814592663,98.249805599676,25.434258750112612
148,7,20.67162026781132,133.25804136571207,114.0429722465757
148,8,16.24288405716369,176.802544015875,22.531738880686333
148,9,9.864771870097151,215.2445080300137,96.68870933217491
148,10,21.11913023368078,97.25192312843785,82.0472705595273
148,11,15.357815092093446,361.0119053615668,69.94759648542178
148,12,3.5974838367323905,176.68663512083606,3.771697003323389
149,1,12.671265996404511,353.62195597004245,89.83383700841196
149,2,9.79811348524619,128.41632725675834,82.46479151445907
149,3,8.905999757787962,217.06159134297877,71.21264895404362
149,4,16.828898804527505,239.1272212862429,26.512082165044525
150,1,19.418380775187437,102.71643150670232,124.45492285272888
150,2,11.931118044626041,390.7000159377648,54.61813862491472
150,3,4.5354192010081835,160.47186197613024,5.470728433507432
150,4,9.219264686645449,225.8139314197745,51.82891182741781
150,5,19.31110057595805,177.6299253405638,25.759743713688664
150,6,34.80845507671847,96.4087187775015,88.74980435164981
150,7,0.5297266973137464,236.78182602025316,18.218167677145342
150,8,9.758444707711686,157.57850074361806,47.9973856707801
150,9,8.467798534406834,236.4670022425574,39.21967653096597
150,10,10.484048712955827,225.51680024814442,48.59287644918262
150,11,8.804569174585453,65.95197345565893,73.77782416016457
151,1,8.019018568900975,172.46895169753017,45.4019627403263
151,2,0.3756199657411603,372.7498374571213,45.915877644342444
151,3,10.26287153662394,260.0962457509755,18.476949843853152
152,1,22.257949181901104,113.38967116558422,66.51285490932582
152,2,1.6534550921215097,60.652202586604204,95.28792766882727
152,3,12.560341215299953,374.4844632711166,93.4523501774541
152,4,4.626847851821616,20.606848991661792,60.97903206311237
152,5,1.8796298665839224,41.85424360938816,107.07869617641639
152,6,6.209038863723805,306.5447867931552,48.87326919390646
152,7,5.240446219937683,49.63139090507994,59.332084262575094
152,8,20.18223877348204,102.27087803513677,52.74393416915441
153,1,9.262515429076476,51.736462586645416,56.50687890082877
153,2,4.234504689933537,151.33083916856992,84.04663597960655
153,3,16.33806857218343,363.9668390015339,42.29663582187227
154,1,14.194930566548807,136.73231460076008,4.876484000668519
154,2,13.905344082774846,284.7883585259623,44.160982707692526
154,3,14.601705065297228,209.71390216538032,124.70295181473425
154,4,14.382874624485234,334.34256142224046,7.925096432809539
154,5,1.8013518693953312,271.82576391567096,11.968940328253197
154,6,5.628669099874285,376.9118919632582,24.165768011781527
155,1,1.5318710559902264,446.6701150024918,62.6343594623417
155,2,5.822365659028321,100.30794767160376,24.827423364723728
155,3,7.5088127009806955,128.4433901363642,54.7099429785218
155,4,22.03401034037081,280.63910244053613,44.852448690217145
156,1,18.51791049718015,28.708922292508618,55.408275422878134
156,2,9.119663826117167,117.37308565597925,4.995949579664504
156,3,1.2316177457813229,77.82006117307263,35.95302943605229
156,4,7.809882271569256,83.17929070949164,0.1575416493468751
156,5,12.642161961313533,217.48577918340212,55.86685994628165
156,6,22.45307853533961,224.43110803096786,35.33368910878002
156,7,9.2593580530518,214.82288317693764,74.63173392845457
156,8,9.686957012101516,91.43813507736792,32.53007507003093
156,9,10.010452227544173,395.63023484774726,18.56417416214455
157,1,3.5195073851546494,465.0589361686552,37.86048962006257
157,2,23.96041464803895,156.5124371204206,78.29514300567881
157,3,14.914074280705854,141.90326926649712,52.90509552717611
157,4,20.079303894497677,151.67263253569908,33.29815734981649
158,1,7.438936035139359,177.6042999016986,75.17056465375717
158,2,12.288818374006212,284.492170215054,56.99349224141989
158,3,11.379828345858902,228.14567815463803,68.11663037396042
158,4,13.510549641998093,16.293805888092294,26.112229948590727
158,5,8.576492155486031,267.7727384743324,113.8969345130497
158,6,4.307438778566893,331.7977513070282,27.242139508782827
158,7,19.593617849512583,486.85158976954307,19.92054774514652
158,8,7.715665040048418,152.53670230263225,17.593440982364214
158,9,1.3926766817759315,293.609896221693,67.47934577308413
159,1,15.60871118262734,225.5848074811999,48.605921980359795
159,2,8.193702988445548,391.1652716409229,12.440272150833287
159,3,16.48322168679596,158.487345383262,20.006283091672593
159,4,8.382281445315925,193.0429271146891,30.09025498308661
159,5,17.789407624705387,88.68738576158347,55.60299391839309
159,6,13.762028139716207,219.458457302506,80.88919733933166
159,7,6.965051770655156,293.39405597184816,76.08912800466778
159,8,16.776840540684333,82.84869223914853,70.36184554696268
159,9,16.3088883869313,138.2812053814269,28.087143030271143
159,10,5.090356763442811,45.19915155014397,76.63040216031209
159,11,25.973320415599197,116.59699667627959,31.33806215180035
159,12,10.107775758145266,40.296251855451914,22.178066620325076
160,1,9.601240238157136,182.00553066990602,13.672123689294231
160,2,4.681276598392564,281.61442714289376,78.19115867045
160,3,7.1011311965357224,28.831036640281383,148.84988179644924
160,4,10.25687660761867,246.82112441111042,0.4531919365032806
160,5,18.50663484289103,405.1842894737907,18.32139430561257
160,6,9.283300606622074,172.93445440705443,145.53787266187362
160,7,20.105296649895266,17.616762095375663,20.877912818029007
160,8,3.749041893735824,255.75145652763877,112.88835523057611
160,9,10.764218227852236,275.1749354656742,23.42765182627425
160,10,13.470653887116296,129.21232489782426,15.630381253225664
160,11,13.016094963945816,198.52213675825809,6.112098272609742
161,1,14.057854248255984,242.78894180133523,25.039185870266003
161,2,15.911679244201748,188.92538714307105,80.65706848034804
161,3,13.403047795743838,413.6763438354542,63.574534502648156
161,4,14.26959871053997,188.4924366942345,29.88439399684022
161,5,13.435125452922552,425.4096046309563,25.364774083080764
161,6,8.263045698486888,203.99756528265118,77.39585239766856
161,7,12.418205880217135,336.95947346501,128.95637902564582
162,1,5.527690830096627,157.6124925324525,33.09367885531513
162,2,4.817018135190114,142.17144433345823,95.3225376642869
162,3,11.009552298108682,22.997767985856996,91.21538775555973
162,4,22.075270128586112,274.2057002075335,85.6516084715531
163,1,18.545480421582525,337.10373488171103,85.45414031155413
163,2,1.7994464833975172,303.36939782045073,95.75429749654839
163,3,8.220354100112619,379.66250413633077,85.0320104040083
163,4,1.1478634024092234,528.7604279611805,21.3740974340017
163,5,16.70193963477866,338.1833000597876,1.0395239356010038
163,6,11.252856391542291,336.3374465808814,0.6154676806119923
163,7,10.697313118924182,348.90095815534494,92.2896239914842
163,8,7.2204888300075325,431.655382386323,102.2208823340533
163,9,11.688595747596803,101.15728350993363,3.3659271187185738
163,10,12.642819630143798,419.6768856585244,44.113893368912386
164,1,3.9864270938114483,152.88198542413005,60.40740078903144
164,2,4.428354457311602,80.09206734351065,40.664335415661924
164,3,12.048968782346323,170.74075302550068,108.6226260946386
164,4,14.148226448812252,257.4746034822608,91.10614477233486
164,5,12.805620239904462,133.5220059047798,39.4739018762247
164,6,2.0939465047200585,500.7317279811615,87.22895878936254
165,1,7.917072272053467,151.28464673872685,53.48849356202099
165,2,8.737188915765874,287.250510933319,74.4364960179121
165,3,10.30030583615042,215.5130669891097,55.734587535133485
165,4,19.742480662837117,100.68978232411655,23.179164202058065
165,5,16.056829054664192,366.1853747412648,67.08800334073223
165,6,8.711110940468236,479.23395615091937,57.112469996951
165,7,10.215501931234074,399.7677969564435,69.02204538894728
165,8,16.578811555324336,358.54585000993643,35.10113510439612
165,9,22.3741226865475,169.3180166389094,29.186276312290346
165,10,5.238497644093879,136.49591655878652,64.50498765741936
166,1,5.173888237434609,111.51269056251004,63.24155611268854
166,2,4.334573206435838,46.14149075380888,32.594611107345656
166,3,18.55263279483691,140.03442328354137,56.28583134810138
166,4,9.984333184680732,39.884910055925104,0.36259645792773654
166,5,2.9627941180193513,91.52473417559105,64.6642498805522
166,6,4.42997635535572,461.97359473919323,91.08604143572605
167,1,15.658516847659959,196.11784533631067,16.672223898565065
167,2,0.9911360500346706,267.1839287836886,63.51303663727954
167,3,12.505493899894176,154.1611598728376,41.80973763679383
167,4,9.799934738722488,139.83300931056058,81.08729088419291
167,5,2.5123546179127327,82.72792049617651,54.8527692902623
167,6,7.424495472985288,33.6827630884234,71.27701285475413
168,1,5.993988391839884,294.46410978104774,63.18798418356063
168,2,8.4032157301857,264.019119593526,26.142375938712323
168,3,4.541195043276049,96.05945021120279,103.61926044691779
168,4,4.118235504433047,140.183436825332,68.84044927302233
168,5,3.83870603236545,233.9245868486291,59.032167736272655
168,6,5.628821238680779,161.1829669494168,12.256948402866819
168,7,19.679362024798515,238.63907909357815,8.054276847776094
168,8,10.884226581235685,225.73912430973672,39.729593749569176
168,9,19.383108310400612,51.558783157781136,133.60858748548674
168,10,15.56703532679466,30.975539004913088,37.429975168004965
168,11,16.458327123874838,164.33708929168313,97.12949337674377
168,12,7.36751834555317,188.20021507061898,88.0060012084334
169,1,14.22373695225991,201.42862369004118,44.12092071811449
169,2,8.317444778571058,69.18281712377038,13.422481834637964
169,3,14.417116003919459,277.88905315365673,25.4452310770513
169,4,12.652186514619853,175.03309857950939,94.24687007169322
169,5,0.814182846722419,180.9910487655869,41.73813062204223
169,6,11.127811711993244,430.57067163227,45.05131319446054
169,7,15.201925259007407,177.82756023863436,92.83651773498349
169,8,15.269938318401898,150.0027508237994,33.78795756786628
169,9,13.408724476007748,101.68909405930886,57.62530382524844
170,1,8.259873789900496,290.62213505236,90.77966092114586
170,2,18.34201111341374,108.12482628463891,86.90982475190637
170,3,24.594881654840563,218.9105299445508,47.06759226976028
170,4,8.0276735798282,40.43642231914981,83.69013985619354
170,5,9.51797129055615,177.54352669639934,77.4937375232066
170,6,15.456381356104227,109.87350970027767,26.921427000782487
170,7,5.650510516598337,517.0271454196918,109.08583946653992
170,8,14.949282957788881,143.68831427590337,39.72283870727533
170,9,12.544061261534871,531.3695349825668,61.55508636557052
170,10,13.561779035275476,182.3471599820703,60.303157091868385
170,11,0.24296973271072098,126.95076241375877,51.875436869594296
170,12,7.885288037508148,104.60601189499626,24.91812374670889
171,1,14.074023481000314,229.7662292796283,23.774466488827457
171,2,4.51304590741698,139.29873227087174,29.084527178178206
171,3,2.23511989472983,159.73211582048538,45.77127901195611
171,4,13.540671859505618,169.20611089229104,59.92162571583219
171,5,7.075473856446543,206.30198443302123,68.03891243006831
172,1,20.308411754641405,100.1173359945098,78.06350924228799
172,2,13.944092608759867,117.97607703419817,13.922219677155809
172,3,7.311137186933498,309.66899825166695,103.49331520457694
172,4,5.011949359928708,366.1544528986342,74.89883664754984
172,5,12.892638565492678,5.967178138518307,0.0038190629282581767
172,6,4.184498258297119,151.04187230600417,122.02984276944477
172,7,5.364354297196247,315.68771213768173,31.40947047538652
172,8,13.30895119008542,190.5528251318242,57.080925159751324
172,9,12.587303571300117,162.58140419448276,64.97856162788635
173,1,19.860336454121438,181.1380553756341,76.85080546821413
173,2,15.222167670879713,105.86899958838909,32.13946194623554
173,3,12.525290282646845,210.84325206873044,72.23304110300509
173,4,8.414307693320133,135.43584517989262,130.33892043926798
173,5,0.306478430575444,310.09257175463574,27.01592567266436
173,6,7.649549675817045,152.43457511390514,17.862629033149716
173,7,13.998569471653676,408.5965393924936,68.80054644986646
173,8,10.723673973484665,52.03392513511301,70.67301063297803
173,9,25.09444742210509,142.89580643073612,34.960656825925355
173,10,6.072376083133019,126.58786482583695,59.81198214689539
173,11,12.835247700989989,73.16717354680793,14.410524751672
173,12,15.272329648127842,37.69733224370958,36.45323784464969
174,1,14.107118984885254,180.8874120353551,79.77613793522053
174,2,5.642175560417956,32.67122162224928,106.47368968071399
174,3,6.225575641863548,154.3565055923973,41.356662994952416
174,4,5.784562481976726,365.20007922628986,64.97824774167844
174,5,7.873491701417736,8.64966784475834,62.151912614430174
174,6,7.154267743046212,234.9119042854169,103.72721779421592
174,7,10.451908866843377,380.94909555890445,0.8328971104898457
174,8,24.269789767021784,364.5928157812523,69.03863448712895
175,1,23.864557326869345,10.917427158960805,17.678448787502987
175,2,15.570001135057508,404.80484669617397,41.009640605663755
175,3,6.484629457933199,76.956410914146,3.2795230462517964
175,4,17.954399571382943,142.8057558793136,62.072030280439186
175,5,2.780640193250923,350.3406553513415,73.51112911558594
175,6,0.5871755982503277,238.85432322255716,50.189734381103534
175,7,6.8489155611009025,235.4390982852318,23.586829529945057
175,8,12.117018020432852,117.71525741643123,41.13219852964163
175,9,20.47729750193332,188.3737983280571,33.87197923311889
175,10,8.70604747544629,214.90911343421445,16.985813721523755
175,11,15.143240170187058,19.33434587815711,44.49035603769687
176,1,0.3163123094037843,247.24578073329982,58.59931269818192
176,2,17.863991009670332,301.5491146062581,57.714473726007625
176,3,20.62895421456526,263.0402793584842,102.19850755161676
176,4,14.248598258706465,76.28786183973142,102.19339053277318
176,5,10.946233689398683,192.2067843648833,61.25393389958308
176,6,7.5851178663005285,234.0543290583418,26.324957346276303
177,1,18.919905811140588,270.0413407897821,28.751231480010844
177,2,16.294387021930056,486.60769614055465,63.20983534071733
177,3,7.725097278871718,266.0005662273369,97.09198252004424
178,1,8.125672047680856,165.28983579868986,16.720605746708245
178,2,5.3927631867324965,313.99054729397415,80.52400098191659
178,3,6.734855656651914,165.30886019561356,48.7007460023246
178,4,8.468833909344264,224.54506455031904,48.798353730073515
178,5,1.7195900436437856,168.86576506710958,49.0960866782039
178,6,16.928595421492577,75.3040802539573,58.15621405379616
178,7,13.939879974251228,177.74792317882682,20.191915414849802
178,8,17.070483144155286,312.0711848039905,59.15093520098728
178,9,10.282312806224008,67.21373493274467,80.986265435603
178,10,20.404772303298632,32.93817193671882,103.80074625086323
179,1,7.926861904341544,196.53792413940832,13.759969876775429
179,2,6.12292141314451,178.19904310348656,38.96206958582951
179,3,21.96936076985395,300.11690359748286,33.475155220947954
179,4,10.99164117317493,336.0526945504481,70.67020107959465
179,5,21.682340840315486,81.59053711696737,89.00136827815004
179,6,7.039893652661268,229.04247421504803,27.692920209073122
179,7,9.005942788903912,231.7343090418433,73.73014257111238
180,1,10.42949998964127,142.20751245554095,47.909222044176545
180,2,9.19628292571444,419.97018997179805,36.22122042156553
180,3,20.00055758000046,78.14636655334465,3.561174170920694
180,4,9.964281535241874,76.61324483968967,63.19430951442226
180,5,7.392004020142404,421.08755678837144,32.33330115130816
180,6,10.628158721063441,289.4503592665503,88.25264157832193
181,1,20.357498871595087,145.46181847723568,58.83203978370146
181,2,12.472946878123976,47.25457007415213,36.89197634178138
181,3,9.771344552931074,212.68673301761845,52.89355969181894
181,4,13.062649046155755,490.64073904912436,26.18285705020055
181,5,12.668202407872688,395.1954778999067,21.945544798451067
181,6,11.876917558348772,52.05689597375695,137.42310961850143
181,7,13.654355140085169,258.063598670654,24.934961162820088
181,8,6.46855726380665,125.03059121378409,120.65822215675155
181,9,15.104408657990358,47.93900461243342,68.78009009407867
182,1,13.173954585855036,311.7153696479662,68.35014360128947
182,2,23.157078074569217,255.31288044915672,56.8037683509228
182,3,1.4879339316077473,328.6420517979123,16.05777001456761
182,4,24.142583516725416,330.6196913389819,161.59189413177583
183,1,11.101425973711544,346.4759883594747,32.885404643859474
183,2,8.565472680308744,115.51853989360696,21.921708068195123
183,3,12.696488565815478,368.1028559633893,44.66885139083378
183,4,11.438404992920141,217.14631295888717,50.07214025425657
183,5,2.3746015360152564,366.2666902584339,61.80781472635344
183,6,12.764170430018044,79.02355564616266,31.631184080430376
183,7,8.767060616024551,30.11870401732773,17.52137300790713
183,8,5.794764485530026,278.3781149663585,23.874504402802366
183,9,2.8683636168650057,77.79715201434948,31.786303074187497
183,10,7.522987260259274,524.8282178309835,92.18482513949273
184,1,5.634852322523601,109.66937291626492,66.69167734058487
184,2,15.90208813456153,135.51873914719926,91.58859504754335
184,3,5.413485858455203,184.63629290598092,106.7305653095015
184,4,8.484894804938689,29.780578027886207,8.956212037237812
184,5,9.79621683209448,149.8452897252869,52.37892696678137
184,6,7.191054132792536,386.2140275427307,50.99068959260279
184,7,2.3408435991822714,322.4799487795112,126.25083776640714
184,8,11.084516868317365,234.88255451604874,18.804599517491663
184,9,8.302844823800312,275.4305014239876,95.27160263915701
184,10,13.122001952512834,472.7061317808462,53.9388125620434
184,11,2.1481314753702865,36.04169138168331,99.3764692751081
185,1,17.04971382234769,173.5455960406321,11.075568888948638
185,2,8.158581847057334,176.555619898795,17.932051431195376
185,3,0.8639385407551732,60.950690982498855,8.06873739006113
185,4,12.283892597392715,336.7265790297364,37.578274127884384
185,5,15.364026972562524,342.87326907269437,46.588282278213676
185,6,12.856306202373252,166.49822627437575,5.0868098321925
185,7,4.772683839186381,248.9222240986842,45.14681841526529
185,8,15.160211091768865,83.0480610673909,15.862862627922595
185,9,0.6975739734951656,224.99797716558123,5.124123933561684
186,1,14.391744518585794,184.41207327817418,21.681082119743913
186,2,4.2494012126033365,233.57602591748545,16.150653512139698
186,3,17.680549307702776,407.1209882682514,48.2878200972763
186,4,17.971465683454905,138.26765775458782,21.42592866863522
186,5,17.701926261016677,436.9800433408261,128.52631947968865
186,6,12.328585500339756,329.31655927844366,62.42468913864593
187,1,4.975027499521752,319.379571851184,76.17552536243053
187,2,12.029378218263641,397.4011129577748,28.448606486104456
187,3,8.690597384684361,214.31930620374447,8.815561156423975
187,4,11.588523606601735,57.83956194307706,91.87818137712837
187,5,10.326461565961761,121.8660644144355,16.62505550819514
188,1,8.357946792665686,168.22529351658585,20.406399349140344
188,2,11.380288827379118,105.89017613252965,64.27520289996149
188,3,23.640070213341044,26.83816751555358,78.95420854473878
188,4,7.169808338388201,165.0842844026567,59.15619103802298
188,5,4.763911213131185,68.10892345095243,48.47840884920521
188,6,20.724807775404003,178.03259649749393,72.3429489573443
188,7,17.88816449232954,570.7211818258909,7.908494547727017
189,1,18.22610478405899,138.6689947393865,137.84358237187263
189,2,2.756611553625036,152.2277301694279,71.62522904714342
189,3,13.300699389226674,161.76505767667322,24.06159956230328
189,4,11.619536270389036,406.5328829263774,80.5123475829318
189,5,5.5727210858290555,51.23410308809903,22.28844049160168
189,6,1.083799802439291,222.11142234908667,82.55144714937134
190,1,3.11684653324588,23.38992639911106,17.777433258334227
190,2,13.362356863847909,251.18719672219652,37.012979870406625
190,3,16.95961893038056,50.178596401692175,65.23496429287565
190,4,10.379143523048358,88.89794919908415,30.298302808139816
190,5,6.0135281396189,237.91309535921687,73.73715494622212
190,6,7.01524317939784,93.18432138235413,55.48888514107027
190,7,1.5622581725591829,205.1536199663407,112.47101938086745
190,8,5.072257108509133,173.47172598875767,90.98246997209783
191,1,17.00982037161046,131.3964396553564,18.98694471552345
191,2,17.847274846914463,226.06538029359098,15.969406052490896
191,3,8.963237143696817,138.92047731779581,17.037635252478488
191,4,17.102103772830272,317.258628247147,83.54165910237042
191,5,15.77269275323659,62.594938293860366,25.852509128120108
191,6,20.210602660563637,216.20181836584976,8.818827748172126
191,7,11.518610293170225,298.21868925022,70.96165749480835
191,8,3.4349127778685267,483.008233888633,10.023783484350105
192,1,19.527046933388416,209.71870251850717,80.61749977500064
192,2,20.344042067114525,236.82480226914691,39.79251313942865
192,3,1.9323537072398107,187.5299711417759,82.93692738249246
192,4,16.619433992973406,275.65475985776146,28.348036201510407
192,5,3.8377509826331337,125.71773529928973,37.82620515784194
192,6,7.809497229669901,292.78345354668863,129.4270564405936
192,7,10.86470441288765,167.49023162653074,39.631127479836294
192,8,10.870693368353999,75.75593594774016,54.8079423498422
192,9,13.155686354322599,231.45290953617322,68.30167736019125
192,10,13.036233265439748,65.78450233696657,75.47480633581613
192,11,5.3028960803628244,35.62412554940633,5.821926885800153
192,12,13.034791273307706,166.61376091627204,17.278751359416432
193,1,10.42812884498282,131.90608515184778,23.735089672448627
193,2,19.088406342037622,356.1577966333706,165.10550078445164
193,3,8.033080999221806,104.26804890430523,68.12667585202004
193,4,13.003115443041384,295.45326183241747,83.88523509425458
194,1,7.1769309265803525,360.9277235931488,38.259101444743536
194,2,12.684866825949873,66.57623892673294,32.212398913885096
194,3,1.3720760625652364,478.16501500427415,105.01838710672212
194,4,14.168212952950809,522.6654080434744,80.81144205532502
194,5,8.796169794458248,255.87795006375063,104.43145421916566
194,6,3.837786774944222,24.077331910015772,66.2431666651975
195,1,2.3901640665651467,116.39178180503603,75.48733301628849
195,2,4.217184489217567,9.962489365421732,69.69268502416628
195,3,9.661461543908448,168.3621440289316,94.39207742609398
195,4,17.621656585552522,467.16769861089546,23.943528399743492
195,5,13.008135066230615,202.8512705836027,63.53263326981394
195,6,2.0593317695056497,10.3710001652818,48.39135455084793
195,7,4.102411870181335,340.73114308269317,10.027094694343987
195,8,0.07259378927603954,137.50062871267153,11.523000237316424
196,1,8.031574832180631,218.51287002514417,67.78367980292515
196,2,13.036846680622135,87.03240040691301,5.083412902097173
196,3,27.522202536339975,127.40234905991704,77.96849754687946
197,1,1.253489173662377,218.71602318667345,43.18861872696796
197,2,9.42968078761209,277.2137030270125,2.900561055742358
197,3,10.29603765798408,29.074580887810157,56.545791040114715
197,4,14.525337503388462,224.89187942184725,74.34408655722356
197,5,5.099896154346989,190.67299185191345,40.480967475004164
197,6,7.875924290041059,79.90382533221674,32.7270980230023
198,1,2.211067834954492,293.8939473171746,59.362639642227194
198,2,1.2037775702692173,139.098296992942,77.6985736545731
198,3,6.860560411490297,12.664928969335875,140.3051418565737
198,4,8.831288185429349,25.463165000147512,56.85054103280773
198,5,9.400776673810853,31.221715737155193,53.7347544321266
198,6,16.886148579769525,165.06346887646333,32.40794188866799
199,1,12.393451274125125,275.38193696812726,98.48362877290944
199,2,0.45232868546251837,174.6822893876076,61.325232892781
199,3,9.285605265598065,171.51881003156308,70.04360037235088
199,4,20.63535445763451,217.4992626754255,8.755757868229466
199,5,6.408109275450018,465.48696014833894,86.39850163442235
199,6,14.480186328690305,253.46188753015642,23.554515512361107
199,7,8.59600173540962,188.31158964822262,71.98297264257775
199,8,20.562432259868324,367.75072051896916,6.775374231841624
200,1,11.56796478230734,367.1135430241318,50.19189515000482
200,2,8.9092771135915,156.80934575590143,56.08269741876452
200,3,8.220254119140954,104.82111653071394,106.63501067313206
200,4,9.2260774671285,474.7292944457043,20.48785104697052
200,5,2.362835258179061,158.68796967241417,89.10109274158526
200,6,1.462329449307898,11.228291701188454,64.87809354841623
201,1,7.809884333668971,418.2124303055883,125.23044584810593
201,2,13.82822792416179,289.7152669641733,55.24196655844693
201,3,16.784422552453016,166.47179578460975,49.845508848325544
201,4,5.991610981131418,221.87271470319337,93.70510260692433
201,5,10.133239233512539,145.92614919939933,6.130841189617897
201,6,9.235064414471267,300.84165453660194,16.35647491952126
201,7,4.023378999066091,541.1360226817043,63.407019364027846
201,8,8.44898487986329,408.64922078065587,55.65917365935215
201,9,19.324222681418636,386.95418238158345,0.9808349554052214
201,10,13.219962314891388,458.7928485454017,10.053972386087722
201,11,3.0953778556336022,77.41983957469785,85.6167434196083
201,12,11.990699990045158,90.36584962594384,63.63784494067733
202,1,8.236595469901896,116.88788054896614,24.102285390378427
202,2,13.5733426316406,448.0951311167063,45.64589959398148
202,3,21.87361239766502,274.58562545590325,6.936733833711472
202,4,11.796862476447856,43.35084839535139,67.61679062331055
202,5,10.44352735075985,249.40153540722082,13.242427312542283
202,6,4.586755753698369,275.2732119258457,29.890948242693387
203,1,11.043124657201588,78.5430039122411,73.3348892508566
203,2,3.647772195701405,203.84415086030378,40.86711662646549
203,3,14.310983587050602,197.85962336081633,42.140331996829595
204,1,10.282153895311735,334.2395092348341,73.64362125300886
204,2,8.905135048450381,314.55022245784926,66.02949014766452
204,3,7.0138025459977404,181.29227626452712,44.071084446275165
204,4,13.53682940221941,144.94660779175373,34.38363254313467
204,5,23.78130116603771,340.96032226206563,19.575973422994437
205,1,13.996586957595389,366.8693021873245,19.848436376150925
205,2,12.744918220199011,34.37013424375007,73.78446030118508
205,3,15.262396285795646,504.14322443736074,87.01172214865113
205,4,7.191593520727608,30.186894607121786,70.56785943952042
205,5,7.70944387623433,250.11535965863573,21.19259679163353
205,6,8.787626448470512,54.997795305885916,8.151756116947702
205,7,1.6891084203683135,330.9184758923233,16.90943050899147
206,1,24.36102025274154,72.14478139369989,39.113824894430465
206,2,18.633395263155577,264.8520446311675,55.38062686378462
206,3,8.202857948102022,376.7452167414816,7.0779616517413615
206,4,13.366125458121765,251.74007637839182,51.734878267334
206,5,15.514107602035104,205.0605942399202,28.618896402502095
206,6,10.647579162874996,38.81555044567406,74.50858924786267
206,7,16.07760477449702,101.50782028307651,14.219551135269057
207,1,5.661738403302434,383.4067689247896,16.748554493845205
207,2,17.93048471110724,509.0634047667048,60.080150448077134
207,3,14.193589297063756,355.5507986553738,38.98070739283911
207,4,11.275961564765089,2.8700705565336193,55.545401141218036
207,5,13.48678396951179,277.42445343897043,92.61698894390321
207,6,4.576384753051296,120.10898649897554,125.82029383965421
207,7,8.947701383654032,230.0050680968492,47.319598330991155
207,8,4.248234215864843,443.5293816337709,28.891943523175772
207,9,2.1090013340514906,132.38895840458724,30.068240069021343
207,10,5.440987745117727,54.78071032215101,74.69714523709297
207,11,5.286100323080893,333.1705903368273,105.93935972277285
208,1,6.429393962967152,109.84848190521622,14.333808506368761
208,2,10.391384524905755,497.23253750734034,11.586376758115534
208,3,4.398203843951023,240.27657886206333,72.77356691701193
208,4,10.36870546870653,289.3699213124498,4.749560264398426
208,5,3.385911593929718,218.59368987588442,120.32277442915299
208,6,13.924764620630356,291.0805984616368,7.052940177309985
208,7,12.956835579823451,22.677612679730373,120.71029431840842
208,8,2.916508834456386,80.52790722524567,8.923025722584555
209,1,10.600714236894763,206.56874717946627,110.5296432470685
209,2,15.434904430469015,81.3849930117425,84.93582145669133
209,3,1.295390293731355,92.24704417540357,54.73838194956881
209,4,2.076795350271812,359.6988275612213,141.1725133939209
209,5,7.938345364311541,102.24696219631956,44.81641557303818
209,6,6.098393700415963,239.25956572908254,2.8961792281130414
210,1,7.438129857060222,382.50852387469206,93.58518091636645
210,2,7.485002869855084,307.58953156748225,15.624031567311974
210,3,6.708209986135499,424.78195410047806,39.130798405211664
210,4,3.0881216336849384,190.50451658279948,46.85646428342573
211,1,6.923119514399676,287.0777818393557,24.866766616417962
211,2,8.598366652269814,454.533472937096,129.601180540767
211,3,5.129527648377511,217.08463579977192,166.68131084834624
211,4,13.351928074828033,202.7735088420734,102.50752713798593
211,5,11.526649645231663,306.3705718267005,41.58782020031829
211,6,11.42457252290442,263.99460350632995,84.62235062695942
211,7,6.977955225374065,131.16513683136833,27.09929710136376
212,1,7.2899426090512325,43.49919476845977,81.36845213769426
212,2,13.68831980078361,49.750485262125665,16.9470214873864
212,3,2.3561025158297353,247.60190086301148,93.06038044493424
212,4,13.137302163392484,94.82113075300057,37.24086790645786
212,5,0.2500412040218958,2.575622482723901,83.8419885969877
213,1,7.617616619819677,166.14160525817974,68.2258764035438
213,2,4.447451619550759,337.3480706387516,97.45662362070435
213,3,3.0778935665509133,126.36906576596515,28.722739668316308
213,4,28.42670343274249,135.514984218817,117.10501768624538
213,5,1.133576034253732,51.552355075345474,22.535818726071966
213,6,4.080174819874343,159.8151898762252,21.648871891140075
214,1,0.9047347875204732,145.3467635170206,26.679530047638874
214,2,3.925829078010966,321.88890557863965,5.747000817313442
214,3,11.292523109522415,1.197728509120111,48.52415627629145
214,4,11.857958768735843,240.10074201296754,53.232245548289576
214,5,8.326893251834555,40.38587728593495,7.897928426125063
214,6,12.091801609883042,10.788674449463144,9.628297105961792
214,7,20.008388711394623,161.0424654477574,75.40058744285386
214,8,16.114417490199713,207.66904911971432,34.928931485614314
214,9,7.481503478869393,441.2045858403368,27.647686754881672
214,10,11.235022920368788,301.5978719898667,60.02839111429668
215,1,3.9812217044847342,394.938271649781,51.491763192826475
215,2,3.6733623509511624,228.02502091414277,8.784732160251622
215,3,12.67631229459921,366.09772797739004,76.46914940086388
215,4,25.104000131065774,90.75865918933226,55.0787632031915
215,5,0.5954948912283609,174.0167852972352,50.0617587364901
215,6,25.958918380821594,191.03343344115004,46.86279118861399
215,7,17.036113746830626,192.07673907086334,123.24588301018527
215,8,14.687791425215533,324.27546197300245,24.702557457550256
215,9,23.896489731855866,101.53116195469072,49.610793299666256
216,1,5.431072664052569,352.98033927525967,68.61070427088582
216,2,23.649316784016648,133.71445052518857,37.0532223466065
216,3,10.745933239764144,165.57523763850287,69.94843639399238
216,4,5.522653427428948,9.20865174137461,21.57362315966337
216,5,13.363588366357604,121.11333190858095,3.218360781952967
216,6,5.666586510005483,492.8797853893178,5.564264286552181
216,7,15.090340712448612,263.1640357173725,103.65731272052551
216,8,9.138349898701028,34.05165976460347,89.7018121912305
216,9,8.251243794210472,391.1694694717927,82.63875573246776
216,10,16.971087146664424,555.2722563988073,61.27992179583832
216,11,20.09998548867899,139.27316989554373,71.62845586662681
217,1,19.023922848062114,298.46098482349583,30.81900021472864
217,2,21.405229622091284,77.2165168582805,29.129333708037134
217,3,1.5406245701164671,261.81251973071903,5.477435952512899
217,4,13.031447627189234,172.0345376267669,30.825842293756626
217,5,12.720530722233175,159.7067564092904,6.4546062776384545
217,6,29.60961092744485,126.92492254562832,38.704363206080586
217,7,4.10530917195028,9.908496744090456,83.04582464162063
217,8,12.251568617141102,259.8069202685516,35.19910136651023
217,9,8.044548270601549,144.36033445884976,46.75227263458121
217,10,15.847334047553847,250.41131187580197,70.00451318483466
217,11,13.496912357744419,332.6663656072607,61.52600166161019
218,1,12.51193650875243,296.0131288155103,9.370227076027113
218,2,0.26458594261206336,242.43248000512693,38.91033479070144
218,3,13.48914305518943,1.848711895695942,35.72971328376865
218,4,8.727136508856685,165.6204604660889,89.81829083828666
219,1,4.697907084187356,71.65966672883886,76.81469623494075
219,2,14.555758566931525,400.56996427993715,42.63096827891538
219,3,19.233297033528814,284.1420047150123,95.57138520891434
219,4,26.75909719750684,181.51648806069025,56.83238095272002
219,5,7.467287376967153,431.34644564989355,154.1861109160736
220,1,6.601910416271302,33.57866827403848,80.45958955757445
220,2,18.543009367122053,337.44037983948056,149.4408098511069
220,3,6.777151549521186,289.4858517325325,2.7458014166861844
221,1,8.6192455175339,146.67625056286982,32.18328099447669
221,2,5.2048708994545505,468.9671491411244,66.41719549003611
221,3,15.383648640690248,218.8317918949645,42.7376431361907
221,4,10.10905309666686,236.8149086335677,6.133902175959356
221,5,15.34143411016988,368.27412379812216,42.13642412222676
221,6,6.338716992683899,88.71365005327944,120.36866414249715
221,7,6.834104125645104,297.9971471321811,42.417052180693766
221,8,8.294589609974489,85.28754496914155,11.18802015623936
221,9,15.17944532172585,51.0616279954896,68.50076958368314
221,10,10.634087464370477,312.8957801718855,25.601843576377767
221,11,17.561009165640666,178.82141268644946,153.6677888523825
222,1,6.847071521024001,138.97060685899854,51.75860811112974
222,2,0.2130490452909637,382.7034207079465,91.38693589221822
222,3,8.82758153921679,139.30257756947617,49.07289180860557
222,4,11.025932779105776,154.98549558718733,89.96340239931585
222,5,0.031242802940038672,93.20957450978953,81.00967967456236
223,1,12.269935797352092,406.69615008881203,135.94825175748207
223,2,13.648510538321073,112.64974320142005,27.670789504088628
223,3,14.28977725168525,136.77755042504558,100.8879421700039
223,4,14.117100851051056,94.02867488513051,51.29059243085011
223,5,3.743167455526369,172.61226823813374,27.81627038269793
223,6,18.223332601631267,517.4018085246493,7.247533329430084
224,1,3.4625140034682644,86.67508274493407,16.998876929215683
224,2,8.975335613190055,292.7777505131976,80.85012897288948
224,3,20.50024979702517,339.70937565053265,2.0187165928393753
224,4,17.21005305678298,459.99870579100394,117.35232308082408
225,1,1.5099558548422962,26.248544965680622,18.996599356765984
225,2,12.197689807394362,98.66128593399459,15.258042680584666
225,3,18.60664309926782,224.6468987176974,29.1723066183016
225,4,3.2542114106531104,226.18492225150408,70.6166879570211
226,1,12.28152870962414,38.59900434278072,79.11765556129001
226,2,20.743668642727002,109.07153934002497,36.89525335737937
226,3,15.12374896176022,195.10943593987272,5.452535123778418
226,4,6.655474171554955,245.32253561477873,37.712315624785774
226,5,9.66414046257008,197.12592536275372,29.028735613668193
226,6,15.715983167797244,128.37626047383498,9.78128031071033
226,7,25.607476033962385,188.3308865843874,54.00482800795933
227,1,20.398583208058312,106.20423941019669,53.922316498715084
227,2,16.38761105092661,454.9680096531861,75.63946444740937
227,3,3.985695914976839,90.94806973446319,22.038729562823363
227,4,12.152632168754263,128.0266922563319,71.78648660292478
227,5,1.7519769025009353,133.36263177213067,4.499299596861746
227,6,1.5052938633643862,507.6455945736043,49.65512423342413
227,7,7.297197034350554,300.10151415880557,95.84277690601539
227,8,25.6843096511856,455.80595270451624,67.39235318500018
227,9,0.7296553024024401,49.62764278895159,33.92566213300746
227,10,13.545942435485795,214.14747819176466,8.92106954313796
228,1,8.580589742822248,182.53663999553297,83.89792842725248
228,2,15.625509739378472,56.46857339265355,61.901545408809596
228,3,6.13219530159653,222.829967197412,48.07947467436595
228,4,17.12351130570637,159.7584618013331,54.732699382435044
229,1,20.333330698108632,209.3981739167986,61.52662030568346
229,2,1.166771520912576,192.94348275522785,108.17240407185963
229,3,13.001747042085036,37.84818953561597,11.046866563671792
229,4,4.809532008125329,349.9446565390225,85.06162049169211
229,5,14.17978396988699,187.79214585738185,55.905524015476665
229,6,3.2649952979847994,141.4287504584165,103.23994196518791
229,7,12.861902482701526,125.06260395322418,42.50766553567839
229,8,8.404888097031058,242.29327972782488,7.18922624944031
229,9,5.31171290147037,355.30946747071147,47.09734052163238
230,1,4.050642230679122,96.60850652714184,22.600153994944293
230,2,6.156114633072958,110.82534163599165,1.1859139339697222
230,3,2.130599321371154,75.60194384579451,73.6628407381239
230,4,7.331338989089886,168.92574663589397,100.80352101019588
230,5,19.065050049568928,157.68125852933974,24.76545957266364
230,6,3.9489878042852347,303.91636545623567,41.81171065910849
230,7,7.294535767740468,77.95031372936708,19.213343639544462
231,1,19.37404072610279,196.8180537624931,36.226105853181174
231,2,3.0484158301399225,306.1142801334405,32.916970456937165
231,3,6.721032374589899,198.27064855371026,17.279704571104432
231,4,20.69896310912204,345.18676851470957,53.06229375773665
232,1,11.877859966725413,232.14237376071966,44.3927522555657
232,2,14.54581761075724,409.55158324797833,63.221126916216626
232,3,3.1979797450615113,65.7174283771167,79.04959493083858
232,4,3.2548601648549553,230.15824809658545,36.178290343300375
232,5,2.494348326512857,324.8404382861312,78.27081548247583
233,1,0.5104548771238697,242.93769069511643,12.12076221868083
233,2,5.519539514796335,78.50061034199216,93.6624000754118
233,3,12.067357118979439,50.095855404305695,108.10612313538772
233,4,7.676339982221183,298.0067021780332,92.09351760185672
234,1,7.934480784197625,188.4425131810995,85.49780076478515
234,2,17.91199039070905,163.23446171512535,87.94599585640414
234,3,6.067077209575631,177.51652249215246,42.860602919954914
234,4,21.053437823635498,8.22708395806518,52.365506245786754
234,5,5.127754458690775,155.14775412548363,36.328697147086054
234,6,10.504447534811039,402.03762542141726,126.08001468029516
234,7,14.596000484272107,53.130054997878545,43.01492777738305
234,8,11.824214914182095,138.96151064972457,38.917000952549415
234,9,9.501876122406355,315.83182566569394,71.20726781613527
234,10,5.728840306585708,288.9251255949612,118.97445437336879
235,1,0.59063904036325,210.29422998991333,92.48765230508765
235,2,1.7052985635329243,79.10196547847247,7.98731462711438
235,3,2.318954111941146,251.4123508153139,73.57349138935396
235,4,17.455720081124262,290.7646748944377,77.44567696967066
235,5,0.1173424548107409,422.5344862438938,41.609698769819595
235,6,17.230972553674725,6.425052462690132,40.34320657927101
235,7,16.601111359974162,204.18866640192138,19.84120458838365
235,8,19.168693346344867,24.28784118590164,49.182930310119545
235,9,14.481194976178518,514.3535494940548,31.66577629017176
235,10,8.064841224381142,133.29632999742876,59.538806356581894
235,11,14.115497875985053,363.99700680024785,80.24191103923239
236,1,18.007554193673634,340.3088225074441,60.255225121044354
236,2,12.722150315910959,179.47634593314038,30.74072024848013
236,3,4.832714948022854,20.71753664527688,121.88503266500476
237,1,11.197846771151285,303.50875097129995,41.95138088431637
237,2,13.943348521412341,134.77598130983952,59.544002930644034
237,3,2.4878859861813503,189.77650543483435,89.98756615781424
237,4,15.370028310050193,293.1262622050008,61.49918700059283
237,5,11.118922347989562,9.941434690239959,41.756585078455856
237,6,11.278310485657773,31.33947563895913,20.07023667159531
237,7,17.90182922860413,207.62577899147587,58.39917123031131
237,8,13.889387759564109,52.67495742726035,33.860168237494875
237,9,20.528473231641385,126.70169050823999,39.36578818212566
237,10,5.313582844984735,88.8718660279009,94.21925409368458
237,11,7.336770892210154,131.44792702217035,59.016405705199695
237,12,21.877537691182017,29.71619661673364,2.2268538814496637
238,1,3.9792977507035454,4.628534072133988,135.46902542860377
238,2,14.578812381263843,22.71995913331176,95.40522975106443
238,3,17.96248811986083,382.80862323880234,17.677132179807813
239,1,5.776922058552915,286.03382553161373,16.706610647634477
239,2,16.933967792099526,68.28174445918211,10.602154995318706
239,3,9.203226593847662,264.9459392065453,56.556962543737185
239,4,4.801385839593353,124.08660632121672,4.678306104901523
240,1,15.651732874577323,177.95648368442065,51.09797480230695
240,2,9.639392657068688,173.66431862239352,54.119823990467225
240,3,11.772298045984142,97.41177119757876,108.85259911039782
240,4,9.53686912336092,170.05044887203763,79.78118433205611
240,5,10.129779617023239,584.8762488866597,41.60368835568155
241,1,12.462708156397275,90.85192643254986,38.00788932160726
241,2,22.53324459875033,459.65605722177105,46.93645758730596
241,3,14.221779972679453,303.5899807140253,120.30578528614132
241,4,12.416962729566539,18.156965178195406,30.95976286009876
241,5,31.93475661680327,11.206811394808454,52.011164865103204
241,6,26.194734081767166,80.0385137323321,59.07598005305353
241,7,7.800980850078059,80.86790543542472,20.51739009559725
241,8,17.26017136083751,240.22161602148023,35.35349151993485
242,1,1.16745624581052,101.70087151988085,57.79870823963034
242,2,6.129531886346362,41.27803530583827,2.9187347418771594
242,3,20.93648156561261,333.3481623775465,119.22071807311835
242,4,13.77965630528572,135.50128870777417,102.93363689959752
242,5,9.768523990467624,233.12626554355285,48.28702483697924
242,6,10.6283295349881,440.71025184422797,69.64015783831013
242,7,12.30876142607957,190.73359065941588,56.53711281544524
242,8,5.819047449076266,292.4869028460907,2.283933775965295
242,9,11.302479027293828,284.23602058566564,42.05323464708388
242,10,12.596074547297173,51.29984116486247,11.366929164161434
242,11,11.657019847184753,301.78244819315773,24.99462622006844
242,12,13.654144445775366,118.51977494354944,42.2877565077035
243,1,0.6233745350447393,83.695622834532,71.34541711220334
243,2,9.678185119875634,38.490791834906105,125.25891572004312
243,3,11.647448592181634,190.57263389411372,68.16024902375403
243,4,2.0984798697893527,12.709096186846011,36.695153725161894
243,5,12.214811765559997,391.19515550673646,14.603150832037848
243,6,2.206960762347139,275.21395501302595,44.56407958537892
244,1,3.4489207863963003,227.0508035995831,3.7283756233560297
244,2,3.28451527546314,22.70067171532631,28.482241346674385
244,3,8.719689028032512,25.183771066841473,108.82647962609157
244,4,0.7230303963329128,401.9155135793721,97.40652125757362
244,5,16.288117847823248,95.93500887548743,63.69803516707606
244,6,1.0584020651456747,336.6360552550624,47.040608738549246
244,7,7.134758497893204,16.438273001559622,49.100244745160666
245,1,7.907327054306748,68.34668313712379,31.512733736736187
245,2,5.3411757831348545,265.3502777962238,116.33049442435154
245,3,10.400508150770454,31.261386744762405,151.17733208816662
245,4,14.080290282210843,317.97056585958444,47.45095398589005
245,5,11.629104222732373,148.72611966764418,86.14783635610598
245,6,6.6581767015621605,273.4061630835533,88.77614865828244
245,7,18.721544200438487,354.79140454536685,9.056048873609335
245,8,21.009223283120065,299.63884367606533,62.22373134445364
245,9,12.94613730552504,176.2415158234919,31.33512546060923
245,10,7.420463514907289,393.21909328095717,53.24207390599594
245,11,11.972025195900722,209.0212963890793,23.28300278433488
245,12,5.0277465251677445,315.30801713039716,76.51110600588947
246,1,1.839605679831232,478.5265494273758,49.29856365266188
246,2,4.950880746797802,317.4210237488635,86.96044229028689
246,3,1.4540653015623182,574.7300176961169,61.05323372004223
246,4,12.81646391918039,274.5849727036793,69.80551480183891
246,5,5.649686166998656,516.8778936444203,38.59246213025362
246,6,16.702624443503282,128.75980666681284,23.90933987586742
246,7,23.31305229275693,183.74434450717396,48.63571196041822
246,8,11.98532043853507,590.2655706981203,136.75044671685708
246,9,18.986478258280414,628.0433874110674,12.216931203163654
246,10,14.591187934839727,211.37343964706574,20.763509281434267
247,1,11.14413422632234,219.32744320338713,41.366769782553824
247,2,17.9650044317856,146.95211676776734,59.09303627292761
247,3,19.08108273747882,188.09357899695317,58.57853069870205
247,4,9.32530754579572,385.60546903453985,39.69101753654819
247,5,18.98348204101744,184.4618158029403,15.621611062079324
247,6,14.755612194018848,154.2998249366516,74.82003596396652
247,7,9.105830694466139,200.78078928424196,31.615788049700782
247,8,2.5571891942810536,117.0138497240301,27.051874228293936
247,9,9.664099436045932,5.098969192743368,62.65095121038855
248,1,19.563503496440518,231.8961786271467,6.398778038128427
248,2,11.882593739244896,453.21433154203453,52.4994707512605
248,3,9.867365595577981,327.9789599265305,70.99342237906633
248,4,1.961824487391894,131.71487378785832,125.75817294074112
248,5,12.278116317935268,49.03500392423442,42.326168647517804
248,6,2.478110865870928,78.62830517338688,89.29084941486465
249,1,9.968698313994157,326.77245021361125,61.99246303973684
249,2,16.841343333100493,282.05466635785876,91.46097081624492
249,3,28.349975447947866,263.0025712922554,57.36096579069452
249,4,18.30934244887709,129.76527458444565,45.2324893613833
249,5,12.946962327949988,210.86225565927563,52.71653763203552
249,6,16.29845442328419,54.40822592793401,131.33836313888952
249,7,13.40130012589193,139.96080052786144,115.12211633395158
249,8,10.724738354926135,219.4847806394386,41.41186869253478
249,9,20.27385564707287,198.59735312481627,27.66336136556808
249,10,16.991410782018956,377.4433063633048,114.26433254688563
250,1,14.435193294347437,126.37903002553698,4.7605044605765485
250,2,9.11926453916167,39.03630074560769,16.043813745181417
250,3,0.8392110830760267,176.97489566453243,15.342089201904066
250,4,16.347489866728004,260.8775400039348,47.205925272654284
250,5,4.41760151859348,257.07804579744544,77.62803557394548
250,6,10.998818885411412,440.5552783200396,68.38549272299264
251,1,16.39525052297624,4.754507185571839,48.67876364053046
251,2,14.426424679194724,497.8301761751571,25.702630956858204
251,3,2.188576049276323,308.44979870576367,56.59432041890523
251,4,8.45441341806705,265.64418406971964,84.47376828239993
251,5,15.159279787471366,245.25899963309388,102.67221889136785
251,6,11.381766646849943,206.46813274559733,78.55566808372514
252,1,1.1762926393924769,96.49410710110733,45.56641851229086
252,2,11.048815100078656,419.81452314915816,99.06639337242117
252,3,13.160419377324624,465.37867538549955,30.647245184022083
253,1,0.6111819093428359,280.77547349585655,112.17129766444103
253,2,19.58846771373665,310.1638779214501,106.89691821143286
253,3,10.373689907353151,294.21544547505573,22.76897734699279
253,4,12.045858193089984,399.4301365955787,26.42306354052436
253,5,3.9698959937499954,214.62334085355454,40.933511851040016
253,6,14.544034047492943,132.01107110794365,118.73758462410856
253,7,0.9722673142726102,388.0602179329602,19.406030867675877
253,8,2.5718791420881644,235.68127345233012,39.81568055944466
253,9,2.2327344246787844,52.206533757289606,49.66556850914173
253,10,16.830858241366727,287.7430239629666,52.26826595357062
253,11,13.351933012524146,195.91788014332144,7.188969721214846
254,1,0.0537421034358978,449.0798806111791,100.22861267763267
254,2,6.093428769802928,174.0189164268406,63.967489114188695
254,3,12.197547414757462,302.1454635418285,58.12245419585392
254,4,7.470705026453658,220.54184129566542,89.95140993165671
255,1,30.413949249030257,328.8502149456024,51.99397007371623
255,2,8.056669106044374,205.29082889679555,20.912102056277018
255,3,8.948770440235698,126.56949920141521,45.96620726486161
255,4,6.824210112373688,278.59278109069993,82.73621599397742
255,5,7.341989258497182,78.21804966999034,78.4648693673669
256,1,0.7952395910997936,348.9417004637134,64.38270953152616
256,2,10.995589816614363,395.6821977220851,78.71389530554978
256,3,4.472690403888136,376.0086591975056,88.89046069919553
256,4,2.1745483549616456,335.417160290173,31.310017116031062
256,5,16.980037672604322,149.30798493965648,28.666691091381637
257,1,6.9880811481737055,187.71887342137416,72.54694617080624
257,2,8.119254857325302,252.1510313367499,37.191546455609824
257,3,9.602142034551353,51.925418937010505,1.6678593736266905
257,4,8.689841164952973,391.43959818103315,64.84827053880235
257,5,10.12761697995982,197.07044157993468,21.454844271821308
257,6,6.1921161063912145,264.10640682061955,5.414420737779778
257,7,14.151378351981148,141.72393993217207,83.02228299478261
257,8,16.727654200624585,50.962601875861,26.736769470911277
257,9,4.011306184415634,71.90919476097145,8.698668951623574
257,10,27.08879091685738,291.426484431866,126.69151874423017
258,1,15.80368908012835,46.656166185570896,131.0630165444507
258,2,3.0030064139930177,220.12762134351595,11.25230649041881
258,3,6.022360820580722,267.2010499481004,74.15442395335063
258,4,1.6815791565718818,366.2427830666703,28.93593086846156
258,5,2.4218671463516532,27.772800447776746,84.8490479238844
258,6,3.466166490997834,13.674195891129756,67.26398564592611
259,1,12.090742790670888,79.51446943758566,26.160003267873847
259,2,8.463751318586652,164.62583551314063,47.5798608561049
259,3,9.61511905393944,125.18407365002321,28.49850792610723
259,4,12.083924701703504,76.42139149554853,46.18706207638728
259,5,6.059288880133689,244.34078654648712,94.34305121273086
259,6,18.045644411833138,393.39363088065113,36.63628898631525
259,7,8.249671057181882,9.657152981272333,36.298038886709634
259,8,7.852135232364949,107.4278546570831,25.12827426309062
260,1,1.8838873312518576,236.70506396925606,141.85357263717435
260,2,4.370116653299319,430.64009023609674,68.88561609702265
260,3,16.366147292329547,251.18515575251408,125.13109406976747
260,4,7.759454537095099,274.58303576650525,102.21891762282706
260,5,6.088101120501193,350.06550159450376,49.254469776226436
260,6,1.355814608659358,17.738436782483035,46.367206664984586
260,7,16.936195851230433,111.84543474512753,58.01800156515386
260,8,16.246639944194357,8.307517201820303,24.641334974799896
260,9,14.00656859104355,327.28069210129814,114.16392888796142
261,1,7.133363718557713,319.9966201871095,82.46260878830094
261,2,4.251069259731764,333.194967744793,38.42136314705988
261,3,10.132747567161003,205.91895143830482,139.92667844023362
261,4,9.16422039773392,50.78544017630236,21.411459954345503
261,5,15.166311705741002,157.3898059754008,50.59824563328082
261,6,6.976337190588456,222.49128557795626,18.879723650406163
261,7,9.458954536434076,65.42121681354746,2.8462924300982166
261,8,7.619981269665168,150.3027232055109,65.77687515779579
261,9,8.062000354624507,253.6450660338554,21.998364197342344
262,1,11.480975299556714,123.37134865964241,107.0860099185376
262,2,10.500767137154224,361.789267416781,58.19603431908498
262,3,8.068124998252753,129.3010244644411,9.51383846710884
262,4,17.676292284234368,135.79821019186966,70.89187366466366
263,1,6.319785117123676,272.50989191869337,97.5469592862138
263,2,3.51697937694506,51.643570879014675,61.008179789215355
263,3,1.3554067470375522,72.37374995515353,96.98582920034195
263,4,19.442289679659723,22.997066868022955,7.279470443210855
263,5,5.427672088543988,387.92125281793494,33.57046189687423
264,1,5.8684977145965735,181.92538791509608,24.23733148753746
264,2,13.404011133186263,34.04837643843368,54.066230462641165
264,3,6.190078969528233,38.338409760448485,17.825539929495314
264,4,11.580516238598648,7.77635406967633,20.04753315905692
264,5,14.642913668851346,590.371981231147,69.10355278212019
264,6,3.5791685047589876,144.93287448915333,51.26356024610313
264,7,7.554025345550048,335.45872501054,58.69893932056898
264,8,16.35496669436909,152.8334314553556,103.02000878885026
265,1,1.2834121211609002,450.7239076799989,93.35343559643589
265,2,9.830752898052138,73.75090745435573,30.377297014346468
265,3,11.603584582668317,162.25515999710652,49.42003341939792
265,4,21.270960429231096,338.5512819949282,3.1688612533345335
265,5,10.538433015927534,121.94547352443276,61.917725029928796
265,6,9.556680154438105,645.154816815011,67.17046630143774
265,7,9.060711956832403,476.45090860002347,58.221978354103214
265,8,0.6310700725624034,181.3329530596976,74.54812989488214
265,9,13.391706380288117,350.77620565524853,56.14865874844608
265,10,10.581776800952648,10.371295253528814,111.13689031448659
266,1,20.43816482996126,154.91960222318477,60.67903132510241
266,2,21.7500177504413,118.60406138182765,22.399496007416595
266,3,20.260851850220742,363.88067504124547,70.89780843706777
266,4,6.859821888236159,67.72722515218709,26.35137523030505
266,5,20.836057545730846,105.73359662669806,54.056918569586315
266,6,4.7240464859677775,326.41610451485406,28.45094878614235
266,7,9.3168427689191,52.50731995642383,14.534729448197595
266,8,10.053712353250544,1.2264267203357235,134.20346557338007
266,9,4.430661784785746,79.97370520038439,50.668034690702015
266,10,7.444069435429508,34.378181500412154,11.682886420189277
267,1,9.362472546427217,21.64444884736284,89.68311154650559
267,2,9.730960181828394,259.0226013801599,42.59137169147063
267,3,23.711322610721826,114.85270359275769,25.755573359611724
267,4,0.9315070235271143,216.9370399608989,124.33628258154721
267,5,10.875263714700814,234.0673076416765,88.92856424536345
267,6,11.134675886940807,379.89344046002924,103.90969800348164
268,1,19.39896607260866,253.63638362439522,26.920429336313347
268,2,18.543297862307057,203.84978569963684,55.34622004224988
268,3,17.999426866672863,148.60683052284304,86.64961851879728
268,4,15.914500492359096,178.16825395403438,5.847732641835428
268,5,10.08884234878896,370.5879869962524,82.79072277901952
268,6,21.9717527378212,126.43996901402562,81.17201890928942
268,7,2.9559857231343845,230.2375940960544,94.2164962085993
268,8,16.344972111807294,215.46095628861315,39.277913497548376
268,9,3.036183060415082,166.13400909262967,2.408153661549221
269,1,7.59764166214905,126.74521255443312,37.35443081441375
269,2,8.626771746774779,237.55943994440935,36.78568133692502
269,3,18.59131441036238,55.66005725318527,92.15814501957138
269,4,7.420474338405732,171.67506250960167,49.61538086545427
269,5,14.939494302791797,67.9562661546085,23.725630911220055
269,6,13.503917703283534,54.72682440628864,48.63333476438991
269,7,4.415892306570076,48.765623831768266,15.538553930593196
270,1,2.5130806588587458,165.99833343559428,76.44945392459434
270,2,3.665339577607993,168.77109008288934,104.19958537366429
270,3,6.364610823832089,201.09244805756288,45.77167676097248
270,4,8.68545860290703,450.2717246501013,62.23013236136241
270,5,0.9912746981615026,429.26297698596363,60.99253844789951
270,6,7.384979454429221,402.41637584582384,18.85240147499755
270,7,22.009900650164226,213.9953963851341,90.22235388024713
270,8,31.472514781106554,227.01373082166285,46.12672399839305
270,9,2.5307927678414455,181.9144314846178,8.553128989306728
270,10,8.691220993724396,634.202619571,54.783918182994356
271,1,11.478746623961031,288.95559108946225,7.859433550107013
271,2,19.61363474315533,84.83894130944881,21.3611189832627
271,3,14.13159027244215,251.86411276151986,50.926269442824356
271,4,15.877200584780283,25.841714186961838,123.77414186701483
272,1,9.475060891521181,121.54446990089272,17.745126237729195
272,2,22.552015940128666,144.63304701158543,82.83891168809066
272,3,11.750873583963159,155.76660279454833,4.331019827401974
272,4,15.384620878088548,151.65437608830916,84.82709899896723
272,5,11.058998764743212,292.7865143635353,50.31052067149688
272,6,1.3595910928560588,260.23200874117447,83.95599662137752
273,1,0.2778388087343284,194.70561242169794,116.83402117774642
273,2,25.43395505454706,297.5347264174319,10.750162055973206
273,3,3.874357712374846,331.37559931485555,103.26541719871356
273,4,5.506021038826654,413.667574236091,40.817593079851186
273,5,14.999987832709625,371.8200479839011,9.270713958943311
273,6,13.160071365734328,414.29638160218326,27.573399185573546
273,7,2.603929950959362,274.2178152995147,55.33773116175922
273,8,7.70887178107934,199.6680935060366,16.81176023023403
273,9,12.831327259953786,438.8896783010531,21.412968408637134
273,10,4.201081486847829,225.8842615986326,163.83509801156012
273,11,17.699182914874285,185.87378229060516,51.583952722085506
273,12,18.39192812931724,63.593712870638,74.46970426657617
274,1,3.3819133965339914,417.56846226886773,54.10334275372787
274,2,3.378425143457142,30.803177673239645,13.288032539999755
274,3,1.3710613563002614,300.33266400058335,42.99553482363285
274,4,15.432033208298954,375.4210429875317,86.43127667784516
274,5,14.438163842298653,243.12936802298336,42.38547746727768
274,6,9.1344771093626,287.65452335692663,11.547384329295284
274,7,9.622806740988311,88.57367127085408,96.91928314301846
274,8,15.019401288389272,520.6181668363365,19.691949710398337
274,9,5.446683306326214,208.62516503664324,20.98166029740085
274,10,13.763338624637125,192.35703098416542,30.458771932012613
274,11,17.613231952300882,77.43827656620829,71.6845270735567
275,1,6.1420727249121025,49.29106585318175,63.17000248637335
275,2,13.882648681581781,0.40397692309684885,26.144003760807706
275,3,10.210096898316372,110.20277927009953,41.087135432531014
276,1,11.2958637366678,347.18697950966464,46.886562007044674
276,2,17.71930649463392,43.106377416412016,56.1155706640257
276,3,24.74628083723251,38.584714476243505,15.15030915755753
276,4,18.959801923334417,233.07876979029197,25.939998333608006
276,5,2.0922845514615034,194.60170957136526,55.343163611215225
276,6,10.969691002733041,29.082887371167885,36.522043094853544
276,7,6.02341937558353,296.9665837094763,6.782022916237253
277,1,10.53219441226276,34.43621560965252,60.38382586795816
277,2,15.417140214099756,326.1561915442429,72.97545404535504
277,3,6.51841326801816,307.18246421952585,62.362177524171514
277,4,10.937593180664091,108.24603174473025,30.12495490633887
277,5,10.517208552871878,565.9811700478252,62.04969920365561
277,6,5.721680484247998,75.14158325458358,30.329335493751888
277,7,25.24105413284346,140.1115031081057,86.2748213844114
277,8,7.368502281700505,239.1776811919443,81.66981096034888
277,9,5.996680051330532,103.83325187708456,116.3547877782132
278,1,12.40069387218714,102.94612995520153,50.80495611982829
278,2,0.3626627112796079,31.520428949033004,82.12241954635113
278,3,0.38426166474024726,292.22464515165336,22.954037917931323
278,4,3.478754692945829,180.7854009147204,108.53845386213371
278,5,3.337915276111133,190.34410759789108,64.15803177507928
278,6,0.8075843966747129,116.97119474696667,69.15295640031252
278,7,12.053213293743317,130.9136650288618,59.476185187012874
278,8,9.284357350700958,54.437513065620834,98.01961827094925
278,9,11.451944094730031,76.3046765858603,70.86698596686986
278,10,5.691389050044559,156.58457140278608,50.3277933678696
279,1,15.348206729601667,340.8426366801232,25.015135996728972
279,2,14.474414580686165,276.489197723056,73.135467058823
279,3,11.069221750083576,342.5659767694099,96.86082781810865
279,4,1.4370596472561985,192.69135450916235,39.82045016267129
280,1,19.12978639878174,134.6124599819708,29.162705588728663
280,2,12.626330118596051,371.42455093343517,54.536607927926326
280,3,10.292735435267373,95.47009783201203,95.03027396128405
280,4,10.861355505911456,166.18353088745,36.019724921649185
280,5,17.18777916910939,160.65146055513083,91.17590472541285
280,6,6.698977076504248,308.34582256741095,58.283847213694486
281,1,8.624310061617074,337.58507677965235,25.676854177914144
281,2,21.719708930181355,179.52220169605764,67.97566188240373
281,3,6.869976264824032,65.4302469266405,19.637143202816418
281,4,15.499928393843511,259.3126363151363,53.74770319778073
281,5,2.029689163530711,412.31990001267263,54.23490374164997
282,1,14.920221810950764,344.9220518613944,69.65096082905131
282,2,2.1068633415386575,567.2880482261086,6.144648442872409
282,3,16.644842219976162,264.6925725329448,3.034305100755418
282,4,9.129893427850506,188.18706706330394,102.22330863242094
282,5,5.006823698038519,160.7082490363469,43.442784200850525
282,6,22.14333955186504,39.429763546989335,63.076434569567
283,1,9.290145191946952,28.901118122481137,106.42397664039136
283,2,15.982102875927922,142.52754146031322,58.717874718403294
283,3,7.362857664088563,125.6137505443806,49.460858904847555
283,4,9.823296059524306,211.53958868156417,2.924178133491864
283,5,21.359223077932906,318.7023696190053,7.346549203141429
283,6,17.161352614290998,130.16690169694516,92.20433282859678
283,7,0.10028281035380182,225.50925837587275,1.3491984867386009
283,8,4.138392763649057,89.7496870528272,0.6217686749644713
283,9,1.317925824031315,4.802609734046996,57.54458624854511
283,10,2.3633282326968885,244.82155357138265,90.23564127076583
283,11,3.7766127946115144,187.25787780580796,36.574240628504725
283,12,7.119400284231675,183.32380925144543,4.927641055698658
284,1,20.229982830040505,163.7483053230094,63.900721436210745
284,2,24.254432602593518,313.0296126651024,22.05212258964767
284,3,9.869047533060845,219.69033067572585,76.61427150579817
284,4,11.67683404608462,484.29858634282556,40.932542851953215
284,5,2.10933988198755,232.1792854245877,32.3549920321557
284,6,0.5282169310419125,94.47140274993295,35.66448127290719
285,1,17.978629513753397,210.42946765577028,60.28227878575474
285,2,4.358688505587885,185.84267760417478,15.771174609852487
285,3,12.805870462521684,21.649553500544158,56.609625884748795
285,4,11.687564173227463,550.3968754779304,20.1777237302947
285,5,28.590323142388655,313.5026915882986,123.09258824562673
285,6,16.33685597476579,58.468968645750664,76.3136002595604
285,7,5.3404308238150815,186.77829864620836,3.0125962418173557
285,8,5.24911637203661,334.5464807458402,67.51826027395826
285,9,17.169611637490526,9.671800372694975,24.817635577174244
285,10,17.712009985183787,354.15093045319236,58.46149781166846
286,1,12.93457954125717,225.45397369569255,69.27871308211569
286,2,4.685715176827469,76.80704238907111,87.8198921863758
286,3,9.444225330301544,242.75521131490422,37.744182916539216
286,4,16.291087418095508,108.82850299555135,44.57595040396469
286,5,15.501949688921922,375.9451548746399,29.049628358932665
286,6,23.71778787369118,246.98625405404243,8.28286952765049
286,7,12.583364340129776,142.55011782748136,67.36273948732708
286,8,9.700006266377635,211.14105352852172,13.536264936554161
286,9,16.93042861501452,26.580894927345184,5.649404183800193
286,10,12.571522444032407,440.42663707669544,35.89627611742371
286,11,14.906806258927759,361.0010265295318,82.58737749176277
287,1,9.223058548243202,123.66196073763204,35.69676100207223
287,2,3.837073916172298,280.5162478825862,99.47194165411233
287,3,3.8870573437304152,182.47774288217357,6.192242716654455
287,4,12.71623581840654,233.6364555610548,26.84149513829852
287,5,9.420757113319269,329.7913406541356,14.294862813325338
287,6,0.9572372833547274,287.2751901164681,52.179113830956496
287,7,9.508833103841564,341.44788299396714,78.17735894986865
287,8,22.005728380406822,334.240490053221,71.02902051756239
287,9,9.622275131721334,178.37550302958374,49.870396062893754
288,1,11.560858987200053,10.330763550521823,50.15954242044491
288,2,17.765661169115088,189.58488972810053,0.3058175119618767
288,3,11.277940934867399,129.8303804035799,95.30808692864446
288,4,15.983516009891328,119.42608062790053,81.19091241612509
288,5,11.898579299394092,405.02142000804236,79.487252267943
288,6,13.828970074143449,399.1939218006445,50.61618726230403
288,7,4.588296808426505,230.12596080411575,35.7834278348581
288,8,14.229375844047901,209.29160524672812,66.11747489682122
288,9,1.5711968697314038,276.24298030334364,1.4089114741683701
288,10,16.732321270747452,344.4881564883558,63.91816530427158
288,11,12.170608358467721,166.45158940806198,25.870853134784948
288,12,9.895145561994354,497.4027382413755,59.17275667152089
289,1,0.5797562716530127,6.446893044892931,42.771996319351125
289,2,16.454885979697615,24.67880395559385,87.88286753718393
289,3,8.741071761126396,340.9443270391596,58.698802455671036
289,4,19.87578492485884,6.213500061859207,63.162811637160665
289,5,0.5809569485925632,262.93074401391107,63.11279671450886
289,6,8.004429060945592,82.4304162687069,36.98535980014135
289,7,10.683568689579317,242.6280167453967,127.29263906173155
289,8,16.113915377806222,111.96547688449913,73.1750259826491
289,9,16.16923354936608,101.60496676154158,78.08624146170452
290,1,11.683132535980079,475.8359846464257,14.994878881572653
290,2,10.21611228942977,300.4914164240932,60.15548762662389
290,3,8.264930585283144,136.0511200337286,38.592221012328636
290,4,13.724226277958664,271.0658542788272,133.78874335394175
291,1,17.024417169170285,37.73968193182935,38.42811139610603
291,2,27.772358615387148,28.61536444163849,108.89482870109474
291,3,10.848737170340279,239.34772062235888,17.625550709973332
291,4,15.591254278643396,145.11127806273,4.088594106103983
291,5,20.189622822000217,142.12266609066427,24.375337886227484
291,6,8.119051691254892,321.21042689901634,75.93447218666651
291,7,5.513846045330383,53.37783053221597,4.647088368357679
291,8,9.840657798251952,222.64936119089003,78.35842722948122
292,1,4.147016246133704,225.49170665772243,43.563802468936046
292,2,1.6813073048195033,229.0698070650638,91.08281202576556
292,3,8.49102439606735,240.22504247329607,60.93244998340657
292,4,1.5696912097472762,508.4878731061394,31.166006795108643
292,5,14.592813413021895,315.3822915843574,44.41619491536993
292,6,14.247565175417442,236.87288327245835,6.705590289096236
292,7,7.674091091249382,108.11736464689072,31.530198346154915
292,8,0.8719777551435346,368.96505751190455,114.07970618453652
292,9,16.84602083198886,390.5793836220714,36.21460651967375
292,10,5.5462021550977445,83.21194297824327,75.7625969182889
292,11,11.589441372009048,188.41674326023613,101.80594176781372
292,12,12.8345894767074,74.20135437191229,22.76364683457221
293,1,12.395879674387418,63.47799889154277,62.51293544972756
293,2,9.896420407182672,338.73702414877573,101.09291058713794
293,3,10.212183370332527,257.31439282760164,25.59497404976311
293,4,5.6495628081660865,363.97882846844453,49.79587656960777
293,5,12.291353871484981,173.9517238117449,99.25410638472673
293,6,9.753773149858837,470.33804942264186,41.844063046671785
293,7,18.02444231353733,24.73546442559308,42.08150612348831
293,8,9.80251487811958,10.089455538429291,47.60294009583901
293,9,7.107630910517193,290.77149199330427,7.425041292941479
293,10,12.972577779145114,329.59240055036605,41.771799971192394
294,1,7.86764146151685,285.82596965561953,69.56936054200142
294,2,13.30308963513673,142.48730870466022,36.894662507601566
294,3,4.901695121047815,315.2291192158772,13.180448490416872
294,4,15.950254766326989,231.17798572064692,48.19822086179386
294,5,5.403027201564734,3.331279174618942,24.093889744878176
294,6,7.689951919625796,155.35364673718772,42.10579378661343
295,1,11.287624817509938,398.0364450879001,53.70050417095018
295,2,7.45258923081685,222.05128798303332,27.530613437574228
295,3,2.9943356417011433,291.9059429051704,26.675540916542285
295,4,16.557272844712983,319.439419929037,56.65266037500494
295,5,16.796201223617107,118.39111729717534,81.35107622620048
295,6,15.45001028094495,154.7867766132623,32.811224436033356
296,1,20.222916260651896,238.17391613265323,84.03777943660252
296,2,1.0474855988722087,302.3877482566231,15.78567074818578
296,3,3.3622736133444118,239.50511427540673,38.96199338430539
296,4,10.192480181405596,489.1080265056679,50.47257269290377
296,5,14.967912032143108,189.98511068061632,46.14461187329241
297,1,3.1521252128946022,400.3210846775982,18.98483881309574
297,2,5.129332725616841,176.10071337359736,121.38235555414344
297,3,8.842031634726746,0.8738764193853967,29.952914521878597
297,4,15.299392012735918,303.49104153441306,41.99133334033375
297,5,14.783902714920213,140.9758303820248,54.153169401307906
297,6,16.02479794958041,75.07050872681972,16.54645854014848
297,7,3.0651370693443276,438.4843392216041,21.193840919137333
297,8,11.687302945034782,290.5875562225062,110.48271796565813
297,9,8.922715582100553,119.08553093323721,56.92270594282214
297,10,18.988561935796007,174.47412028988242,11.805236736636942
298,1,0.7853046582075365,270.737608194353,88.50472216068859
298,2,6.052493641523982,148.49067879135583,67.86562006621543
298,3,2.5206218034287193,269.8388263092798,4.998037618107475
298,4,16.591573736583534,522.1677240860769,22.11326740735059
298,5,0.5524938559624708,173.0137053797712,39.38960867520916
298,6,14.625066771212914,235.109196634147,38.1467886940526
298,7,10.634295212073429,31.677137733721167,83.16860173553067
298,8,21.32572800068421,20.360429333094032,13.170119097299875
298,9,7.185381012765044,16.779428431501287,1.048707324046049
298,10,0.18587053046486446,170.95964059889013,33.54310121375808
298,11,12.612798468946187,115.54787076309977,1.334276178373024
299,1,15.115198814837076,12.041506423631148,96.17194988173017
299,2,13.000896423094169,283.33219591314116,14.171997595397919
299,3,15.299645290523472,58.58710717450589,16.07212514381883
299,4,18.866089977728983,306.28916569655246,61.66032353984381
299,5,16.60599714058147,351.9789010920721,80.31660712590336
300,1,8.478004379566586,246.33444399039456,65.54025295437732
300,2,4.36361479994523,221.65374323381494,12.405311199140755
300,3,2.6270868956588194,42.62346688623603,66.24286327840204
300,4,11.14570233560804,154.56726831797283,32.647736516487264
300,5,2.8107454210231353,238.45993388657578,37.378397484145665
300,6,16.27198047289544,221.9317033846379,78.23135540816125
300,7,9.949317209840972,227.2516808233392,87.24505110751358
300,8,8.653275149631126,270.77823323022454,32.25902340798399
300,9,9.082251632628498,439.02859979142227,75.6202672782837
300,10,6.209787639774472,263.4378740340879,1.199250945031821
300,11,8.451654497665377,56.986354876624546,68.07624790533347
300,12,8.67747899832264,242.52177133647626,80.96718074172907
301,1,6.778500186460652,176.55428594457808,75.32822358206069
301,2,19.697420878608856,157.3361770829792,50.231406440348785
301,3,13.242790798657975,14.63323750542554,43.89395995352097
301,4,6.461286515311731,342.7899460638281,120.07301807943328
301,5,4.560562267858802,391.9985345181136,8.3348977256572
301,6,11.404715792497306,238.99952143589638,9.356577753877822
301,7,4.201012528857531,61.141873179603294,2.4559691804011052
301,8,8.663525372266129,168.91258276530857,46.52904660771065
301,9,9.337621691762129,314.8559156695777,27.513252782382708
301,10,7.332649174846297,583.9966858781654,85.47023651851148
302,1,16.24724568459387,305.4827382285116,62.97463896975202
302,2,2.158608389911744,89.9912943628823,15.63582903799437
302,3,4.9282741167602575,151.44758689382184,39.338107828770106
302,4,5.444444414520778,86.27542707501077,40.848626243224736
303,1,11.173840744016928,58.11946348320018,44.65362458468734
303,2,20.333762423946485,420.64695636718886,101.09205751993781
303,3,5.353714658889611,42.534624608419875,9.654594785904472
303,4,9.613353283448266,77.95397987132793,93.91586146933302
303,5,3.9607130245882214,354.8788914580914,84.83355205288063
303,6,2.339304990394411,389.2931867620539,36.671573815403114
303,7,5.851107063207965,136.78287353534512,36.57269872027385
303,8,8.294282244360131,166.85400170411742,14.387363493887626
304,1,5.392627595948386,288.5489936662518,78.19472327188282
304,2,30.48310136962805,19.01277069387828,53.44939501188786
304,3,5.210029245020044,252.57496576870966,105.3262867653387
304,4,16.034779653236143,18.85932386503086,77.38630164012189
304,5,4.793455552667883,156.9879043271534,40.03797755201253
305,1,10.140096635011274,313.04664224501954,81.34641896906831
305,2,13.09635381983338,387.82385554491646,45.08124213462522
305,3,7.432976319967768,147.97040181130842,84.33492927888508
305,4,12.556267282118522,243.69254985353845,81.80936997028728
305,5,4.357366854976984,246.51032358127256,58.74275555494863
305,6,21.681656569104938,29.288197339550038,112.28746529507032
305,7,10.52786390247266,273.34842959900675,117.03675150437506
305,8,13.92532887603901,260.05524341938417,59.691647432092736
306,1,11.667915668906957,463.8748708205327,25.23906695101688
306,2,5.947063757010461,328.7555689123096,33.12010493066317
306,3,21.22681995302991,350.074495473584,35.14555571739363
307,1,2.680967822697273,243.79598001001776,51.073181236992596
307,2,9.92013644801384,276.614988289087,23.618485109475635
307,3,12.327314017574757,400.61330623590845,39.81176236512949
308,1,18.74094453888503,396.11901787120576,29.825055121545564
308,2,5.135806351081366,182.30439852549463,21.353131895955123
308,3,12.4134359931698,271.2518375527749,12.156380983094614
308,4,3.5575067717027373,22.2291456411688,58.587499587900794
309,1,19.51569656261521,4.9317386353339145,110.36960079310003
309,2,12.674820194147625,224.10282471884796,114.5913301698931
309,3,19.412796212614303,297.6996427992806,68.92868263247932
309,4,14.314760033712513,139.9913849176211,47.795942010707165
309,5,3.6837799178382014,150.0440336391622,35.33464485324268
309,6,5.552862412648348,220.51197539726945,37.04076597197691
309,7,13.515643042463818,43.34809199406479,45.46580823570801
310,1,10.92086148124247,214.7602500222303,20.13472643852308
310,2,4.269717735647534,79.32848928925995,60.19938929910947
310,3,18.354797297034562,252.16409723403368,85.47286849709532
310,4,9.51208656617524,221.33378010445745,116.11982675394601
310,5,15.800934913249064,340.55400971132667,39.43181478667323
310,6,9.963125563432605,260.8496685799837,25.743929510122495
310,7,6.5422534272886175,259.47004574432697,88.45465952199712
310,8,10.38641227656628,110.61388387804301,36.77215418228904
310,9,4.197911284051537,150.01610189563965,5.396607716988015
310,10,5.102508645527687,25.147508952435544,1.2390973775410572
311,1,2.9712130266908723,33.811216070770655,80.16056285577956
311,2,10.90280475468328,154.549831000619,89.8249736902309
311,3,10.504513744955178,315.5560893611095,40.99110646556231
311,4,21.23283440916723,142.71670348110064,55.43355878052823
311,5,3.774408136426038,275.3208693951657,56.36346103375465
311,6,9.142400321086361,52.04208930551172,50.73676744746164
311,7,9.899370708162479,196.30263959845047,71.50680472807588
311,8,11.272382267686721,162.155648618228,9.89740600009776
311,9,19.51996689393713,497.2402103977026,119.76839290368244
311,10,14.893566207209243,51.262120069264654,21.893399117330773
311,11,6.1610397761033715,191.7872666178839,46.16691676966778
312,1,24.14921299799076,310.9871967102535,12.745027927610884
312,2,6.665524698648682,10.603567243917098,75.49825599720586
312,3,19.271602179619578,146.24092405836598,24.455790157680198
312,4,12.52328838974762,70.70256551424279,21.573239235517654
312,5,12.18069016242309,384.7976180479152,79.58006912481547
312,6,13.006506918056724,176.4121846120184,2.8174384662241962
312,7,12.435594818990353,307.65949470387324,26.19670613761651
312,8,7.435455765796211,366.5077886274855,34.30097920199391
312,9,8.106075458798822,186.7400282009614,76.62230331757685
312,10,12.053318429667584,232.88945006719973,110.71477252009123
313,1,16.98272238904495,70.44698212243912,34.44201431260858
313,2,14.362267096184361,223.7366329227196,9.247800587002061
313,3,12.787840043334421,24.888341955113646,15.298118624993357
314,1,4.662095095387573,364.58731800368275,140.25577551119903
314,2,13.061243561870084,157.18687455837963,11.597266207317205
314,3,11.83284228473583,295.50991450997367,50.27572605982558
314,4,16.26806546095383,427.08345315560973,0.38752802626746785
314,5,12.05834511203352,85.49979991348368,17.438047807006633
314,6,15.039047705650992,192.97923869195463,14.435936782660818
314,7,17.349378148072788,118.51493159275415,84.03548915032562
314,8,13.588773823144876,75.03083283891146,84.75624471322446
314,9,12.230316481396212,226.2571524903277,31.27395103857125
314,10,2.2809317236439703,137.19799042924538,32.38206613395941
314,11,15.961332781128963,47.34768370741506,108.82859559867433
315,1,8.527496773561618,151.83808558111298,34.46355036044899
315,2,11.559012438206752,414.42794877889884,37.876291212330955
315,3,11.19310099104954,309.0305785617404,72.16571706050995
315,4,5.699035328865106,214.45656846710537,71.90159280676212
315,5,2.1015406374245567,389.5308516194762,107.26355620856444
315,6,4.940538211888544,229.0505027522253,75.69113026684127
315,7,6.180700905698732,272.24207685321414,56.530225051686614
316,1,0.2754272434716061,520.667741073792,88.03548935370199
316,2,11.862885776272211,275.55951341968216,79.73273359686581
316,3,21.797953534983368,376.1433614464821,70.56823020865131
316,4,4.899424055300045,262.2391378704219,73.15739733576933
316,5,15.444970594227339,89.91509497518665,79.5228587084938
316,6,15.603584279298978,18.52009938078143,1.9427457566724442
316,7,17.826107581550403,71.72487330450349,111.50941127580072
316,8,8.047435151890173,257.73047716515714,63.45184913309239
316,9,4.998712837442988,408.56844950452444,38.88096804538154
316,10,10.411521744825318,97.32484062107602,3.4556196339208682
317,1,17.889901491961716,63.26621669912305,82.4214445931895
317,2,16.58883906071833,234.75815003212873,59.72186518614597
317,3,11.14512380056393,94.9393722997758,25.40688198203954
317,4,19.262588634424386,310.2862166434434,58.2434793802
317,5,14.200457284466529,190.8374706830368,57.39787077304315
317,6,14.161618378190735,111.1421230494384,86.24555672365511
317,7,15.840381548099748,82.89675843388143,99.76410064626891
317,8,5.521203492624823,252.94296272206287,51.59732186225013
317,9,7.833702477103921,202.905099123097,73.30922233310254
317,10,2.63897777789642,350.14468854334734,33.58905950476734
317,11,17.108169937222755,296.52765164749144,32.75719436230683
317,12,9.444716625366507,196.91308593637032,114.25041522906693
318,1,2.0168794926096307,21.59209648019396,34.22398202405306
318,2,13.827716695877923,177.60640823851642,29.889443105431994
318,3,1.2163782923867519,178.40950082763442,59.11651399412373
318,4,2.948309113395511,171.60692995283404,6.244174327484586
319,1,9.098551891459358,158.2122914364928,64.12156993660004
319,2,10.681921401450188,161.0469704838397,16.71718129068813
319,3,2.4052240876366593,29.660410171171378,66.20960102196582
319,4,6.3622786525745525,186.7439275210795,67.79432882393289
319,5,9.73217102275091,402.00095021017194,64.92489588364037
319,6,0.3507151741720804,134.45149610949716,21.221104626482507
319,7,5.624248055144431,341.473880150025,49.64516270841706
319,8,17.93581948668956,1.275041644604812,88.61057537521792
319,9,15.046924074016436,102.73511671467946,102.90471365043089
319,10,10.654209442364468,258.80667558027585,15.404155502863091
320,1,18.926729090453804,193.47248583612145,49.273802936330206
320,2,18.383189910313284,219.32128686911125,104.64264590650205
320,3,6.845985768902812,174.92592394251002,99.33027726879949
320,4,16.261876183675202,559.8879962235128,54.11267149016781
320,5,11.40172498157445,130.78998874644589,41.837848515072885
320,6,17.546458943748245,199.96019426340413,17.708340255440483
320,7,7.367637292215576,186.45071221267605,20.29954925487563
320,8,6.794285997906381,50.03085574534228,33.09580793637818
321,1,18.163464056823937,371.9707816231854,81.62744840103362
321,2,15.50212103569946,27.623059667482977,70.99170302005287
321,3,3.8505084632134663,7.787753033296042,47.131746148601266
321,4,3.669933693438871,318.5926578259966,82.58141838781296
321,5,3.318383655020094,75.75461906346649,8.391466876719953
321,6,6.761595063849765,268.2763504803237,40.308476072864465
321,7,5.871685315330052,395.0264790219709,42.19428690385155
321,8,18.658103254627573,118.35675602667715,46.875639595488416
321,9,6.30845663595924,431.43321583086777,0.7608601277896199
322,1,10.114708429357453,20.856343753798825,70.23873682059721
322,2,10.920395479691564,310.79695925705227,19.35148306175472
322,3,10.936985842590612,260.52211097709795,10.456829685814732
322,4,13.73111155176072,144.57707143212207,44.890986360248455
323,1,1.2365441766858325,488.9518108581701,23.681674893379547
323,2,0.8236159504948812,61.30809126577458,93.00413815235757
323,3,7.610868397379585,161.94353974004022,43.63193153653442
323,4,17.09060019268847,173.07052490361195,143.76215115330504
323,5,10.936324018379604,359.2677150437482,82.20959431617626
323,6,9.744868758193736,111.9543520969305,63.278557142662144
323,7,13.570691118450911,114.11209278102092,56.653554638026236
323,8,18.653434847817174,510.4921608604518,84.17477281397686
324,1,18.088437314142055,275.55013081732926,61.04207928787536
324,2,18.323401254438842,157.18318974041642,25.11156066847739
324,3,0.47653988356033317,82.64337794477643,19.252210581267594
324,4,1.9654867456139318,379.12941346154304,53.665281147476996
324,5,4.0697487687814675,247.10622939627098,9.512263241393022
324,6,10.436066618699082,259.0582525248241,19.980704448810776
324,7,11.521518859968905,260.3110140121022,43.429160169722685
324,8,4.962627838280287,200.47136269996955,44.420557292195845
325,1,10.46265972409283,451.70834006788925,145.93797142352278
325,2,13.717595916831648,51.10114768226279,28.047799088913266
325,3,11.973540122436134,268.47470528759686,77.93700537537488
325,4,13.221383768610288,201.0477374383908,24.552062351914856
326,1,13.599019365833552,2.905084897933051,46.93756505530563
326,2,3.5842211028008446,370.44918941661956,41.77478583819263
326,3,20.31182692607789,398.34160942748053,62.29316665125498
326,4,24.998953420376928,36.171891147177206,107.81668958316467
326,5,8.1234791365707,180.9967908491331,31.55081490691352
326,6,0.15036079060458185,285.43947710222545,0.37134423583015064
326,7,5.863010718600513,117.99013856071129,89.82306204851591
326,8,9.484263897518431,166.56119680240545,14.038509028147068
327,1,4.551582027911632,6.5974551448465775,64.14204243392923
327,2,0.13762713083449007,358.8852571816486,98.14771653638222
327,3,15.726831020085509,92.40689116915124,23.82722271324418
327,4,6.803469436041128,365.76127098049074,17.92129097917112
327,5,12.702868811088987,59.98268597209557,33.22316925663555
327,6,15.153004136229693,27.316948834810034,38.89037964457092
328,1,8.5108198735408,76.48488575648986,102.03625814188746
328,2,10.411630420153877,167.28208090237763,25.588707540885665
328,3,13.421799907414101,359.39834504145506,81.52341763072546
328,4,6.644663557532327,51.84459685166195,110.76484627055498
328,5,3.3817190427663766,144.17981879879773,47.63840673637253
328,6,8.104321090380623,620.1315421414087,69.65460548930527
328,7,1.3365009171038,298.3351097632755,65.65906883084615
328,8,2.65062571586836,243.32083299985356,71.20605052734412
328,9,17.171530971134022,66.35083802525855,75.92312044854026
328,10,19.869332586882436,483.1529868512066,0.9572989421426215
328,11,8.978334091565312,192.64017072989827,77.02074946329142
328,12,8.847596317302687,92.6909643141239,58.687054903395676
329,1,8.654219254498965,85.89628280220242,99.72038120646681
329,2,10.443387609584802,81.31562917414229,105.56183946942491
329,3,16.48732495288651,477.3248748147293,36.36341588442532
329,4,6.63428948760962,37.01425849242395,27.323799348526798
330,1,8.59822321231057,498.332695813228,26.426537416592787
330,2,11.63954289519692,236.79153983264112,5.121275202023384
330,3,7.998894215146156,224.2270248857611,32.71515827482321
330,4,27.086467758195745,74.20644896007039,97.17697872561712
330,5,15.995218692041504,197.9206798243593,15.391637845910125
330,6,4.62221275725761,122.30490511752353,21.429651277850525
330,7,2.975742019404966,22.371477304546374,103.83500012710867
330,8,14.32923674671753,317.89611482981906,73.5532780616779
331,1,19.961888405711058,183.32743247534268,44.69830852150088
331,2,10.748572579218939,290.7414090754312,61.88306826006311
331,3,7.01354726812581,93.05780073415991,24.001087919441968
331,4,6.111142031305402,101.12134989580824,74.47854617630378
331,5,7.666038696194288,407.2512658353641,40.97761021222306
331,6,18.511189316935173,232.16974991506055,60.55247581319609
331,7,5.219945754839576,2.5950637688512472,47.066929831597065
331,8,21.807926796765152,131.19543778869783,25.305183905301824
332,1,10.318924884038958,341.68374237397813,20.84136712045001
332,2,10.06839397147269,410.08315797512034,55.23089875776789
332,3,11.002415347474674,23.289096694360467,81.48133887799389
332,4,4.4988251384752225,367.9550600860437,58.095249083572355
333,1,6.389182367111325,239.84125911479538,68.93337997203403
333,2,9.376299928667732,52.2759153350018,0.7595722549058195
333,3,3.815158883148184,283.9845050379129,5.804413752340203
333,4,3.6042195616170822,29.953587052146986,63.65218374505538
333,5,17.922194625663693,223.1231099637921,129.7401310361963
333,6,11.077639588718272,185.8782063233348,18.63311831875148
334,1,3.642922359746307,136.66989727928836,41.281963750258456
334,2,8.362644101885738,478.267785955302,65.1290514172604
334,3,13.356573940589122,280.94821615176056,74.5050550934845
334,4,9.419791112875943,151.88804427817308,56.6726423807311
334,5,18.097627642394308,368.93572826545756,40.38406097246356
334,6,15.37490586267678,170.81230054404983,51.35482197740977
334,7,6.685336329120618,172.75322916406498,103.6532027819872
334,8,10.646948031374654,220.2923762828477,7.888711170318331
334,9,7.835292646570893,163.8027644382907,16.834260582263795
334,10,10.151657881924944,135.62265646585186,53.19983420974329
334,11,10.85052106873254,56.63684632660335,34.05192870067243
334,12,10.541619979325835,377.6449146735088,60.26876691182962
335,1,13.159326559980528,2.307076331230462,93.88331234887771
335,2,3.9377298363090736,172.1219907289707,24.166383185117994
335,3,10.499439290077845,183.33149397395164,76.04772426188723
335,4,10.307181259076602,141.2472232759006,21.896327995469875
335,5,16.190264260597534,277.6304265793593,87.00496740487176
335,6,8.702245173207139,253.53993833198092,23.864316882793798
336,1,8.341717565066373,75.00473711867518,86.20865316270421
336,2,8.242115861924736,473.6431258005161,53.24630608292732
336,3,10.517202064835988,112.08462174149417,44.12942812004835
336,4,8.09149334476995,399.7073542141137,61.58410264185953
336,5,14.93885523170228,214.77454919932546,33.561917279419006
336,6,12.596936466571528,438.61201755898475,8.064282550475767
336,7,12.93636860956469,424.4872101598185,17.409088936376065
336,8,16.454079276731324,338.4756251865773,1.771226478564742
336,9,17.77305528348777,110.88229991562903,64.35399559775063
336,10,17.168988278564434,380.01217834060157,11.433980586428802
336,11,22.52021752187182,412.6892341533561,92.07736481466483
336,12,12.530345745170179,134.6453180076021,6.672726633848207
337,1,17.360015293137405,187.30680172111929,31.56101974476248
337,2,10.489389862485169,103.94176554241295,50.86438783492953
337,3,5.115640950057951,291.80589717140873,99.75478052872745
337,4,13.559544626683575,187.9301802973757,89.56522844607736
338,1,15.29866915289474,179.97113968212676,29.121777380964133
338,2,4.7702807243305365,26.124837490262564,89.6741480203143
338,3,8.77702273449018,13.048955956868923,16.940344971590612
339,1,3.9311858049721344,52.70952406837549,63.566395424420165
339,2,9.631773454513635,265.77644233392476,73.64232081046516
339,3,19.398157490230915,256.8550058168218,98.1992393015917
339,4,10.749521523091524,258.56450929201077,65.10082319214798
339,5,11.991906007156407,230.8513218412163,122.83935075634646
339,6,14.88667348747206,132.89188651639782,143.73699876119377
339,7,7.3606284938987505,199.21570418371354,16.774770272185833
340,1,15.40983834486481,328.6057047763454,90.21304102665252
340,2,13.479573587022413,253.448874435959,127.71845739377929
340,3,15.485338813785804,73.22495032399424,24.521874272899012
340,4,8.311932554168429,293.7113039722258,88.35800429800959
340,5,1.2466809947755912,309.41329075255044,95.38744079710247
340,6,14.261158272643105,262.35882649696805,44.68757564790096
341,1,18.216224935148908,270.7929584581835,10.611088901116872
341,2,6.432041894028357,277.52255520852344,0.4408938315248889
341,3,13.575131846430159,148.43028706232747,64.51233106210746
341,4,10.839051344285547,32.3968528085976,24.535211724517126
341,5,20.13180698844915,555.6982712131769,19.889687507415402
341,6,17.301861812001,244.3425108177703,133.29133025897232
341,7,6.090417091372286,334.74257008255597,37.894270145744386
341,8,18.969822473307087,546.6931797229043,58.52260883914887
341,9,2.0272633218147558,412.0809159395012,72.61928678721777
341,10,12.646229273510102,437.4857912088023,4.494541205342969
341,11,4.986726386157384,289.1398017514324,20.460862918967216
342,1,7.787934371588242,252.1084762562833,66.24340439497716
342,2,1.1342281973851982,375.093607607567,62.80675288962763
342,3,15.838388162945582,340.14676065061565,32.70395250888154
342,4,18.910371520731967,190.53536705684803,52.49726813309772
343,1,12.376701511829515,24.025714398976135,32.19559037669026
343,2,4.830597025733039,298.2371066975366,13.235906819611884
343,3,13.944135361530545,167.48454784163442,35.75376358187107
343,4,16.382790426099618,0.17525267071920325,30.4526461460715
343,5,30.506641572536495,477.5627771231788,22.5765981219713
343,6,6.447102906657478,209.42230105334502,6.44827663135154
343,7,24.12621718776962,204.43718340415157,42.56313415523881
343,8,12.66745667791646,254.76954684859408,15.825819717497524
343,9,19.206993215621516,224.30539087649018,102.34986235864567
343,10,5.970531422584201,69.38945474560671,107.4916363944745
343,11,15.182775266540357,375.2324202555949,99.18928442058183
343,12,10.134993677482184,144.96022213377915,46.332879267296526
344,1,13.859985995135833,314.9817127656747,33.082866199890844
344,2,10.292593593106481,211.00414822533136,21.497813840605215
344,3,1.9270564261201457,257.38112307426013,90.31052302606253
344,4,5.62563026303844,167.33487131840576,83.1819688090062
344,5,16.486959311068,234.7138202468462,66.56806397720226
345,1,15.024923602973868,402.6490858591274,85.34498195883887
345,2,8.876596457700062,31.564826588475086,116.7119173201806
345,3,8.33593638657021,129.03388799592165,19.469072710577564
345,4,12.36931173718478,222.33299059306552,10.604597449979224
345,5,13.17291829493223,125.27121189478414,157.61260029154775
345,6,6.014471655363923,134.72100017033102,15.00895102982529
345,7,18.945135647293803,144.08363083028703,21.00343384938013
345,8,14.948685069443798,7.052940311977778,75.0044218499579
345,9,22.469798016206006,284.99117492526335,75.51593265039699
345,10,16.090421518352386,456.4562043013278,98.39575840076418
345,11,13.077688055911166,335.5837100954002,14.562602981395571
345,12,15.434055135231254,49.16660432243785,35.319103254734934
346,1,2.3731615593803888,297.4878311114064,108.54339636187788
346,2,4.214426528226449,9.491952314233998,25.091013220818898
346,3,12.03373879345058,124.20501041377338,29.09233230632037
346,4,9.41953675953636,215.1213246198904,64.73008650157111
346,5,7.93393004278802,153.05656902090516,26.879438351495395
346,6,16.54979935626373,237.85540359645267,110.4425517713052
346,7,13.577775173504676,188.96050999133038,9.440580934679154
346,8,1.4363419966122208,357.25223378451284,72.46193854144934
347,1,17.553079536894757,84.09370098035286,26.86451513106242
347,2,24.94557406251091,46.97671662096701,21.382979176930206
347,3,6.992928480857984,3.7015088562258427,28.499589166198234
347,4,6.343841707688824,64.6625186803598,103.11884677231639
347,5,1.8321950055522382,178.7111114589679,14.919953490723572
348,1,8.530182270385327,166.7357495551252,61.77427757540184
348,2,11.205839307402222,15.803028293344596,67.1114906255083
348,3,10.855751619642811,416.0250477770129,9.776037580916267
348,4,9.044661634930117,354.69595779885367,38.14296511897348
348,5,3.6058092587445483,77.5908520743489,81.39162617213681
348,6,0.8366161775252507,150.01544042621993,14.9572200195759
348,7,4.393449934125957,266.24012897498517,34.18828892558197
348,8,11.631238547857862,13.698917609047129,83.19594361857338
348,9,11.48871811299249,385.7011951503306,33.72198336690947
348,10,13.1469386275918,317.5095374531747,67.19580138819632
348,11,21.884524335149827,49.482745157099004,56.98603671591203
348,12,7.159019062262993,128.34652176648612,109.74138039292049
349,1,5.658515058546264,187.69796901186837,126.76065344721007
349,2,7.980471696045926,262.4526239611887,13.828246402612876
349,3,9.228730919206024,213.1731672280686,34.16337508040927
349,4,4.22526248733371,295.3895658027374,73.30669732882421
349,5,1.2613723779827701,145.85572599085137,44.78455982990866
350,1,25.255417793319644,198.0349392902219,93.85732513619372
350,2,13.963129493412602,113.82530774461519,57.294360709876436
350,3,12.609068190791277,4.359893843141066,61.519021676568755
350,4,17.986611726473004,96.27048256896893,41.58313735564318
350,5,2.2327749345654615,127.58032361537204,33.79186396531329
350,6,21.047137392855177,152.4215196276788,28.787149919720285
351,1,10.154473906558044,106.64957143016119,2.723681431820225
351,2,14.26868763912327,256.65676401707503,120.13500794897263
351,3,19.400694321418584,165.39335412727655,68.91814258853084
351,4,7.783775899678482,508.2214727957973,95.96058784209599
351,5,11.187795636004259,230.05921773145272,107.79401149039231
351,6,14.05704492979693,433.7942025605129,37.74591705035493
352,1,14.404259005121883,44.36399329459792,105.2739214317233
352,2,13.331305841674864,695.1457841452291,133.22770041721188
352,3,9.923692082973997,467.8380053714109,83.89345301416974
352,4,11.617750179594212,48.904368884465526,6.9414056388092575
352,5,10.030591761080766,125.69530598150823,59.00756899188106
352,6,19.60658881655411,329.7437308756514,22.148556683523122
352,7,16.474705261540315,62.89290187392231,4.310389920622264
352,8,12.671459473914242,77.82461115763732,24.326168689387714
352,9,16.957804448528346,298.64505365115355,35.12777276866653
352,10,1.3756927810250392,89.72565348995496,127.68312040660803
352,11,16.765782904995895,413.53864265304173,60.240989796074984
352,12,7.542662197694449,335.7788851057833,101.27356114381178
353,1,5.201117999615464,23.338338410586488,12.85054737868861
353,2,4.7436974383092725,278.2392740528761,96.08854652274674
353,3,0.31244640912686705,252.79416113120834,2.9320725691637435
353,4,14.403597863098003,106.59041284943781,7.946839279068847
353,5,15.597651607433024,111.96160918323577,37.36144194589207
354,1,5.5399236128946345,67.88763082563361,33.88796187023874
354,2,2.4872036899789833,243.1187842185244,19.201516899816493
354,3,14.909851502761388,116.03603604161961,71.5137839203069
354,4,3.5272055463129917,383.9394316153224,30.003895928081974
354,5,10.630477426267035,21.81494317488753,49.35679549358459
354,6,1.944487658842995,193.4157624534793,11.538683938828626
354,7,8.91253516378646,269.8881531945846,4.893536272158357
354,8,9.695300150165512,261.2464384555275,66.16286870596184
355,1,23.428676873528076,18.29582990757018,89.99777373244119
355,2,3.0132953783512777,196.03775013694315,14.724766815741503
355,3,8.743721496268206,49.46202977578375,32.04571361301166
355,4,10.419373077791375,324.0837210310623,81.71613866769175
355,5,6.361074010713491,301.7477409701242,58.251056233796064
355,6,6.0785811536184,67.93890461203989,47.502874500994764
355,7,11.61418613225737,256.6823423421847,42.10839643519724
355,8,7.669551762247849,125.7045136094877,2.652306318554949
355,9,24.38654677961442,208.8969148129067,79.6448005153305
355,10,14.445889656255375,246.54927139426198,33.35129520402704
355,11,6.193196622504749,103.08902504985076,55.68772540565239
355,12,12.102666558705199,192.82552307031295,55.73687474860304
356,1,1.5551276623210981,230.6685032076647,106.76055288630295
356,2,10.204172077509323,536.1476078966272,12.27878617627821
356,3,7.430026047218256,261.92456685446933,21.489848411684633
356,4,12.92016220875987,183.40209755711774,43.24310913753269
356,5,9.123019574624303,305.8100044960993,36.2843847355212
356,6,2.1603719672150374,210.07534943515654,24.643366137735704
356,7,3.005517647850258,59.64791696704157,87.24528908350817
356,8,14.637492176083974,411.1119376947387,50.11100199328092
356,9,17.54986222423784,58.44982775312374,26.324495665972336
356,10,4.73840876922725,169.1084507434602,64.41822709723218
357,1,18.965975221720434,311.9559862738058,48.58732561620417
357,2,4.378407934966583,61.692042923386,113.42716692403036
357,3,16.691566421248176,491.53761310663447,52.21813340630796
357,4,12.015437348722003,159.9212651517068,38.516711875399636
357,5,2.7067914726584217,212.6015286386527,18.430136204552117
357,6,13.09336245514942,225.50153284703146,61.507281747028884
357,7,21.72590957783158,194.34230753516132,80.26908011413713
357,8,24.36056624859907,395.9925603942571,96.12678793819379
357,9,7.8531824913565,234.44645833516952,2.7310516811976697
358,1,10.317736612671968,209.57175933256616,11.157070834020942
358,2,15.449233952070042,412.0435933337709,102.84666238380356
358,3,8.6446971818703,187.44347810149117,59.34923338597799
359,1,10.70217209704691,286.8506050970223,7.700124172940754
359,2,11.612931840545674,45.387275793952625,49.19034101246044
359,3,3.813188090197948,102.75744360454165,57.26349642831302
359,4,5.678874309868283,35.17256584989741,108.14037207820104
359,5,2.4082005610601644,146.56851082827455,72.75059184999036
359,6,7.97224063020748,195.59935920704612,56.32732011187717
359,7,18.894584143846842,479.5697299852934,60.137785963539564
359,8,1.7699105680828353,221.8945262626538,73.5672860148104
359,9,17.025449504282204,220.59408130239828,27.578356794889064
359,10,3.652485722301308,182.51688716958944,10.040177915942849
359,11,12.760666024052718,226.59742182101232,56.89384908418762
360,1,15.807928905615983,8.253076946927195,30.738497138880646
360,2,16.05990825184229,0.8900682982124408,83.13065427155999
360,3,5.533488753132501,304.24995033316475,67.76465704673659
360,4,6.2448211948394565,68.15119802058345,73.0318685156373
360,5,5.151899960626508,366.3470357790653,16.706003416476484
360,6,12.45245224563848,141.4693241059617,50.22856442211159
360,7,5.096311065722771,173.2090346885163,52.47006248232074
361,1,4.309542623483531,180.32297686027394,32.75995576668244
361,2,5.2684363463732105,398.3822694247491,15.622472528187565
361,3,19.91783857497162,443.57656164038855,28.036018671575235
361,4,10.646670212992788,140.04552637460137,66.47215778869062
361,5,0.11248877147889935,316.2404160662711,130.76797010845058
362,1,1.278628958747726,168.88978865182045,141.46097639658302
362,2,4.154945839908645,218.90599396037197,33.08514220518407
362,3,9.027612434562176,38.84381857779766,35.92716813543504
362,4,12.983167460981448,31.13511209299446,59.64138488568484
362,5,4.541584596839061,0.31800406120177627,89.30816192382025
362,6,3.2701418056273335,136.42420913282712,27.17049585830505
363,1,6.460103391858082,183.4906772383101,60.61647408490403
363,2,8.345414737581137,356.2871488131184,54.18983912990601
363,3,13.118601759449279,111.17398198471162,68.40319004070099
363,4,23.55472724132565,278.98780443341053,94.12061898678292
363,5,7.959153625954867,338.6369006047096,90.46274495359674
363,6,11.718140345982079,188.78735943682648,9.803490078677356
363,7,9.773308683646627,284.78352093855284,19.3902814945575
363,8,1.1094194622039737,215.29275183487974,59.226636797342195
363,9,0.5684013113222761,206.1157537289563,61.597102344350944
363,10,19.24912589441251,128.522129714211,133.45686860251604
363,11,10.377196545835398,19.7086201642594,36.792577550738926
363,12,2.210075409622921,174.91431615718832,68.7386566804467
364,1,12.988885787034697,101.81525876064043,54.41341732637503
364,2,17.754762976917604,59.448952813083906,3.1762041330032673
364,3,0.9598110485912503,24.40062046997167,73.81293151570657
364,4,0.15898219894174126,155.3156982884704,74.73157213242831
364,5,12.916613423840156,142.16615300562722,57.63694927020424
365,1,10.750017308162978,220.0449789783101,4.100383397049001
365,2,7.112317492239018,557.1487234009012,1.5650386752932661
365,3,12.624530079133775,518.1249493001053,39.060630667801505
365,4,22.83662701554647,96.84730688550671,28.995801242775983
365,5,5.9450541893766475,86.34424979410903,16.80712769664906
365,6,7.077857216612765,348.64942695874254,26.235192458203926
365,7,7.367977900559182,405.5762979662352,20.069160081037403
365,8,14.332493295166664,56.11493656733256,11.354318848406557
366,1,8.505982543612312,57.137712531596435,0.7708927444194131
366,2,15.48926147265417,329.0375879777005,62.99990901306188
366,3,12.200861566309744,416.92019557851097,63.713935683199864
367,1,18.572471118506225,142.478297161417,83.81626227128223
367,2,13.750998597420466,70.65395957544786,26.521671600948622
367,3,19.05672383570308,83.67760269733799,54.99470440781916
367,4,4.522210995714885,152.9071719626209,48.153522241201124
367,5,4.519934427917561,55.93295690241777,61.4509334710977
367,6,4.086838138461767,78.4013666451991,12.437874251921173
367,7,9.45464367568077,341.55524515997615,110.26114545249067
367,8,4.9185733980435495,522.5466189996816,9.811805571728165
367,9,17.58483966329509,91.74553189768362,15.163069205199584
367,10,4.786706902509279,192.13284505263212,73.1988868413444
368,1,13.31947078737613,59.461552476955745,18.73920104682321
368,2,3.4629844272988723,192.74724747839926,31.787458254831712
368,3,17.542457652490743,277.5669610528223,54.07942755851025
368,4,2.2147145349396204,294.5603608783798,129.16709070836276
368,5,16.036144690901693,101.34580069072926,44.545905613361114
368,6,13.213560409516589,407.99918039659144,21.769954606192712
368,7,6.741400985698995,193.52501690761267,44.77269153631244
368,8,15.54651699448814,239.34465300055467,5.887070288101214
368,9,5.402525756337862,105.80040905838466,38.59666817958899
368,10,16.507456709028492,219.86375640091052,28.37282628888091
368,11,16.31827110554632,245.1994104760251,1.4448464784628996
368,12,14.26714719344496,405.9444520884766,44.40412979930191
369,1,11.655398748486192,35.63761612718332,49.56479625974725
369,2,1.342101876135608,346.31205978933195,65.20675330463976
369,3,14.748136778382612,251.0438614817154,125.23254841103267
369,4,17.156798454615632,455.54327555228105,13.997986335638856
369,5,6.201902848734829,163.49665766283414,34.304478341008
369,6,9.751157577802985,265.14681003539226,28.76230457689045
370,1,14.338189712545793,162.72820642025454,21.929747702591243
370,2,17.694095379993765,232.01659983004257,19.748534020986867
370,3,11.50175915985557,51.20543311722,54.311466911502635
370,4,14.590419227022142,173.08874095027113,78.43627239119536
370,5,15.692543305174535,241.29733351201597,120.72280005841566
370,6,19.477690355825175,294.09989663213224,64.20510898414467
370,7,8.205405775083426,102.92559173876602,81.89943078307891
370,8,8.605927872887555,47.88635927334448,17.913643611418017
370,9,5.30867062589796,463.03284908391504,83.91311416270952
370,10,10.239930828602441,262.09252742108595,71.20119703453626
371,1,18.718897702785377,112.3385337967642,92.32544450269687
371,2,7.811958022237165,216.5052235899274,115.40190682477834
371,3,2.700574602705066,230.48715969581005,67.52021034074907
371,4,13.64003066560567,132.38232603598018,133.45056403232326
371,5,0.9354768026181777,418.8328082948704,98.60262422366554
372,1,23.306221527225794,249.4898605775108,73.71422660414711
372,2,18.612714691714217,259.6223263843526,85.53641462734973
372,3,23.33398753583246,44.90513900425239,96.85289852898075
372,4,3.8459597701117394,92.98242367789865,49.52801309693382
372,5,5.477784170240367,78.01519405698802,47.58381049688896
372,6,7.667257123752456,100.20459163558125,11.89535802339475
372,7,19.97604504732815,19.9699558253661,43.292817342375756
372,8,17.82545877173701,321.4320949363346,59.34859789178851
372,9,5.634506419220379,197.18689006613698,5.037185374122018
373,1,5.732437220049757,160.05579296390857,110.46720014972118
373,2,1.4750141635224985,413.3616063915035,13.24898039154786
373,3,16.08357241286187,360.0975432762144,67.21848862207607
373,4,1.4708947167839383,240.86445254653842,152.38249001293096
373,5,10.078649908680905,184.87748574545856,42.11773877117594
373,6,13.608943569512604,186.92287425012026,61.38362038772807
373,7,7.953736512828847,44.56326930427193,142.88276402737117
373,8,9.323440888851305,679.7597289937826,66.99660984187673
374,1,4.116598199841645,35.91510648697894,37.596331340590595
374,2,14.408552502107417,164.93698699818083,35.03690966411664
374,3,13.469170004283852,230.01456776361096,61.17095363618122
374,4,18.332061087882515,359.69513437583043,109.82960110107754
374,5,1.5101787232872894,328.58831489652937,115.83291732873674
374,6,1.4285920458292,196.9858404981596,28.269306273625972
375,1,17.36106731798546,333.807170514091,73.23849178894406
375,2,24.00438152550034,179.661778545675,90.52759218041555
375,3,16.24008032713915,266.6098966885041,69.22000932542635
375,4,13.222413633779508,93.76455212529748,66.03444045867306
375,5,15.237964530040184,248.29046662844564,23.683310304351565
375,6,1.103182068586067,77.26520247464903,45.52290998379836
375,7,4.648171664247421,296.88680231288026,97.67995662129132
375,8,19.335688188035682,250.52169085811974,93.36644067819464
375,9,6.062137584668867,177.2519491948694,3.3204727143734516
376,1,18.44829544280212,125.52414078402325,11.783925395737896
376,2,5.448794095396893,1.069581595446465,8.78769397706617
376,3,11.432327579133228,298.9583704081656,32.57563856115377
376,4,6.274869405629851,205.65143070628815,7.329297812613554
376,5,11.65328908708523,182.32554236101188,32.056375141997506
376,6,3.9485587177035377,241.01116846255906,19.460495011454967
376,7,2.1310965194393745,203.31489853264037,0.43906958760548065
376,8,1.5233741026509584,219.42831174048285,43.48363374856071
376,9,3.935643679684966,234.3410365844415,66.95729246454192
376,10,11.678799765465012,230.52871328223068,14.215321082392222
376,11,19.052659366447248,283.6205792137805,11.968363258688989
377,1,18.504145429489743,265.0727200055184,104.69160599077202
377,2,12.854091263140868,65.35536536489482,81.63039043350388
377,3,2.0128171718810073,168.73442154077668,38.96014570731099
377,4,5.252051229358468,556.8450832781541,47.09418767819629
378,1,3.4577376118683816,379.42253322891895,108.56805090094349
378,2,18.293207290946764,273.865600873125,61.593201674828464
378,3,1.4884352741686904,163.12713099334138,22.645591866142535
378,4,2.7785847628929687,358.55651287480487,22.16680214430899
378,5,18.37159335204715,332.2619601140018,72.26871906533675
378,6,14.290188502342286,107.70291768894386,124.31400605162659
378,7,10.301878016671344,245.28975276780557,24.036946657334436
378,8,3.4818431745612806,271.5944013214135,58.70053983755142
378,9,4.474533438681959,15.764007816310624,0.796923493101886
378,10,18.37293601963775,108.01192780248927,36.44365817296665
378,11,20.152381811313433,31.677415777037794,20.92020697131773
379,1,4.618632200075148,533.7815996580364,29.542697167495547
379,2,2.3890165486395407,168.86324328054803,45.842049357485706
379,3,3.0782081845527696,14.245215330931927,104.25004186794337
379,4,13.505348247087166,127.5889809686963,3.783813168627475
379,5,6.377908384049334,16.09461189689395,26.820707700113097
379,6,24.46835604973812,235.82818197297715,25.279353877255033
379,7,14.756749166356276,60.49351563867364,33.77500793287656
379,8,2.979200121154072,391.1103572549076,41.930824081544884
379,9,4.268648559882044,297.42361340334463,8.091133986533237
379,10,3.091457704724773,143.14280283885563,2.099285435432634
380,1,5.425859283048872,34.627144434580146,85.50119676231782
380,2,7.738009233071544,326.15319563387493,49.39784515993598
380,3,10.904391498125198,284.4768184519447,24.606905584925318
380,4,4.328498032322342,380.275520909182,73.15677226345721
380,5,9.52751412425125,319.3551368635342,71.60638835480562
380,6,16.60312006913199,28.574818567937967,47.432838385240075
380,7,17.908620999941192,451.5840614055476,28.562470127467225
380,8,11.114157693677438,202.90037278769424,0.2327513715921654
381,1,7.987081355031908,417.0234260167301,59.75944751990587
381,2,11.343454035252792,519.8219690215552,59.853918117939955
381,3,5.0426968704829225,157.6884414685477,4.582707638777251
381,4,18.79155928010988,286.1842576305073,94.97656599883555
381,5,18.490887499845595,137.8683828608701,12.209885919644407
381,6,9.638008220843679,69.08583938171927,56.59827501636099
381,7,17.924678165842824,174.7790530926249,55.99980359630956
382,1,2.4341233571722922,223.57612886661224,55.559380341646204
382,2,5.011661175072421,324.8924625172212,133.95790289236714
382,3,10.966254486392568,403.9430008974738,0.18244151655349583
383,1,4.968650397322217,349.05364281394327,53.54286471257967
383,2,21.986396274843734,215.8389707226561,31.335319561631547
383,3,2.6930156333706403,92.31950780722157,37.110195161233584
383,4,20.264017206374653,130.91685039306356,115.68047974563017
383,5,1.961829640416374,84.12979600707907,95.07907949399191
383,6,5.834145852949569,364.88429685406425,16.947939316423046
383,7,4.917368892885786,296.27734009354504,17.5079460526987
383,8,8.07916958090416,259.2167938534225,39.89577083370583
383,9,6.061951181451514,18.9158141031005,107.97314431806734
383,10,21.452785692706925,249.4003494308137,40.71531404214424
383,11,8.759797686805396,324.82893622042997,91.27128102575756
384,1,10.213271847628029,437.10905635977747,67.34929576112076
384,2,14.285692610134433,63.323062228460174,13.367527832979022
384,3,11.82727987810835,255.94540058143613,10.116355029386185
385,1,12.50919876359498,15.623094326075659,103.11962352735807
385,2,7.821445169556549,95.9647235722957,4.170468677917938
385,3,1.3061024803628793,265.4615358031062,90.15207558542131
385,4,16.326129490088874,409.48873437833714,119.92721832277039
385,5,16.705488057353666,124.56607118550015,56.77924189682454
385,6,5.798757691336874,295.63702066727177,55.970620415731915
385,7,21.166596321324135,88.49611075615776,70.62062536060371
385,8,2.976591553777392,183.4949863610435,15.410635439594756
385,9,19.492324426420094,357.8974082971641,31.092624462520323
385,10,11.83284724400076,205.77282925113906,25.504248611147425
385,11,10.862355629553582,133.5842664970705,89.21354680871053
386,1,4.550703604283847,225.924425135457,40.00334459669559
386,2,19.533006703145382,300.0691045502029,20.774550462293057
386,3,15.922473982097882,425.96273376804623,37.39664289190763
386,4,13.357072911416905,68.81427999626126,44.33012012770877
386,5,3.755961007391466,385.89353205925704,29.928969983654973
386,6,13.08025403348732,295.2870362582619,174.36310227560335
387,1,5.126297456913021,165.62740114555368,98.53079923947617
387,2,9.126705491276276,334.97738512357387,18.771499459089178
387,3,13.842330337855994,49.97139081425536,40.00876059269525
387,4,14.126458065573681,201.91358435830765,87.69202890809633
387,5,14.672599647780272,153.73922759918804,101.87793491243875
387,6,13.05413549557754,163.44661655873333,55.83064721174958
387,7,10.636427755994246,230.23884896198058,44.32962700222385
387,8,12.607694014137238,318.47295552683556,67.02255686034599
387,9,12.740699263358618,184.8981410934403,14.556708470833279
388,1,2.094588956408849,58.277826463741974,56.601010497548465
388,2,0.6507533334754747,100.94279441966913,98.8960864660201
388,3,10.435254608686014,81.92004459192492,21.879665891176046
388,4,11.13459984852743,329.35858638765313,14.704858345046006
388,5,13.14798825247556,399.55152612345785,125.51435951834554
388,6,12.318559319019133,276.0203891828711,35.32737710512576
388,7,24.698267835971926,113.67646803558179,12.661153662998345
389,1,12.355342156793249,91.50424262590695,17.312054439495135
389,2,5.417968528502781,88.92433590198931,51.76763987180245
389,3,21.64129151819408,48.933334798036526,47.07094700504531
389,4,13.224309952971097,280.3331192524928,29.76492431502477
389,5,14.330894497245813,263.00434566534136,31.949634165167588
389,6,0.5309312173305454,28.502656050877277,79.83421784588461
389,7,19.98944847343483,200.11326366167688,106.07622115315507
389,8,9.63333667893496,28.32761076385762,41.621315405712465
389,9,20.442998529857956,109.48015896414735,44.56191089513217
389,10,18.29944295769628,367.5187713361993,62.23705430435421
390,1,5.344248402868363,112.46591781558898,131.79755192124105
390,2,11.57619652558855,97.56433141795668,29.19163946183676
390,3,10.678062227331129,476.8099521875568,91.14794863559598
390,4,3.5479751446265944,562.7533630358677,48.753585407940896
390,5,18.72430867752461,26.748725390014613,45.9265238100359
391,1,0.14097956742147488,158.6356609670566,37.00596963480934
391,2,15.745423067668753,63.87965854362267,40.00318179521173
391,3,5.186688145888537,217.64069663011887,84.15038975292458
391,4,12.449924852299636,166.86493090388325,87.61525820562105
391,5,16.178949326816934,205.9248821501605,113.71988319033744
391,6,12.935723966289375,258.8638947199019,1.8929136425968878
391,7,1.7858647756896495,209.5154764801801,89.89018512232971
391,8,12.299544875815997,342.6328815608856,33.45920988966091
391,9,10.577470811371255,202.50342584618846,22.059646307933065
391,10,22.522435458254993,379.6342350281418,87.13734762204214
392,1,18.994488997766517,342.6656839751481,4.963370543846253
392,2,9.798106592531141,101.9777650661297,20.515336575999292
392,3,0.04851466176282848,120.99284104350177,43.03397971497769
392,4,11.290165166312761,198.13572823704723,92.0935483552999
393,1,3.7279828150472625,106.74325161328554,39.409226394401315
393,2,14.651573927830245,99.51407414924631,21.384183427862993
393,3,6.888885619439939,332.13207986933537,20.728599480732143
393,4,4.067610767899906,429.63319024672916,73.96635525659667
393,5,9.108410984275064,429.48997371550405,126.39946505606589
394,1,1.546919992471599,338.2723753927205,40.245075318906984
394,2,1.6331425963247952,133.3370675906823,60.19628118068255
394,3,10.433560380699337,296.5217217816813,93.89722435364152
394,4,2.3100263423302465,196.86434443060313,25.601694980273365
395,1,8.511171859864168,156.84456678063253,40.00909551838467
395,2,13.69977441281981,331.43188689824945,89.61198188398097
395,3,13.119963980947569,70.11560528839539,36.35201069226817
395,4,26.128628484844327,256.1325102203717,64.71278273775461
395,5,12.516401578417005,262.30694337589847,45.324487243436934
395,6,8.32332978162252,194.31607523079657,101.25981597013649
395,7,10.333710262356071,46.976707990291175,67.20356624687008
395,8,4.373227462300783,17.482153837787337,16.633638131336767
395,9,13.797529607651608,388.8141859640103,69.31719780710347
395,10,14.42416256531915,270.95679092570015,54.053087074418734
395,11,14.878514444739302,162.8163200604131,54.44353405219333
396,1,2.685524757644239,187.10085265320302,60.581624629446736
396,2,9.853012205660066,234.75509296675335,34.03972599085435
396,3,13.464098401411364,279.54649043719394,50.26552041524421
396,4,10.980415142813735,251.1151513591156,28.910278890575498
396,5,13.39689234043743,317.0236575884994,108.5946442601927
396,6,12.22860715041041,116.65461677359762,45.88250966083604
396,7,1.999251622570096,309.10288734032906,32.38900907514116
396,8,17.172586331991045,371.7986398548343,67.22501089909967
396,9,18.926966952526918,354.09292546095276,38.39792866863132
396,10,1.6572901630958459,74.33613502067233,19.659288144688112
396,11,19.21239172146739,132.64397109012793,86.21292384301142
396,12,9.131575254445972,208.26134574720672,12.85582377931896
397,1,1.9705089801612257,176.01239636383497,29.236562399191914
397,2,6.943674625827661,144.467020820256,3.889106292557301
397,3,1.4878737972012814,149.67744728304007,112.20546712203256
397,4,15.001242400076487,320.6007190732758,97.8891241115907
397,5,11.967809066977008,131.4985853134478,33.56064896029328
397,6,4.219828205470604,321.65121553215306,12.550223636250756
397,7,24.63240554115224,64.5637451223399,98.91618234829718
397,8,18.598104646208533,293.65307747574343,114.82288344926741
397,9,8.626355639710805,219.2401160329013,58.977061112832004
397,10,14.130842584547157,72.84500165622046,45.75453901189883
397,11,16.00765233941586,144.21263587654556,128.38305970245324
398,1,10.522396068717931,105.94452362752332,20.81708267118438
398,2,7.141061049080781,93.39620112994838,77.3447324774533
398,3,4.855336862152356,64.5634989428109,120.71714667358134
398,4,16.725180082768247,79.22700409888006,19.409268405898658
398,5,11.697240802058975,248.563260084724,9.619714629475737
398,6,18.109958449756252,323.7836628772439,69.27606528161354
398,7,19.497099434984847,267.8434988856377,67.94323517007389
398,8,20.903754902755697,365.18293710915634,16.339701643538753
398,9,14.432366250703407,100.3598202562127,70.16618203801112
398,10,13.336294549138701,7.5200968683979,45.12617554755859
398,11,11.856799165062816,134.55647135087645,62.58839769563039
398,12,15.641284439007482,195.41104036538667,58.98397906833038
399,1,3.9284301104475094,213.57838481951578,7.1074334005064514
399,2,9.400887819464495,70.28245419818703,12.160422147750282
399,3,6.584359455626258,223.8922736225839,62.77986390645333
399,4,16.470282426220194,82.54167966236551,105.66035821585635
400,1,13.123090165735867,375.6396167893122,49.44866352053079
400,2,4.523637702535065,168.36908702158536,35.32153621887326
400,3,7.753173814205661,134.72318409518255,32.610277472307004
400,4,2.011573507865629,245.02306122904642,76.98934221235098
400,5,20.488764701931952,329.060143513333,82.37440288042005
401,1,12.072084371967005,62.61761493434781,98.773979611594
401,2,1.6636479855172972,325.1884052228416,31.89720728272154
401,3,5.671619645914448,123.82343647099982,5.178148968821731
401,4,16.34945109792063,220.41005072203345,85.63851855009285
401,5,18.234435712744407,281.1540331260184,8.11103511816296
402,1,3.2150019468727384,327.6370743720207,52.22016923516419
402,2,14.552655192237633,186.66072000862138,32.81224054178652
402,3,14.561576066743196,59.113738736052085,37.21062410566232
402,4,10.46533500401364,231.30388753153088,1.7798833022658371
402,5,1.2282025596583885,141.02726315350387,47.4894656554597
402,6,20.885410291883097,68.3030383285462,30.27448293623054
402,7,21.14050580579054,359.6131341896988,5.440079366285374
403,1,14.728126482523354,462.6261607475041,0.6472879290388818
403,2,16.682494854744892,128.63060829370912,13.561672982268874
403,3,19.218158869279375,212.26291196967335,51.73947714415209
403,4,8.060468783608343,112.78061611093615,42.926165428332695
403,5,12.58829737346409,78.05368476545209,65.69272876018135
403,6,18.279441593304583,404.53348164135934,11.720060586389401
403,7,11.34975085253353,129.02126580774916,35.94442128340833
403,8,15.765845671899378,197.37539815173415,36.730088316002465
403,9,9.906977364891478,392.42713295690316,40.21193373085708
404,1,5.978269788546963,307.4890478268715,125.92723100929247
404,2,4.064185401961734,273.6890252811741,21.745003048298553
404,3,13.007638042522068,484.0982777045523,12.663234768197789
404,4,11.092056084823946,74.82931129937293,44.82874746328942
404,5,14.348584462520648,155.2747564322905,112.95655929582345
404,6,13.383405423800234,1.488260382480206,62.79178139732631
405,1,6.010055649401425,260.38627811707875,59.14678678474617
405,2,19.15776700316492,201.05572101167084,42.943887600784166
405,3,1.0178786455871975,78.99156353768255,62.35088773781321
405,4,11.467576916678492,289.2329756599638,68.02319865930514
405,5,9.20641073276388,49.74576485953841,50.02288824953356
405,6,9.690282685810587,405.77325566714194,103.12746858807037
405,7,6.648544478699103,106.71172064305375,4.147369513516608
405,8,8.845784446795982,128.86892128636515,154.29306386670243
405,9,2.192344477157283,208.78714826904854,24.285571642956732
405,10,10.172319394046507,149.99057373329777,82.45988085913169
405,11,13.08222684999565,316.70976407260014,19.919859725729285
405,12,17.55512240297687,127.74495484735651,6.249884183260534
406,1,0.022107875673190946,623.6250514104095,16.15838238465257
406,2,10.068696182774831,371.49564114950203,91.45543634348101
406,3,15.959394855211961,152.41574176677867,104.04355785348008
406,4,16.393737635615278,231.8449426490715,59.623230309063686
406,5,7.872541466692391,63.55219612504425,99.48603901914865
406,6,19.18545595521072,67.3836288455118,43.84859339415233
407,1,15.384321712067095,261.341415035143,71.99207451082675
407,2,17.916085509834357,149.32853417769215,92.98030279212146
407,3,20.42934257365041,242.66680074968215,5.748655023857047
408,1,1.565295653278394,262.93479739824545,26.52844770115687
408,2,4.416342416667897,417.06054526020705,32.68056364747217
408,3,0.1631153181121867,228.93045147471977,85.78365930276921
408,4,8.665740249685456,280.56908131059555,8.106564226536854
408,5,14.397816275211873,56.71767942555883,62.20692732515779
408,6,15.373686421350573,214.80559526230067,0.5820867150858788
408,7,1.6554521479692799,438.9681584765049,19.274344260272464
408,8,15.35586781760594,217.75638279985802,9.838365559190912
408,9,6.270697223771464,454.9749520645678,189.5859043763948
409,1,16.543850061090268,44.01789520213816,115.10580883126238
409,2,13.248421869961232,77.09446173811662,20.591981713860243
409,3,10.500826949231007,522.8485870915187,58.497922300045914
409,4,25.002130626152972,331.71310776180496,0.49193888886887294
409,5,19.852572899555717,58.37728969700714,25.395526755590353
409,6,11.930271480342578,195.7347267571326,85.73657743389023
409,7,13.51205352864676,182.31075637970423,117.95704618507033
410,1,6.678229665979265,147.47577471788674,17.947980738159067
410,2,10.404591867314766,324.42485726800174,82.07246866104228
410,3,13.324317447530102,104.44087373019985,29.607972401897715
410,4,5.593858374411712,52.84197046029547,10.197674361517272
410,5,2.365147287090193,250.3925205559182,54.97321936351803
411,1,7.4146671846034495,422.00832844808434,50.241730438340156
411,2,15.600537346781461,227.00689238536614,47.67461220701672
411,3,0.311363217821242,138.99724994649122,28.608475977622973
411,4,20.368530271742145,227.48309829549086,101.10143151301557
411,5,17.892124992399395,73.11289394928325,50.04638255078783
411,6,21.794150180279004,284.47688403104485,70.10875852646816
412,1,13.514562693273152,316.3435529094853,20.714100396004284
412,2,6.030678031586003,358.0542803466632,12.15928493921595
412,3,8.800053604023665,321.1764421592577,51.06744202298196
413,1,14.918691342122596,345.81921978501407,96.07942263389825
413,2,2.709734885408581,224.64181465014272,25.97426651829341
413,3,3.793714687321856,206.5782646549613,82.55571254155987
413,4,5.83395155213486,249.3756533397501,13.690001977755728
413,5,2.697296135779311,151.33956200778275,39.42104863612358
413,6,14.674470924173306,12.271286867698365,136.34539663340288
413,7,2.545863440487018,234.2100301479786,38.59697028377004
414,1,14.974903522894177,116.60751106707944,68.779503931628
414,2,11.014790181523328,41.206311557431036,85.25574559621285
414,3,16.529272626213817,348.06562976531893,126.30722537255917
414,4,7.122054290521924,92.44677913928126,23.71974881377256
414,5,16.716444037940857,187.79451148093287,6.1909073164981265
415,1,1.7839608338492816,245.89400366567548,101.83990682559158
415,2,14.033601037169383,48.72778590705255,18.92184117164925
415,3,12.178831897672534,120.73235031494139,10.78745016197611
415,4,1.1269560682684574,224.14632463807334,110.30830797253459
415,5,7.139293580057709,288.5405466612983,45.9093459912963
415,6,0.9743253762762496,310.2217015265626,6.212318238905148
416,1,10.151386414154953,306.0399988374481,38.04781980605431
416,2,5.625069690028113,32.569482638065494,45.39509301765795
416,3,7.267029478945654,266.2507065233763,73.6670599342937
416,4,6.949244404383382,9.847318294247941,108.12840287974751
416,5,13.924051185797683,300.7099287551157,65.36581341667186
416,6,17.68193129239341,142.83561376060254,83.13306899015437
416,7,14.67950806958243,295.31278519117734,2.2149484391836296
416,8,10.973863832076514,258.0581996945241,121.15947339244222
416,9,10.698946803726896,362.2951612520305,9.458742401529733
416,10,4.984368459724523,265.86473006675357,67.21557448916852
416,11,4.982948767363031,343.36284963653105,43.29919946680186
417,1,10.846401006125767,144.62750986111223,71.86736254893216
417,2,23.155875651250682,238.45180323208467,129.13747680544498
417,3,8.71702826448081,211.6122433603021,0.9683405927621038
417,4,6.095132284078113,167.24448797454232,36.83824592568496
417,5,3.2783055211708367,85.72323545327872,38.53639497719115
417,6,18.305769895136955,24.33708642799914,33.287162521347796
417,7,2.325792730709516,72.89008111971353,75.47880313056334
417,8,7.505842284843714,144.50619559402745,34.30360162864394
417,9,3.144816132470554,329.2136858786834,102.42095373068071
418,1,7.651699774128134,256.4488936469863,74.25698913564653
418,2,13.448266407691367,267.91438817720984,158.0346587819838
418,3,9.466700310336567,340.45060712439954,31.16040758943987
418,4,15.534491087213704,340.89798353486833,64.57704308541392
418,5,21.6847285966355,67.35859454593736,30.511162333271116
418,6,11.486660602164427,332.1210280226333,57.17718085179733
418,7,19.000313255573964,100.7465193550521,4.376860420457824
418,8,12.156898355755533,188.42295858294554,71.7145488143288
418,9,9.808183963934473,148.99703140648143,47.00249713105106
419,1,0.3738345727713188,330.84440800558775,35.766555026389554
419,2,16.4125256866783,89.45611147824508,49.637586592436385
419,3,16.481574088528504,23.67698976771578,14.706935542533522
419,4,15.673991042967453,402.1150247525999,50.648418866551445
420,1,17.2365803405985,481.8781827609696,98.43102087739186
420,2,9.614406717680447,371.69992359135074,71.96167245390927
420,3,5.749526899029541,284.4216454925131,4.852146655724965
421,1,13.95010945799335,264.9528687650808,4.646691412319477
421,2,13.896411111481942,100.22985098202913,19.77187539339088
421,3,3.1725637417211185,299.24387099543156,16.953617494753516
421,4,1.125444578963947,111.17600501433381,27.69671148449868
422,1,14.386296296423168,75.66100564709429,97.56640051379026
422,2,16.74176308430421,354.5493098375232,110.5276673728084
422,3,11.328443297484693,48.360176574693156,75.15485017810013
422,4,14.141373062992612,433.07497134435187,93.28336788612131
422,5,10.937889567603257,178.35321013748535,90.1454751347646
423,1,1.8586201222259078,25.853491152777934,52.57706694928883
423,2,10.571983483821535,243.4385549434209,100.78535789469186
423,3,2.182347944923391,453.4867992397994,9.600411730597969
423,4,12.610583419550565,13.046915725887203,78.96548529106437
423,5,0.3868425771413957,209.87115123221236,55.83479815917026
423,6,9.125138533128455,365.91056613966185,53.11463143303102
423,7,4.786018621126789,119.0284915706285,178.64080672084674
424,1,3.8779769172446787,264.1433873637084,32.11102561289905
424,2,9.84149108904538,170.55595733813502,108.28407304909621
424,3,2.1326921255398084,106.82611348321565,26.634761052337936
424,4,20.57200655891202,163.05647860868,32.46364447853172
424,5,9.632621223825002,295.4353742645486,63.89453614064499
425,1,25.489654526120823,208.6171872649881,1.735915240772897
425,2,6.941881823754671,298.29811933299595,25.993148980224525
425,3,9.879470652355023,346.7683106468872,95.15470211800283
425,4,6.329075109271403,161.47654793523662,53.87298646762137
425,5,19.39628521638233,35.029506553369885,64.3889918584658
425,6,10.388085955825511,65.4469742380291,99.49353443392178
425,7,16.932382528963647,430.741505646875,97.2081082667169
425,8,10.071396799905688,292.9136855085836,63.27335948955363
425,9,3.650424748471486,4.339120790988915,64.76038542868476
425,10,10.675310992544368,149.537984943825,46.30524521056732
425,11,22.386246801152648,126.9414719866952,75.5958530741451
426,1,15.89764798749341,308.0020297754378,33.6935768573626
426,2,4.232970825638393,147.27299348616518,19.23418880773529
426,3,3.461961485560999,41.95252203654536,52.779124648843144
427,1,3.9553450688970084,48.57645404523515,67.15353191221125
427,2,8.020349144215112,176.3416332395149,82.237484979474
427,3,3.0192413588003504,270.0123851180431,129.396839766153
427,4,3.125202868599424,34.45283519446747,0.31362224021279417
428,1,5.130352113691096,138.8620108117674,9.788800624543313
428,2,17.984088879458767,146.14078882004196,21.206909932741283
428,3,1.1509883842289046,135.8107566047787,104.13795810797912
429,1,20.83123315192549,300.2499844409241,4.820576896183837
429,2,12.191863920350942,300.13774407149117,21.77774340355606
429,3,2.1510428596275064,333.22359826151626,85.04183106687714
430,1,21.229992536865886,216.90594676068366,28.938103721121408
430,2,11.967247144426619,58.02718136014468,42.929287524342556
430,3,24.2036164780322,65.43910494486965,28.871039760489168
430,4,8.966856837883755,145.03985533671352,29.97411923882879
430,5,21.85269219162248,116.77291556349837,65.87355231663526
430,6,5.712094396383051,259.8779089259527,87.42710519650628
430,7,9.479379574609862,114.22777221565137,45.05923859195825
431,1,13.745545239000776,116.86963175711314,9.45067385739354
431,2,8.056308620395857,323.92427480139406,33.63725654706499
431,3,11.539734698706141,124.1140496853933,151.80142093614415
432,1,8.91456568711065,378.2712449755286,23.826325157795864
432,2,14.105606103326,84.65601309878114,54.50740800641495
432,3,1.6309727024358818,100.62242805398894,46.7142781770854
432,4,22.702544171261543,215.12058056896612,116.18673263466826
432,5,11.542263041836426,141.93736332875915,111.57426090402774
432,6,13.059123354513932,103.59176091759295,68.8228583760119
433,1,8.54859321424803,125.89035712094687,54.2269890112336
433,2,9.960641909016175,448.26025127397406,29.80738539605212
433,3,3.0930462000003054,296.86024206264074,52.86088177111121
433,4,5.195589993457168,317.31734074645794,38.8403239884537
433,5,20.669994025232345,57.47826397152997,26.76717412688919
433,6,10.893629448904147,403.6676828087107,21.459929000112197
433,7,12.635539766841989,25.40482079132107,86.66899457263352
434,1,5.4372342493479575,176.38266061760245,0.6431244615692009
434,2,5.541544332463106,337.67818298676775,149.58513041545558
434,3,12.11863581953297,3.2306820448201847,41.29366339069909
434,4,10.854209427183651,317.95154759755576,82.39968556529399
434,5,19.549769532392425,199.7673804528226,50.70714007347508
434,6,3.2155585911402973,48.083126911919805,4.490071249437321
434,7,4.1155091463396305,27.21921774134799,6.632299642181096
434,8,17.6249476358672,88.53892858459506,42.065943139098316
434,9,16.049100809274645,154.77606665046994,103.08433711675947
434,10,5.803000414785405,462.6114860952758,12.744683597463947
434,11,19.3028291076543,65.86425674285036,107.79593696637522
435,1,9.597306494126752,428.711223295908,58.84163416122896
435,2,16.607170155479093,260.2743210819322,11.059648253872858
435,3,14.209494172806878,29.145393170508214,33.328728463287156
435,4,4.941236234598863,184.4587558691589,40.05500501738237
435,5,7.335440812807596,158.6189352018052,60.70880393114081
435,6,8.068424042525592,174.1102433671589,129.68700914284983
435,7,17.27691546263255,125.22845365161298,54.26761768451513
435,8,10.198905887911978,211.99354801486413,49.16288254741279
435,9,10.610379337936644,162.23370437556474,25.41819949781548
436,1,7.285050706943803,108.07441602453656,33.202230417252025
436,2,11.672418069697393,208.9361166470774,26.787020013531645
436,3,0.9196309719670275,79.73593234716526,47.29583502596621
436,4,3.538307452233335,290.03375626181577,46.28070370616198
436,5,2.6975761916763865,229.03804925985474,7.600902314007229
436,6,9.635399668477179,70.10762325572728,16.191398071809417
436,7,6.8216752128822105,92.55995871663985,65.37154722663306
436,8,9.869402443556618,515.0593416433505,39.39352911063833
436,9,13.095873118884764,105.15085536600787,2.1549336527901772
436,10,33.691772019262544,194.49152935538368,94.34126309012058
437,1,17.050463720984354,148.71294416925065,4.581684360530858
437,2,10.37655014493179,73.99289087268598,24.28903407892338
437,3,8.113294055483852,452.8237657564106,117.23048010375332
437,4,3.798257020507334,190.30862823800678,8.088263396823912
437,5,2.5573307197154778,78.83337077120791,15.2906907151837
437,6,1.647520515479501,353.8310866015445,16.322790245013834
437,7,3.6207787369231603,199.57639953660518,42.922885031013486
437,8,8.1551555713856,291.49980050565614,99.27575360848972
437,9,8.052851442158607,239.85250215129435,39.891362214009476
438,1,12.830857078499921,161.88262268797166,92.24166425834218
438,2,0.5668613572896835,234.58005008170088,19.012637693446205
438,3,24.998977241249307,415.9396891145203,20.327174331929672
438,4,9.108496323152217,236.6897104473826,84.53656286246442
439,1,3.3578473879667703,766.623496419218,55.97685482770699
439,2,5.69718545223804,290.8638196325066,80.00247188426894
439,3,12.762192547507848,151.47238348364164,67.62028690414495
440,1,8.912609121187936,207.1276947641266,117.13579256435737
440,2,12.323303500432171,31.77402931774671,90.77069912490111
440,3,6.915934127917128,126.84001380253844,51.16792600799723
440,4,5.977206349560603,469.222329003767,82.20750515555719
440,5,1.992873491509643,90.86721332715577,2.384703674161642
440,6,16.774086800843733,189.9662782913574,10.934519088161387
440,7,21.002749140440773,275.73180834012146,57.4210309455312
440,8,10.968510776506518,3.6979674876412503,72.37418220273436
440,9,7.067877045227748,330.5975687617889,75.56929863132038
440,10,9.572469298348569,180.22752183830795,116.35722687984139
440,11,0.641993681978617,113.9901370312392,95.46132120691311
441,1,5.316368701857973,304.30833012787525,67.39189447950389
441,2,0.3518637860272271,292.8677768434157,46.47238298930594
441,3,18.869509048208783,95.30988938541094,25.32083428252271
442,1,10.805671678239799,137.11165695006258,36.0496874961697
442,2,15.81642282690008,69.23693298449922,109.61247777421393
442,3,22.16693393264311,236.86762795633592,12.490250802941162
442,4,15.97186013497716,171.3448134219804,55.68851450632276
442,5,11.529329570898145,101.24970569577665,63.89051291336445
442,6,0.24293768460033682,129.36181904491934,64.57528122223962
442,7,17.30544231328971,122.96948710752565,27.211944499384106
442,8,14.532683266661618,196.89414165464353,27.35622122908788
442,9,12.136993645011497,200.95488335874566,0.028271581333555673
443,1,14.771624559782076,557.0581619246734,95.02719728493848
443,2,11.701721408298901,106.96035549984819,61.74989406695995
443,3,12.286171719414494,123.00303664915087,81.3492558701151
443,4,0.21331389722687177,163.3400246693734,72.23433837269627
443,5,7.986910966855321,168.98683948560932,44.488565552308785
443,6,4.150791315185781,376.0851397361312,9.2784931230874
443,7,12.227115291869197,262.047184742356,12.055123951641328
443,8,10.511729780665203,63.55517408829468,105.64169900223781
444,1,10.128910167630833,64.49003077577177,0.35080619636332955
444,2,8.333569579571336,265.0942463783962,5.238462581454648
444,3,5.977804882678383,178.07821319019922,43.188242410324044
445,1,15.269930277721262,336.1417716570153,17.03110242530188
445,2,15.55547506031072,69.12330850915455,24.219691924973127
445,3,15.307976702825448,329.5741016233651,73.89891735587045
445,4,2.6522811897024363,132.9909701415757,56.275949647940536
445,5,4.0550332666293585,405.64441401939393,46.07787775802183
445,6,4.54882339241593,123.56502456952524,63.75774659087071
445,7,0.22639608834666447,293.79342688131027,51.21134546211855
445,8,21.011952154300317,431.7839668827229,67.32185514415787
445,9,12.192667743004982,209.88966628683508,56.2032807151796
446,1,14.22833361564989,53.72660806954161,58.591960599172154
446,2,7.388918439618007,316.82161527918345,7.041573172682305
446,3,2.4854226717236276,377.00289690439587,58.399527763219865
446,4,19.266772289046358,254.56169662404034,70.39116522775137
446,5,7.833476320681433,170.95589605645299,88.57669832481398
446,6,8.99735120660508,377.5303167152905,45.60585448779602
446,7,1.7425239595872135,9.386531761745374,43.13055964419729
446,8,16.41017873410281,100.23620778773196,79.27145945568874
447,1,20.56682803828842,265.1190472311459,49.36536326185946
447,2,3.7853903376364233,186.76096547974382,41.84961946022319
447,3,1.1919253032436607,167.35768659234992,17.84787279611657
447,4,14.101942382851473,395.94207135923045,0.9233729481903765
447,5,21.986154098568456,180.71734484223055,10.999144602459431
447,6,15.304283461457283,133.03182826174282,46.730532958740234
447,7,7.170052290515447,77.48931022026498,78.95988129607615
447,8,7.995890179740689,15.497768826886869,72.04240496863731
447,9,1.560923542833713,27.010974098711188,97.70424819909265
447,10,1.625620705528517,147.46672853912355,74.91445939845983
448,1,11.420253654862877,158.1487967737954,63.3180080196049
448,2,5.972263844639976,97.94982332314015,42.70638546865521
448,3,12.285930012366906,392.3738055911904,65.06541504719263
448,4,8.23490204415095,324.6190884654964,90.00403588822326
448,5,7.87657156826102,178.1070503256449,32.91587934791492
448,6,15.746323138051004,211.12858560193274,6.220757244710555
448,7,12.843111810913946,423.4452925082517,112.74408425751695
448,8,6.6462503266216135,95.50854737116344,125.91472303196497
448,9,20.966926050108306,270.0954051942322,18.48769440489579
448,10,5.755755903335699,35.96619715167677,122.49425170037972
448,11,0.679059476287172,470.5472894431289,45.77900690695642
449,1,1.616104543873739,356.2514284954504,5.727946960616265
449,2,14.681610581735528,33.32163504623,79.23742261744573
449,3,0.9958871456832235,149.13189307213088,32.12471888136352
449,4,3.8070146004608043,13.690988112387203,76.04731890431597
449,5,10.66071984798319,129.86982735220712,54.68490061292402
450,1,22.831799038789143,21.863393214628303,5.606420429203709
450,2,2.973485291754545,58.40890350013444,62.938094570415615
450,3,6.032375835329277,510.8897811143778,126.18719528326551
450,4,9.954768841446722,493.2989324224685,109.52538508960808
450,5,6.8450540857591875,101.38230160383421,41.281264601570825
451,1,5.487645082450689,324.2542936285771,42.64697153715986
451,2,17.994251503721433,111.06738076001,143.01528226729562
451,3,13.970796288376725,135.4346638862798,68.48406645813873
451,4,8.930490997877696,113.38269254919294,51.87622826967297
451,5,16.380548640249366,344.5688381488404,60.067911914638536
451,6,16.704401418952635,265.31598900963934,58.90303691309481
452,1,5.177049481271213,194.57846041691934,12.489394266010557
452,2,0.5168083849540661,312.57440487886026,42.768996290503026
452,3,0.48542655916869926,10.801067065739431,75.39651684854624
452,4,16.117821332221997,30.087903330435182,56.08250636613593
452,5,12.715214019559204,112.45093140418732,99.58933231914487
452,6,7.586735876249171,57.52862842830541,42.214345416760295
452,7,19.575785814176403,148.18178785731038,8.124859888940037
452,8,14.397456082574372,238.76025733019497,49.88275125974845
452,9,13.339870588515371,96.24655113763735,25.999216733841557
453,1,11.797136075238546,157.79925414369401,58.72224722456703
453,2,21.9692185525636,197.28694147753149,31.699403899029704
453,3,6.875149831960132,12.421198508324892,66.169863999458
453,4,13.741012642821314,209.81258193028842,86.79628902298556
453,5,16.505851756033568,210.4750712903178,73.41983172200817
453,6,25.208766468132445,76.69191568983352,80.92658120875953
453,7,10.607770564075832,356.86198446648086,18.260450244785808
453,8,11.401951193063246,98.05998116018004,20.67949522744884
453,9,19.83071366002912,134.83047300719886,16.300672122365995
453,10,5.961731799053999,473.66589806263016,102.42110949925652
454,1,13.842149608642334,140.88642815291345,96.40193715625634
454,2,13.1177774048,60.11609173299419,124.3521054232206
454,3,11.816351761605336,202.81942879782378,15.778693203775362
454,4,18.25676787325417,277.591314104196,75.16952721180964
454,5,6.44728059531962,325.11508578651024,86.47254374283207
454,6,5.318552328532142,12.548520952148635,73.25492237355697
454,7,1.013428647240179,222.8023666756669,32.11019580850771
455,1,18.53065647552245,47.457427512040795,21.497998591923547
455,2,15.592697901367906,267.3074616552272,3.812655241378053
455,3,15.073768009323235,204.9182255629988,95.48644944233376
455,4,19.925926379375287,41.30110871417864,80.58521445278879
455,5,21.44368346910897,231.4473498741531,77.52868209549369
455,6,11.57478889361892,346.9137115892885,65.33960257180993
455,7,4.156606569210616,181.81968989376062,42.567511478217355
455,8,14.996490132492386,376.52695141474135,40.89319407996421
455,9,1.4258666942279685,245.93235196720258,18.9620726890081
455,10,5.75757275549938,557.3137818853661,22.89097983018625
455,11,0.9541235500306335,290.5359647312744,78.28200647698728
456,1,6.455300698524483,33.03358344217628,69.46706744276877
456,2,14.206082396064552,211.95331721670965,104.38706946007798
456,3,8.171702768414047,292.63848570520247,69.43337697648768
456,4,4.406216528075541,373.22998206211525,55.127007626827165
456,5,16.822263779955197,4.859985385391184,54.390136051022786
456,6,6.775845707712939,72.28226302246918,106.37992391940384
456,7,11.367076591697966,21.54532923620286,30.10771119101141
456,8,16.57336347085293,72.06826851887149,11.800585861457385
456,9,8.970688076920755,270.3961688629842,20.869106959246338
456,10,12.735049631461708,205.2293264167183,56.257434694372414
456,11,6.833206575708662,202.38724445760056,39.97237375213763
457,1,12.732441242271662,279.9655415052123,107.82872448569307
457,2,0.7279884782418247,276.97208058492345,98.79731902145934
457,3,14.862934793269321,372.88055154954884,28.25912988219669
457,4,18.65740322651545,91.33067476364393,52.20512821456224
457,5,6.483264765959589,130.6707225105565,18.85415868776178
457,6,3.80270617412358,376.51750732614823,21.9600336084563
458,1,11.75309815461167,225.8311957978528,20.712299587428042
458,2,4.606866035687986,69.1937756332868,12.66113984489617
458,3,21.270609718770814,168.44183544337162,4.1174428768286475
458,4,9.143830824697222,235.9830029238715,17.277084460641113
458,5,7.447286176597717,395.5978988166361,3.2875127959154966
458,6,5.928656776561352,100.81299220519332,122.93123773151693
459,1,14.607095926677815,338.59740186802253,27.98046958929482
459,2,2.3778445665104027,287.6733182971193,12.360909548691325
459,3,0.28195297960603405,2.239792628980041,74.03655129661338
459,4,10.976167262204381,317.36990328120106,76.76301017985459
459,5,7.0534650479136385,189.42896391838164,29.54249884869842
459,6,8.527705589941565,54.911789302840106,65.6193717549734
459,7,17.525845242872293,77.50804552685202,101.2507858160537
459,8,10.794650475345591,236.161846460872,17.977180784300728
460,1,2.650836166960138,99.29293345325713,116.80375602332357
460,2,15.144551819780208,63.748812243802234,51.233946682140285
460,3,27.338503936063884,13.61539958004417,71.13079755660422
460,4,7.740788130936603,306.0344436377768,100.69094585273527
460,5,7.296340379020428,367.83684075607607,138.84813577087843
460,6,10.463923161409644,317.7333031241278,26.382369191869003
460,7,10.134815163218487,173.49873609376363,81.87743702634383
460,8,18.432731550298477,183.5517726323811,111.34491382931694
460,9,20.710332090931402,327.0280614769851,29.35893873113087
460,10,5.71719828282068,78.1427967964942,87.96664280952643
460,11,1.5176225475744491,301.52564811665104,6.7556260870354805
461,1,15.764822838893814,202.58293740958408,103.3455424743931
461,2,17.990182048248897,415.2598118003167,108.43274873156452
461,3,11.005415837917385,26.181040036309298,7.8990778001048625
461,4,4.607939705211564,37.450124985785976,52.75294630818596
461,5,6.082420734223865,172.9796593385223,69.70861677845605
461,6,7.871543193539694,31.725679938112364,47.87065329746272
462,1,14.202196541043953,131.7572821103789,85.04039801566555
462,2,22.57728948933854,126.85552729785925,81.21766392534208
462,3,5.413978176277194,354.10344193264064,40.13896911983178
463,1,20.134805325196883,149.84779013246958,41.07754246015462
463,2,11.654426920829637,150.66934700739455,59.81946231275387
463,3,11.841849814988446,135.88430275492084,63.13616638561685
463,4,5.896311164112156,499.9721100521331,61.964935573453666
463,5,14.286274119392228,170.69842935055604,21.176151552022798
463,6,15.852002740892782,249.48294861796882,54.53074156680073
464,1,23.479540731118387,254.3636786920353,71.7405936519027
464,2,8.823480507001069,226.69650677816793,4.260659855269495
464,3,12.725820724122485,201.41574386541686,56.60837378554936
464,4,8.463891270973988,231.92344912263536,75.38447678604574
464,5,11.7882085048676,73.43268864542716,61.04661792884133
464,6,7.284929636168923,93.77083626736388,103.96691916291084
464,7,3.4723940899955794,77.04805751915927,39.655583490160325
464,8,20.08360410557858,333.67181909290707,36.71085332987507
464,9,14.289598645352829,133.83672944580564,69.01143098249311
464,10,4.000524491774962,451.0628747001907,64.70169594957122
464,11,10.917047404106258,76.89426711297632,17.421976431397937
464,12,14.147874770491224,75.48981084783264,15.224705392404886
465,1,19.849593834657043,44.72454337706904,79.2814411333313
465,2,9.106538061453199,332.49663642816205,78.04005070875945
465,3,1.4900916370067634,227.73879299736564,6.371336618594512
465,4,10.987898458377284,112.08808903664256,123.34434633711669
465,5,28.643991642336548,163.28285799130785,53.958343766552765
465,6,5.99554503702926,46.6436929275512,65.44805199766627
466,1,9.773439136716874,28.36177756030696,22.851834715535546
466,2,16.99566662474953,181.38074377734438,1.6723016656784395
466,3,0.4286214575562184,207.3075019090711,95.67586147872039
466,4,17.899820442718305,216.6320754339256,130.3563767638451
466,5,9.266257438416762,179.2148564903884,52.697436389559996
467,1,13.517118461524843,145.1848824306357,66.39301331744309
467,2,2.616552783667241,233.94838064102382,71.97100102553068
467,3,7.041287977382178,144.51186520757534,24.81952037249956
467,4,0.051152352454336025,262.2814589006397,30.992101993340093
467,5,13.895067535520731,172.6369803852308,74.59182828047369
467,6,1.9950692767429494,28.094101595126517,16.323864175238647
467,7,18.379378830769372,260.46723332256886,39.45954484166515
467,8,6.656838618018142,289.4152755214408,26.434395257521146
468,1,13.963241735391207,345.03251251336155,62.90682522968046
468,2,17.73915201702639,155.49968949882927,10.114258128572551
468,3,9.546335225072088,230.77773361042753,1.9385842104285302
469,1,0.6429454109736454,172.0835727866055,40.75852257354405
469,2,16.468685586763595,425.40467995162953,1.2740862951828973
469,3,20.35623003428836,301.1698136736647,14.276855975800707
469,4,7.6908128038787185,242.59817295688183,16.20067576289017
469,5,9.392788869282677,278.83185202851274,20.225153607816722
469,6,0.3589874011345664,229.79653270811025,138.33001715987365
469,7,5.007375925628118,96.94324010670371,41.98024938574093
469,8,20.988092774687537,47.86068780891546,80.79296525082427
470,1,6.703467615215622,183.96487894061184,42.01647475772803
470,2,0.12051998171951084,109.49838051332864,67.31258506697355
470,3,0.6670312351569301,507.1328249462906,35.73330035392306
470,4,10.842516808794185,251.32128385867534,95.16579705099143
470,5,11.86698235379203,39.78434816255947,66.8721922202683
470,6,17.889312177574364,65.79562195217517,82.00129959306513
471,1,11.779744114056317,319.430659592777,55.02339123059335
471,2,4.543217363051754,127.91634345320156,96.20286695642224
471,3,5.863960410289368,227.93790130426459,19.16419430021058
471,4,8.66173991378556,37.91858474034433,47.01593271960498
471,5,6.65723617954716,55.98228490554891,76.19316684956947
471,6,14.265203546273241,208.41963599197183,5.033463185105987
472,1,2.2276344995444797,391.9029014549134,34.0269446648117
472,2,18.53808111044651,182.65198505218984,63.55717539198711
472,3,9.180271607375403,254.7243183413247,71.54963702703797
472,4,14.492675292001618,200.4866516117299,83.23144057578534
472,5,14.168768255399545,95.5432924078246,25.724589531315488
473,1,13.111057261288115,151.18990843340038,9.693347032577016
473,2,1.7726537862659537,342.79053809741623,102.00029270256849
473,3,23.054759504957776,285.43290302972133,85.68042827607806
473,4,10.657568425106119,125.10368793200342,6.815668195805301
473,5,1.8155206704161682,5.679514345106185,79.24436576883633
473,6,7.130480494526669,91.46872043880417,31.0865108382053
474,1,11.131167231122076,393.0037774675423,136.4332411326063
474,2,7.604723494364863,146.4843404693135,44.492151652108234
474,3,11.589773468669613,193.26498058349324,54.662211451349
474,4,0.6455015371051722,49.29875521874993,78.61240800225575
474,5,8.65052949667444,325.0265409926872,58.95103908573925
475,1,0.031316547719624666,427.85293587964713,50.446720380253105
475,2,12.972095672330015,151.76184733614392,11.745220874947393
475,3,16.772005934078404,336.2621358629243,78.43096100700777
475,4,8.72638193160307,289.5584149607811,85.75047189551323
475,5,21.341110794696952,348.2789156971163,52.55284900134556
475,6,0.8422272120293997,223.34874465076115,60.26309583397231
475,7,14.963208427228128,403.08377889851386,46.19397951772883
475,8,24.70691032869178,63.893053006086575,66.773674898465
475,9,4.410357254711803,86.08329995332042,41.92902494803366
475,10,0.20020888894669575,175.78581529507747,51.39076992377827
475,11,17.829789865351646,26.13777021459063,86.3378066258309
476,1,5.223742024607823,339.00899471924583,54.00669039542035
476,2,7.003256962087109,7.653271718124813,2.4114209646289737
476,3,15.929054153132698,267.93703866895567,3.214272154640703
476,4,1.6796944260317908,515.3801069815404,68.58500822712205
477,1,6.045339313413457,294.37029473866755,10.937682325424795
477,2,11.262248744241093,300.284392450569,7.924991011074738
477,3,8.572815717141019,307.38757107283476,67.35082588917908
477,4,19.3481714319122,253.0519063836572,78.66910590869371
477,5,7.110965045636649,58.40837223480332,71.36251825267806
477,6,9.421867722084416,204.81731831484808,93.50427940795814
477,7,15.334447117038186,488.1856125634419,56.15416915493996
478,1,5.16151293546218,232.13289637149103,64.7982954074482
478,2,0.09936012068878597,56.99541246080079,21.89780232779528
478,3,22.303224444313102,142.83557859027405,9.069377447524843
478,4,12.67040893111891,183.70690010726426,3.003631952454711
479,1,6.684464951848371,212.78863340022113,41.92548210268222
479,2,14.55482802240062,210.73903217534524,88.00926769434197
479,3,5.239912334509343,240.8104847954022,85.50286411200182
479,4,20.87359306804344,35.952349408268134,43.05112045329696
479,5,0.7884904732029838,54.5298737166743,50.740646927712284
479,6,4.188781359127432,262.90071698430245,72.28686334066069
480,1,9.465110043328753,222.01212083078386,63.19835151361739
480,2,4.72121264146258,32.462073213176126,30.95959999916595
480,3,9.315435020410579,377.7476671400474,122.69243278902428
480,4,19.776184923562244,329.0277816172766,9.826389508016405
480,5,7.137726775073531,231.48890786194966,24.702438476953002
480,6,14.040439567695657,308.07291623814314,71.45160250261874
480,7,17.17594223190307,64.31131794303892,87.31314816368791
481,1,11.530322548167,201.0493919784085,100.40689298159705
481,2,9.74949021150989,237.72360754667022,24.00315635212298
481,3,15.694061883086006,13.412447027192314,37.7860231371517
481,4,2.6204229979795723,154.86327637930495,28.041768833947206
482,1,15.582388805925168,202.09679354295272,99.99586010183944
482,2,3.387886164621759,547.0830910139045,37.50034608641464
482,3,13.65025754591304,200.73218609278885,6.8539203019566415
482,4,15.832789428191273,160.35315624856256,71.02879223548229
482,5,4.364076081298556,161.02751991606445,38.222022119003924
482,6,13.854304746430387,246.17657493757844,42.936252248105056
482,7,7.41039075005394,247.23651977478502,57.90861498631677
483,1,10.902463187849843,381.26205866486987,14.060984564684404
483,2,0.6370074990621806,295.3611698556488,116.38910493308089
483,3,18.101001259133398,543.6690869741496,146.86358569441467
483,4,3.6973165131117174,153.2892623760258,12.824613389273544
483,5,1.8596920360991973,360.8637855383249,61.07434828282128
483,6,20.195300344638163,70.18455861083038,28.052407694423124
483,7,14.155050610722387,358.4966297528596,15.397799027967721
483,8,8.316648375271853,259.9010391052024,81.31939487698745
484,1,16.864899658591668,141.62130231511287,51.15295074328321
484,2,17.092029378184414,93.92181694734153,57.72152298699952
484,3,12.657540849469484,355.2696295375793,32.40138583457673
485,1,2.1895375022181796,366.3841303901312,32.710685906704995
485,2,13.683652012964,205.5789917931004,5.467830970702472
485,3,14.482239688461492,91.87006252503102,82.07401929002876
485,4,2.9860012727684557,236.3098432031468,51.562580429360956
485,5,5.781913307735047,406.9625095816524,51.341683752992104
485,6,7.048416629645125,244.81329193613436,8.227269063740607
485,7,27.161890731307626,37.14564020050369,72.07164476220214
485,8,10.427821118883317,377.06425358719036,57.11684040316631
485,9,5.531949524220799,78.69640373391053,21.20412948491672
485,10,8.333862659181301,405.55142142661396,16.88596142095399
485,11,22.945581540966636,363.04068500490484,3.9487088709936984
486,1,2.403746635075194,372.06048205295633,77.23989347227118
486,2,4.57921244709533,237.74893020498905,98.48728622561084
486,3,13.650901259584327,222.10929615324812,74.89798957514036
486,4,14.94649019967705,124.13431674010916,56.27026981830918
486,5,15.940665828776055,219.9387052563348,21.300280347803813
486,6,11.960847280906139,141.43032600125355,73.2888898312115
486,7,19.988294594777194,301.5735207129147,17.05314587521194
486,8,12.111809162690932,186.961186374801,46.014270139762154
486,9,16.581375656662285,260.3302721223963,54.40277484530415
486,10,24.908694458774377,55.72377563174979,9.232023683753354
486,11,13.374653269376209,334.71385851719606,87.55395185106028
487,1,1.2326995211236618,248.05481597486715,82.1691079815301
487,2,0.34397923522127805,297.17883922811046,85.83529122149145
487,3,7.457032219995368,176.50052975231796,21.50541453087085
487,4,9.232405213884034,28.844332686353397,22.401800168328915
487,5,7.18427193613818,26.62286185924802,0.12053215692262853
487,6,1.6148457512208125,383.10682178257224,47.19810316156021
488,1,2.247774537551602,257.0452703667243,125.73809291298075
488,2,19.58219209716953,63.59454910456677,113.83918940149059
488,3,16.51026038056297,42.71412976276264,58.30699121936991
488,4,13.343634966668507,38.460238061459165,78.24376536287521
489,1,6.265288749113341,105.83721572951829,122.34594299177255
489,2,1.2334410940951361,119.77483652536198,1.630713133260464
489,3,2.6877480397574267,395.79304177564063,48.91487583064455
489,4,1.87408801700861,324.36332786216843,33.972639974406505
489,5,5.474032540622063,286.3071897775783,33.11245150443486
489,6,3.2605677787208043,304.3103479775365,44.345232398568754
490,1,10.112129491690602,366.35448417951636,63.81548723563119
490,2,14.61653380549122,225.15550504624122,124.36638880496473
490,3,6.571226402339079,301.8156734980172,59.912133920572856
490,4,15.166124255721787,250.02620701339603,48.30431335024124
490,5,12.647569950665707,275.5029122723384,75.34501111692569
490,6,20.2430050159074,229.052877010226,6.105016724279999
491,1,1.730295246196171,312.0878834563491,40.858480746731836
491,2,3.265852711491851,8.533799705619288,44.72396868888537
491,3,9.320181003735007,122.29037440413957,70.09616361135302
491,4,12.439097297394866,208.51599961711923,12.9615479794126
491,5,4.819901655814932,9.488533769177792,42.34519112583299
492,1,13.925192649127279,542.2416454075537,6.414783089667907
492,2,1.4030062150137468,153.68568834334144,82.87392485652603
492,3,21.609481381388726,168.00523505797506,40.91583054666115
492,4,1.0122381159822513,363.23772243875703,47.211145594467915
492,5,9.740653284360024,265.01584936556145,62.073439619774405
492,6,9.018029735305323,398.1469375204905,14.14748582309258
492,7,11.47905697012595,261.07539221529606,33.50427044475886
492,8,14.315147882306604,299.4633046971809,94.39257460920665
492,9,9.219082260076487,167.4276800969388,71.56777926570015
492,10,8.61761736436169,28.201592869579287,84.49693488873774
492,11,2.839996266327171,260.251539335519,151.53973836246928
493,1,8.24699467452775,90.71747235037066,53.501053993800774
493,2,2.4581835781400247,293.0689703693505,42.687897930693474
493,3,8.12889247926969,342.9200161408095,28.567173771230316
493,4,11.81059220988206,180.57246154054994,178.6378897244666
493,5,13.418796936537117,28.781480118854176,120.08844628822433
493,6,17.3009553726133,206.7442642637527,32.506892606109844
493,7,0.7153634767661146,264.58068397971954,22.993744989995776
493,8,3.840221496754438,316.311430160596,111.79618794836577
493,9,6.666088840628354,320.8840190498188,58.48876513504105
493,10,12.511799728516891,77.20683692537251,41.50604343862611
493,11,2.3235374395282626,16.610397801711287,70.73100912145415
493,12,6.3299776227809925,62.7375510721474,1.6196463673300912
494,1,3.013949732779807,346.62044880427663,2.6506079252096626
494,2,3.1063803960234218,255.3603044578362,28.324467783929276
494,3,10.835329421151986,150.42007098684888,48.884986131574436
494,4,16.120913035879123,293.2279794339323,86.6800619709953
494,5,14.474900292702657,306.26430507496093,49.912920413885224
494,6,0.18136251501180567,183.89531990013484,62.637076735465186
494,7,10.519546636901637,262.9857130416393,132.4390598463644
494,8,6.489384757228917,139.27172898262492,98.34743612641094
494,9,10.871993367169887,268.19718223485927,26.327325502847344
494,10,4.872799718787919,18.939279566142687,56.89561738790496
494,11,3.149852230273475,34.794125344310544,76.44186276739099
495,1,5.556828901407519,107.20370269557073,31.364537091193156
495,2,12.041844121730684,293.5412926300082,88.75062408591327
495,3,11.163149280211405,28.983670971456064,18.042814986098897
495,4,14.201148969219634,418.85596701434247,4.284266622277713
495,5,11.48342455600784,116.758934793579,17.03719648220114
495,6,10.244977642060826,179.95291975966433,30.985382165191453
495,7,11.411146063465072,249.2143562562793,79.89286948868109
495,8,5.99106184543531,38.17487710507953,33.14761721068291
495,9,14.94148313941044,188.62012700227933,83.97229544729736
496,1,15.368026071777042,392.85386697186834,38.608381828689346
496,2,11.203589822218024,449.80382186457757,133.81154044474053
496,3,17.56259478224716,147.50625826459694,50.29020694544003
497,1,8.752632048025106,178.81530630029675,17.08587598904664
497,2,16.078154721643426,207.2710125630136,51.697277798815996
497,3,8.969377939987508,105.60499778669336,21.281646210806414
497,4,11.901788127869573,217.03783186451275,71.36967116290553
497,5,10.50619688040941,38.1065279214923,18.208135601850323
497,6,19.376173911268705,247.84042431065092,82.12865080815754
497,7,16.43241475294104,52.440846622393764,36.37980533557377
497,8,14.767093014120913,77.66973844782477,33.67020433071976
498,1,6.364431836526395,251.24284085058284,38.34832251260794
498,2,17.601482767803734,246.31509113586048,60.64619282057736
498,3,17.101549202436328,224.0023222739368,81.28794270791867
499,1,3.2422268857280967,111.57243012552337,19.380751182316573
499,2,9.695180295447836,225.93375271815387,125.82299092914239
499,3,3.414105361983948,194.77815278630715,37.37729229861911
499,4,16.625839694017476,253.22271772675902,73.61448832459783
499,5,12.415603302105577,60.20133120746905,98.45061985972052
499,6,15.589534332309682,337.3294687587114,100.5620068202866
500,1,18.35561342949264,198.7830244669458,22.16391036341816
500,2,6.205674737981975,139.64257299833122,69.59024905450316
500,3,4.5042954508784785,386.55209890230435,64.74278786525969
500,4,11.5708148427506,210.95687262293484,49.19593434023747
501,1,0.33600287787102623,165.1101142346771,59.82073773309441
501,2,6.742742371612458,119.0409802772345,55.69619466512529
501,3,6.485245226192117,246.52637407742571,94.56937386970418
501,4,14.739213288605644,332.15200207478034,93.43673646026878
501,5,11.97979712083092,176.20384609353482,19.109877164672177
501,6,7.261752854549953,121.44717009846583,79.26689306483647
501,7,12.427477882159373,304.5136794071452,3.5865257559939394
501,8,20.022246389687552,135.95294427398562,5.999334317013492
501,9,6.92547564624731,572.5648988881262,34.4913253403373
501,10,7.724324699703522,171.1842979055486,44.05518466274179
501,11,4.52966753939122,221.48196248091955,93.02379632793321
501,12,12.200025208350949,33.32520516500216,36.22616380265166
502,1,26.575678409203526,171.65131344965343,16.68126129918805
502,2,19.292009697244836,598.446837768455,55.79538669588392
502,3,10.21638467655929,225.8176020096244,67.97320131426173
502,4,0.14069483835279506,245.8846963816052,60.93825063185781
502,5,11.511504057132823,225.0507161341356,53.85109497598118
502,6,4.7092081429586266,91.84339900707388,84.23433528969313
502,7,17.633142305537035,136.57036592496638,11.73901311472217
502,8,15.01875834061973,240.92533412661072,45.11721870062947
502,9,16.032977020729547,23.191304520390474,96.43838458952925
502,10,0.5142198681092331,76.2153222782682,8.364154091118117
502,11,5.92280418733152,245.91194547962726,77.13695524545176
502,12,9.429191157236666,8.358197294426333,30.019634503009
503,1,1.9233741473486496,268.80842678030996,7.12486559709081
503,2,11.280336116207776,201.60564900743705,48.41728696808194
503,3,17.13159986107111,471.11290691338655,65.84310111874336
503,4,1.515444934233031,221.58284399776133,26.633957607956308
503,5,23.945914302191248,303.97422767044054,66.10077772976933
503,6,14.547241394502215,194.24550396410717,100.08220366232317
503,7,6.003776998465232,344.00564085076167,113.68010947931367
503,8,4.302359647049553,250.64851965409463,66.66215046516189
503,9,2.478396738776513,5.347222856481579,13.360085217753976
503,10,9.635473852399139,262.8300390375232,35.215150704798134
504,1,5.324117069868199,146.93243909185153,70.04636714433383
504,2,16.668254775733665,255.61697862592305,100.70132267707328
504,3,22.718339793976817,44.502130308983936,110.76067302740222
504,4,19.089983342849003,23.667215660867782,68.55118729852029
504,5,14.451817577893035,36.527584476916104,47.55658200222569
504,6,11.09479019538639,38.01035375734824,36.443334458331904
505,1,1.2133745757957257,514.4714308318355,142.3873462425692
505,2,6.856706409366055,73.51291413337452,98.43432437856154
505,3,12.352711217576076,315.502556629293,24.60986034552953
505,4,2.7319140569083533,164.08546385574164,56.97154456447344
505,5,4.879856526466132,394.49751431825746,19.496309623529214
505,6,12.864808473642407,218.93940972305901,98.75283409095732
506,1,14.954188187499623,58.527016449067986,41.14289987626111
506,2,12.761547213746283,146.08676428408054,40.309429146587036
506,3,11.840742145317757,56.9881782420174,29.023381755257645
506,4,15.521575092269462,140.95334613458223,143.46288890228726
507,1,6.399019272167798,43.673778935233344,2.849349506547661
507,2,16.905598026629406,218.0559693433341,58.59938145331006
507,3,4.239359618963499,19.52546549566091,88.50454298846529
508,1,10.294273258980615,76.60115888433133,38.63896757915448
508,2,6.077300417029679,218.9252201640504,66.10368005499315
508,3,13.879957494271176,187.14094881953326,10.03045943070019
509,1,12.479323652504682,269.60970015577607,93.49125382483618
509,2,7.6547226854672346,99.94020762053498,13.417403200295283
509,3,10.987450109432896,139.292442322652,160.65989956495974
509,4,18.896588355041295,51.172290854133934,29.41258466300924
509,5,6.352795062176724,409.7798367017103,138.98137355084842
509,6,10.628572608929609,239.55040170240517,70.81570498237335
509,7,9.889014062786918,242.29763640416348,51.926932150124614
509,8,13.345789843194646,100.26041970310558,30.820781782785566
509,9,1.7162407789930132,303.5142196404024,18.57570875502146
509,10,0.9542644332504455,68.25833908065192,67.97506556099238
510,1,10.30572699041387,177.0366826059425,14.954729527234143
510,2,17.18921268424846,237.0617202283867,49.5310980346555
510,3,3.033823348011552,343.1747593087498,4.630085245915765
510,4,13.163432727136952,83.21985279270864,7.07604226772829
510,5,16.497060391308693,215.24868488644805,51.64160474604554
510,6,23.65356642341669,490.25536031503293,40.12183594188468
511,1,5.635236721968969,186.97942968986615,39.00948095636014
511,2,9.798677371428406,253.43008830981898,50.60308155131295
511,3,0.6199720348279403,214.59586278543964,49.267735011728426
511,4,9.578502842696922,512.9007778283208,103.49705015201705
511,5,22.790097303055152,251.6141647496494,121.41356546787249
511,6,4.007992753078889,146.11451744784452,26.794189391377614
512,1,1.1609784127794338,182.94048530483934,121.23535931755674
512,2,18.931872146601872,73.5173267427105,18.305481190068775
512,3,13.598522890287459,297.4900599035574,97.59614881818132
513,1,0.13518177383050833,139.5997683144903,29.718869488359054
513,2,9.049430518200897,192.72562076767605,100.20904986538326
513,3,23.78057870269209,229.90698809810115,16.17486048042383
513,4,6.179917715546642,172.53638230830734,8.795115788128982
513,5,1.7474101852483486,514.5690818559541,62.10454103785016
513,6,4.1680680642375725,322.4905355536569,2.866155007726178
513,7,2.3279156649026254,79.54363984036324,116.18053123460133
514,1,6.471644243798918,289.16545136342614,72.65530592172003
514,2,5.878054756611368,343.39203126415407,76.7268915271589
514,3,8.08567270380297,229.20536488099341,11.617112505981261
514,4,3.8008891012969945,196.76644493993072,79.89896848128566
514,5,7.665431195541348,107.53138128031325,40.77113834907129
514,6,15.800318292343766,2.7752696560565653,84.45396088499828
515,1,18.1284798168813,441.21157031803205,81.81730827229731
515,2,10.204220987376672,240.4675894099904,50.46375437301486
515,3,2.818396622104003,203.69710673158144,3.3930727035397297
515,4,9.131459417278723,445.4157665894479,82.91436891133407
515,5,3.538165710344292,189.1356395536575,16.624947529810484
515,6,9.562403622759529,356.1661724786845,76.12031753239614
515,7,27.389008565217352,378.8716103761357,58.16001524310766
516,1,14.740049818933052,490.2766252945709,18.16503656665329
516,2,15.303400008182809,262.6901990935263,66.13194972207145
516,3,16.301813162543958,158.44982254942076,56.09340639309069
517,1,10.153211039179613,384.3013723155452,13.217693214638956
517,2,8.36609623953215,293.098191738109,47.09671531335671
517,3,6.024747778676328,123.24166762503856,62.61585762038034
517,4,0.9934169163753115,218.69413622801002,79.0341460717631
518,1,10.899912449585706,156.8942540453304,116.43419646416518
518,2,6.938856416685457,214.84970864371954,56.769930469706516
518,3,1.878480600770466,171.06242412049173,42.93593124536227
518,4,19.637863359732037,229.27100746384895,34.86710208035624
518,5,8.984170056647047,189.95609991478614,48.44345020360096
519,1,16.492008384341233,117.3572781429417,30.913041254145895
519,2,14.929321208083802,164.82557610809286,83.06409096765978
519,3,9.672479570888385,28.425029183162025,22.283928175384503
519,4,26.92872953261562,184.93075747258624,14.61317113026854
519,5,2.031837563487228,93.0715831634122,14.268585545480292
519,6,2.3055501508162886,419.3548828155935,76.58650272836532
519,7,8.60124844274957,111.90961358435824,43.532215717944574
519,8,22.46541933236799,70.24423319769949,13.086611569439953
519,9,14.671473171047644,351.2200844251345,108.06537117323263
519,10,7.5336321906472055,148.71793825825625,130.4912401897645
519,11,14.168498096581665,187.23858510539824,70.13468337322055
520,1,20.211733950995285,165.28729081925115,59.82112688224673
520,2,13.909907072971004,288.6032067266286,6.359371998069392
520,3,15.768606063809845,245.473074256441,24.589544617655644
520,4,4.752331343378603,149.89203769147318,1.9496674644196759
520,5,22.05587173690918,422.92269877150164,68.06800803903758
520,6,8.436211085605365,170.4338018093907,80.32262824695871
520,7,22.304788296513657,114.44048906048852,5.29655829506703
520,8,20.833485415166898,68.0707881376677,9.658767669894146
520,9,8.27199475242403,34.06502017075468,94.48596251226392
521,1,15.9983368935357,338.8080511014168,45.79298119592005
521,2,10.029554838310135,260.47601077582567,48.01465045322239
521,3,13.85738855539902,113.41701721740282,51.767996733930275
521,4,9.534454182883252,130.20472416931045,102.30491175116217
521,5,17.473740959635478,697.6530580977483,1.4829009729500768
521,6,13.000490038710328,424.9809737942131,22.312195079723672
521,7,21.838790980210618,254.73558920191996,19.86785717778571
521,8,0.998891670460285,112.94681886066543,46.470760017664034
522,1,18.66908722574464,593.5078018692396,2.0225861183281353
522,2,14.491829808450898,140.3897273594721,22.91835930701394
522,3,8.788553167823268,255.0503274869697,52.3319727059756
522,4,14.743779448934047,291.04641385710033,108.05697297036124
522,5,1.5914904910263754,33.59949943625625,47.28935951350811
522,6,4.44477036743627,331.09134207079353,7.2869171088833795
522,7,6.152612025597964,150.14811110925532,120.6212031484269
523,1,9.048364293596281,317.6817308861846,6.972383003103431
523,2,26.346944506037286,5.128108736645885,27.1717018910473
523,3,17.938562072482913,345.12977789059386,85.19950061199708
523,4,5.201951083923354,125.65093791218314,15.743217081545225
523,5,7.758648862557467,257.41194724223317,15.549085184284102
523,6,2.2373149306846365,375.3829406521445,42.79335224634426
523,7,15.236608630702477,153.62847737765867,71.7118340220045
523,8,26.283323412045313,28.507029989847297,18.88307876668257
523,9,3.694830943669028,515.6268912675152,49.276963465771004
523,10,16.21234292426832,196.57381569452423,64.97835228796481
523,11,7.474328955751887,408.2914680339404,76.35043431296425
523,12,7.062020644406187,436.97288672493323,116.86513831652414
524,1,3.2423258550685388,369.5247038399175,65.65139828483495
524,2,5.417778853497085,168.21341097837785,21.606293622211044
524,3,10.25964639355519,90.55131765588197,8.880237071302439
524,4,13.353833894479404,294.30958223894555,42.49611999633552
524,5,19.573559127551807,160.93541202573303,37.88901819497847
525,1,14.62342287641988,263.83490688238743,65.77158183844593
525,2,14.93698442983659,309.78893680785296,46.457189707246286
525,3,9.02984025557841,200.12309425145475,72.4108190847434
526,1,5.426247172626427,139.9254892960924,3.5718216646161167
526,2,2.8304059205467613,162.03059446924738,91.24234185639524
526,3,16.75709555299731,349.8228810872078,9.587019384857058
526,4,8.444022864972625,385.3464621224729,20.587657406757273
526,5,6.783859026277145,233.3251011491008,18.20518587727517
526,6,13.002023432279435,432.04896118694415,98.98338966358844
526,7,8.755705715484096,322.1592544218281,18.65320521875107
526,8,11.948469993728532,154.29884947177982,44.022596022954495
526,9,10.726810192700677,258.14477930063606,8.083579244549583
526,10,3.1367991952372636,161.56080395134475,21.146444814419695
527,1,19.744999783776777,214.46294455163726,125.45540034599854
527,2,9.754693859061637,11.481756723030657,47.761845557745715
527,3,8.560289896173998,277.423645501063,60.82504073700468
527,4,11.39492088762289,345.03652391079083,32.80166913229073
527,5,13.771071642709344,242.12997788063944,54.55781802581217
527,6,9.540066313862166,9.307918426362363,39.84349457602705
527,7,8.671442944773004,91.59129650657184,4.315400459739365
528,1,6.104327044717369,160.1715707849977,13.786553299405902
528,2,0.18702283130850894,330.52672621201566,29.206991113058443
528,3,11.319080562945299,26.211381970151507,20.322421849740966
528,4,15.292615164865039,588.0907183767965,29.04864257561246
528,5,8.592245432974016,261.842089721525,25.35599387042865
528,6,15.946653908958869,69.99009940095303,56.153906408665655
528,7,6.3454966685114815,382.9146624432159,22.945419878575777
528,8,7.536883425994389,341.8533556245733,8.878453636285457
528,9,10.481250397345006,73.38015155299024,6.48266165483701
528,10,12.674918931235624,51.39537356956515,28.217082727048336
528,11,13.451604814335564,113.12207882796046,82.91368292865431
529,1,3.7175200900555243,296.0659822827421,60.19363688445835
529,2,13.40307551742235,537.7834930370495,39.54894037396894
529,3,0.8672721510053787,390.13064939950857,21.182473826705547
530,1,4.775209635963686,73.52500162747566,56.61929731231486
530,2,5.48106304938012,204.11127909549,31.951587650541388
530,3,2.3528942867598204,264.3343780937168,51.234694981792664
530,4,19.305466968516697,223.97836286577842,81.3060018539854
530,5,4.265103194374408,252.05122590184152,82.34316257562301
530,6,13.894557722822725,166.01776006325463,64.01799245001209
530,7,14.359228177346107,380.208285732829,27.555380394469967
530,8,2.1822590806872153,75.30324118015189,55.816060582742715
530,9,10.03073768182468,294.0976143676427,83.23106978444113
530,10,3.196433958328269,127.83902647154875,58.48935118324647
530,11,17.80625199472022,191.9929177366638,104.6180778049885
531,1,7.957054397425269,348.2253334599535,60.07998040640751
531,2,13.902633505771805,70.61135564896938,96.84817077859165
531,3,16.87601238518126,402.73280762921945,4.390831623536904
531,4,1.8609483316602198,87.96956386448994,40.42625946075192
531,5,0.6693589260987522,295.59224035282347,32.46869111502366
531,6,18.791795164228187,514.8373219202423,26.237939417470137
531,7,4.6289378682537485,312.092083362179,53.87900740273902
531,8,12.587711346714054,399.40918801219925,39.13278621322591
531,9,2.5397930632710715,15.429163623061442,42.90700104904165
531,10,7.536959693732516,329.73246799136496,105.69925875481388
531,11,19.719827887698305,94.83777100337248,17.87031045771505
531,12,2.694020907214817,200.4540189148191,85.38891604630987
532,1,7.93163485831373,336.31422201716447,15.320639176499782
532,2,5.966908517019327,12.049502097692766,82.72871666182596
532,3,2.0274272688228603,129.2011741064998,34.6551227198594
532,4,11.806006983686464,235.190726159387,66.00873563354693
532,5,8.959246377899984,58.32058134510487,86.05608360645537
532,6,2.3460671354089513,317.1885786494386,95.76370778165176
532,7,26.35722517817498,86.87118218072833,27.592352773027763
533,1,10.37329576094607,365.47609081904596,48.71924782051717
533,2,12.034665451791348,249.28021308709225,40.885666222824284
533,3,1.1229272173444276,109.24044639170441,27.536052944925245
533,4,1.6050230462510733,312.4373857060445,50.0847368406989
533,5,8.497138168292139,11.576708823891977,48.21820543020846
533,6,8.386793291990283,175.55655337912384,52.527346752310244
533,7,11.69340489025049,34.61526452189199,58.99266946765899
534,1,7.690090854290702,133.36859388861393,84.85340736994871
534,2,18.12003850933022,205.7553945601273,116.42803516493154
534,3,11.160268282966577,331.4500343432573,128.20030903588685
534,4,5.599322322333133,121.80114821271609,81.97667600949934
534,5,8.875903047288434,58.86023747851675,36.032987924421846
534,6,0.0966518945678736,203.69272911131256,56.52367929875196
534,7,17.594566298474156,377.07478427910894,37.31057399149564
535,1,24.753151957499714,140.76590309093572,50.53580518882687
535,2,9.015978911391082,189.734244676276,61.45068060715765
535,3,13.560280986334954,238.8254609102638,88.02498180680664
535,4,0.4674473833793851,162.1014176435368,67.37069076575011
535,5,11.793141137569773,102.15508932581555,28.72421028546858
535,6,4.107944124023878,346.49997428399286,24.084130180980893
535,7,1.0292658676853712,262.7963476145459,71.72700759064193
535,8,1.0909478972397544,293.96596256809084,57.22018535556347
535,9,13.609639634562887,210.86796947164066,67.01885566320374
535,10,13.220196595816123,270.78656227612146,59.76262841972547
535,11,9.40106710786299,188.0537032691322,59.20664814317573
535,12,15.777898827741158,494.71115024739095,71.13873219878175
536,1,12.641853087229563,509.70119758771364,41.73337695229216
536,2,12.25857837115002,393.2168215785132,48.068241798394226
536,3,4.98395835444677,259.7567629081094,22.59970741160987
536,4,18.395381556032596,277.2078873583242,15.557546568995456
536,5,1.2697542783290157,223.4523049850722,60.21993375220183
536,6,1.2867512990036296,317.86160719393473,76.61002253210165
536,7,12.390939697827012,313.67118843642413,10.411456883223252
536,8,3.4799529692291173,161.0406323913375,24.622296422727615
536,9,13.51512176418428,320.82746262683094,21.86051137345256
536,10,3.925371921054376,328.21968725611407,10.720416806280326
536,11,8.001101829456088,48.51792404318789,26.325655799499295
537,1,0.44425257706484444,57.0134717445211,18.589702571507537
537,2,15.246500706377594,5.56509456031435,64.75145171829622
537,3,15.890779204034615,416.70330766439986,30.325448366313385
537,4,7.111415554362006,505.4672874444048,104.12595365869323
537,5,8.077702153790323,372.0003595563174,59.898890898116875
537,6,10.114186375394759,572.4879427918138,92.99190113133616
537,7,23.207668122245646,40.6704755657106,121.9045485497522
537,8,8.905524173976337,174.61118416904233,65.59325306317152
537,9,13.586585967620952,358.26575404119797,85.33956587055955
537,10,5.427406795927744,50.52792525512169,42.34878977187553
538,1,21.138562398377687,132.83155724547504,104.55300694401507
538,2,10.043795786795163,53.797052192363395,130.0527182746464
538,3,19.22443688408147,173.07248206526927,89.87191064510353
538,4,10.861436565683992,265.6381421879491,120.49286608647239
538,5,0.637439305623376,146.20416638178057,51.16844062842959
538,6,12.3414524584174,12.697041476425653,86.67717815487354
538,7,1.9222366637709172,12.529413908728657,39.96859735854178
538,8,23.268516935747506,581.246158976023,69.54088717713068
538,9,8.332613718126725,223.44690467239008,63.396397458397615
539,1,20.264791072207064,64.5194586656823,18.756398241155253
539,2,11.241080492031159,199.83932996938788,10.794721495020369
539,3,9.61224532162365,113.90980503886996,50.37160273226778
539,4,15.081465281538813,423.89149211960535,86.35556145477149
539,5,4.949914751188561,255.33726932437918,52.52428485968096
539,6,0.6750973175836936,259.7349177038409,124.26689351670856
539,7,10.226986229309029,39.12740195881008,51.21074684434476
539,8,1.5040146071872478,329.5408260329432,70.99459966900515
539,9,8.803629625676797,150.32536012162683,41.51062793537813
539,10,10.057921460396242,84.16474679876868,5.5101232400574744
540,1,17.970892626862536,273.85064283433024,7.764987921704609
540,2,20.093112161687063,199.06682849106934,5.7681907447434355
540,3,17.18204374023863,425.04373481721706,175.64437147987036
540,4,19.595416067470666,68.72273902321842,58.40264299307665
540,5,27.70105627446581,83.27619257564052,0.7993511960475814
540,6,7.270198041747136,47.79328931086161,25.69738356911703
540,7,5.371654210292357,307.40692071690245,1.8639270963743826
540,8,10.916072674966989,85.25823869966067,71.99942836395172
540,9,14.61204656912004,333.89186912664434,85.69727320657394
540,10,5.6522653873858,199.34665037553705,108.78599687916727
540,11,13.093306919829121,333.1100466043823,1.318943453338406
541,1,12.966177737889403,247.34334962425743,63.06527849027172
541,2,7.559088551919126,130.20512547734967,12.805011265825797
541,3,9.272116909190318,337.6266240623197,31.755959687544827
542,1,7.156429694385573,255.05701893949518,61.192474172094215
542,2,13.115298899259308,241.83846457511652,79.19372140459933
542,3,8.744703804888779,230.267766105643,34.09038863017872
542,4,5.908505490646348,400.73744461431136,31.750748061059852
542,5,16.137319924079847,106.9188686831509,19.99847289427516
542,6,11.831042388457849,23.4414418526504,17.35907712215188
542,7,4.056022474409056,166.79026127223577,17.83449247357246
542,8,21.207830799474884,469.5524774746931,30.879740909922532
543,1,13.810258933360155,319.62001107113747,17.697076557265277
543,2,22.339529921035478,234.55837556123302,123.88571980784431
543,3,16.734053841179595,1.5166911802000698,52.82888973602883
543,4,2.5663511958022838,64.46260454381127,44.527697540805626
543,5,5.064327603201026,128.53066482406666,23.316563194568065
543,6,25.60346390672767,217.828251566174,74.93855702676409
543,7,9.637471706333846,250.6075222085853,32.21486535713446
543,8,21.694952520926353,91.72974313664744,95.83208406247061
543,9,18.292851466886347,69.74873297368077,52.24329585220139
543,10,12.837331167991099,216.47008074715504,49.96239275215524
543,11,6.949348531562314,92.92369441227605,92.32160939611768
543,12,12.784314009487293,227.798248834672,14.044695507427193
544,1,8.20319842051884,156.93712005168226,30.590434998474343
544,2,7.201446518586993,92.20491049207835,80.94981668594887
544,3,0.6323944066556031,215.30767359692769,59.98835225629689
544,4,5.810182782147749,438.0698677181575,85.9333698644264
544,5,6.8182971932648115,184.07804077650061,85.77162112185937
544,6,10.560189618432826,410.23672084991676,72.64838796596803
544,7,11.770182939910582,236.6414943455791,175.95586580187495
544,8,2.8707587905255307,35.83459263973941,40.34227758334618
544,9,19.8328183192911,169.58300420264663,26.155581365008004
544,10,7.201904123095528,518.0239561810513,51.017627283001254
544,11,1.8630672524966236,323.3072660558113,116.47719081389101
544,12,5.52917111549338,268.1608338982127,56.27029540718525
545,1,14.005857610311569,408.9355277303978,150.67167386844045
545,2,11.328034373444027,108.40625576943636,27.112845959652233
545,3,7.845450082563634,264.56126876467977,32.90310887892129
546,1,0.26380636979927274,177.3566775696658,32.56832375978859
546,2,6.499663410218977,40.85897809098006,48.23217060178253
546,3,1.5436176124100154,221.02882517002791,19.620594356081472
546,4,9.648106946095316,71.70212285856792,86.49112787904869
546,5,17.67438709875557,117.18749788799654,162.05641512876713
546,6,15.325009433629022,161.26714198958058,30.36197139095673
546,7,4.5306481504605856,111.38921696233558,45.60522384284904
546,8,9.69368608618664,10.604717770490481,104.18976934467224
546,9,15.50740008469632,477.0859152306483,64.71562006504969
547,1,17.327063465840713,93.48282429729531,60.60029076940229
547,2,17.608042162522075,341.65052821950644,56.26366021545831
547,3,23.824907764786428,279.9466048847711,102.87968012810947
547,4,11.401015231283374,144.25084494735324,88.76731949449072
548,1,15.134629237298514,266.8204947264154,38.07153255945061
548,2,13.108741766541348,220.26735091515872,55.072746824425586
548,3,2.814775010144161,12.756137128719303,60.31823405414153
548,4,13.404372956402382,106.84076409675066,96.9694887762833
549,1,25.493871229395378,58.15706884444944,10.703350380762522
549,2,6.98709703918901,405.22835356228666,86.045745221169
549,3,21.367029886254993,448.0452824044787,28.6099678163634
549,4,8.680591981688194,138.30801135041924,23.13957578795694
549,5,2.8904629653552085,197.78784229747365,1.4226237484444226
549,6,9.760796829259709,517.3656214344477,29.626196146771658
549,7,11.363418039396471,335.99725787139243,61.21165167863628
550,1,7.962864779298641,234.09333242681953,18.11402243823727
550,2,3.7762249875309815,52.272168079953815,79.00959401985077
550,3,0.45659474816272905,411.7508095783014,64.24090014345111
550,4,16.71586997799965,103.00165496085606,5.061131239183332
551,1,4.334447901546028,77.29756784671902,72.96816724285151
551,2,7.232892264090713,155.19681496623392,42.80689915545651
551,3,13.780721911198771,295.5751993126434,28.92403580987651
551,4,8.152232242613946,296.3724125014445,22.1669978829474
552,1,13.203701278355103,374.7735685841783,34.44924998281673
552,2,1.1668578964906047,381.0455486948374,55.4336699243245
552,3,10.975458455292499,105.00051177046454,25.325786675856904
552,4,15.927056371395905,347.69836972064155,81.35293622986634
553,1,8.364953684845254,378.26617961523715,37.606321950422966
553,2,3.189591952435336,462.09541420178886,6.772193101640241
553,3,8.41620471364159,107.74138235843166,76.11413355676623
553,4,13.370058733628277,65.6999637234947,22.0133092686015
553,5,10.972259194855507,232.73626930471318,40.847937941958
553,6,7.84847898045307,15.706812976153941,124.01034475089459
554,1,6.912833256334739,238.3549307072214,67.14911973176272
554,2,8.569849539798838,301.5332306721073,45.62734971055837
554,3,10.095570384525397,237.74808034798303,87.07998514936675
554,4,5.269973983091276,126.97671912225537,23.24414033083141
554,5,7.674615987006467,413.93513871196467,72.90901277319288
555,1,2.0823717838181057,9.306519559612752,66.18899234133045
555,2,0.8574454757657097,97.38508196903533,68.23162701489991
555,3,8.827604899427644,456.36177673029357,73.71429243335582
555,4,15.259356570472294,328.0908197236962,40.34767222220793
555,5,6.277149105358761,17.923370874119257,8.143452930809197
555,6,18.031663982397756,106.66868452621975,85.75656439193584
555,7,0.30312486299841623,172.60232761468376,100.7081232281055
555,8,11.862548236541006,243.87570672871948,26.548089519652585
556,1,3.6811111835670367,144.32120731077106,12.261207023673748
556,2,11.012393436526807,330.97539385723826,34.517878950650896
556,3,7.967319058444423,623.3000374757598,93.14607783838903
556,4,18.050900748755424,19.042885908821802,21.712452828261583
556,5,10.522771476179674,49.82936631722757,114.01589195557177
556,6,19.872186146134517,119.96819939239194,121.3567442642994
556,7,9.970235322960406,588.4084576083574,55.787445221001455
556,8,14.033349252298954,409.98551617543376,101.10533399231237
556,9,13.575124462951255,178.82895208342464,70.56530799972477
556,10,4.286710796867195,222.82005782961738,5.627698700080202
556,11,2.46617148056211,207.56401462091645,100.4911156268669
556,12,16.480632491172415,187.71315564115875,119.87958792701986
557,1,6.016570264073984,47.050418757237225,31.182499456375904
557,2,1.215114806414805,238.12828684811004,119.24602323457894
557,3,8.39650549736548,103.66497589369052,47.568274381255
557,4,17.24301720817399,407.21845569109007,8.116273300118067
557,5,14.60720660064567,184.75636703685558,107.70050991042477
557,6,26.06647840160728,473.0875860265119,10.550131177150966
557,7,4.109519580121874,454.16463903518365,45.841585612435
558,1,17.40434586969408,20.91412493464685,26.65442294299311
558,2,7.238597932922997,2.8975004629684804,58.190330192934006
558,3,7.606144764777792,366.772523834758,38.99506398645933
558,4,13.212595108117817,217.24780525659148,49.26050151941672
558,5,0.046019150090147676,257.53107034365325,63.51847266453514
558,6,9.519311018493413,399.51999619067647,70.39898962833587
559,1,17.274239873086014,103.48934413931514,5.9909357845257745
559,2,2.2396697497538955,185.03706375165692,113.08326365659549
559,3,9.022079372113499,287.43052071268636,34.63204137570381
559,4,11.300984801895067,168.99599696088222,72.80353296882998
559,5,2.0719723183770204,211.28033549901133,56.14790050964913
559,6,12.771387157748011,1.8702406631017539,30.961896899646074
559,7,14.207048120107087,233.87434242317013,119.35315849317668
560,1,6.2944930828054755,199.2970239734098,78.08599096328787
560,2,9.977757118689865,259.74591110203323,72.30446492233828
560,3,17.27949864208812,188.64764267243999,31.67993218923415
560,4,4.7121472167767,154.41531711049578,57.982765064180484
560,5,10.873649816284644,226.34415690233993,12.521544562700548
560,6,4.436350556080093,151.63689696455742,43.972097199308784
561,1,6.49691018281473,175.6208052985615,63.408733848694865
561,2,16.606381493595254,338.68667987942763,59.33150326229517
561,3,8.872107593197992,503.60428045688855,46.00958898742933
561,4,6.908169269000636,103.12265175589722,19.072128108270235
561,5,15.751310265660143,152.21025956512398,49.77108636380317
561,6,8.565975560100306,535.9947788347172,23.26604914854505
561,7,3.692276991109501,179.5855311977526,42.09882650123327
562,1,5.702096678535846,213.38959098862478,39.010401254409295
562,2,19.586570996857972,66.93076658078903,71.72468391663165
562,3,18.002948814259547,459.5188993529161,17.52903331097542
562,4,17.170699251155845,230.8851060200519,92.0896564377567
562,5,5.487317119615084,182.5610413810129,35.452749116884306
562,6,6.844327970621752,206.17078081434468,149.79592318374577
562,7,14.682163922113876,147.3315887939658,38.3216864043227
563,1,13.937863207813237,192.0955190489762,2.5088997622849263
563,2,9.438668107549738,34.37766136270767,90.49889365908888
563,3,9.297636773510824,279.133779582028,20.9029268252921
563,4,14.1283034277388,424.58355367570636,54.70443152153103
563,5,13.65498776143131,164.28731538834626,65.01150490499559
563,6,21.208277588366002,536.9386770357372,62.687222481994056
564,1,2.8622317528722103,81.27985362307196,2.7242410251204205
564,2,11.228795706846038,331.3257574766616,46.344413117989546
564,3,2.627555227701361,183.7123757329415,73.92369091109819
565,1,11.477820664046126,157.62706436397187,60.952917210660274
565,2,20.688538295790593,65.82736406831376,110.59968963060768
565,3,0.5344738780657892,279.96211105630977,90.4084750831343
565,4,14.511041518868623,357.1330667502365,44.89964727547219
565,5,1.088081706241038,357.5382031575362,123.94460791680727
565,6,8.84749702218676,302.2908820467338,16.94438206666384
565,7,3.6872525441076363,216.1024257771648,20.89365778080227
565,8,10.673541389137448,654.5477219819461,21.764718416736738
565,9,12.390887201018534,63.76389139717082,70.93198279374144
566,1,5.062133732254847,27.768906204243507,123.55018003648455
566,2,21.239830754745903,68.7014648613432,52.912071774492375
566,3,21.97565980880021,384.93778800162244,36.530278798084176
566,4,15.700378701975113,649.5797437578708,54.206399274048486
566,5,5.571462239919866,225.86297781370988,59.86208381989272
566,6,6.328242826999313,266.2437601721325,0.1760423891000471
566,7,5.341262930939245,313.73671642321966,20.194834061690045
566,8,16.322173143963436,101.79720485585545,19.252983155052604
566,9,6.507148798608802,243.02957642290255,103.01054412509555
567,1,4.944577032150022,23.78386279928705,16.6095248263233
567,2,9.441933426418133,156.73894313274997,36.555176079908364
567,3,17.058267321355014,204.79609799079722,97.97498340321631
568,1,7.177922963214492,320.8851414666176,53.595164816085926
568,2,9.944223825971502,247.01180789957726,80.66848464528883
568,3,4.789817485700251,335.48140011968474,12.520230843198313
568,4,13.194191405710836,281.2140695862805,23.13739647997682
568,5,0.796664259123844,160.3146451093522,55.19483341036397
568,6,8.751449826212482,12.763912482068292,174.53006711593164
568,7,17.41086658497317,210.82992923745684,103.2964023368286
568,8,14.935245751342398,25.46902391656721,24.982567920015057
568,9,17.206269057581977,55.91938496129359,65.8127221328341
568,10,14.723305982990379,160.90349959173125,56.093195577951704
569,1,15.822557477070125,387.0049737524149,9.99179099660131
569,2,21.908013356348658,167.67627098776882,47.918622774998205
569,3,5.606330010696508,261.4133317316722,34.9336171276331
569,4,6.672023391988065,291.9456682954311,96.44710804238564
569,5,2.7052609697159653,323.8367369890357,99.91566681685353
570,1,8.374109518828678,354.8702424700158,87.57913278722336
570,2,1.7487278586026704,184.41305989651516,103.54610500470969
570,3,1.1317633297113439,17.606418222396314,75.06463196927513
570,4,19.04641157955004,158.01342224006794,31.22407363216784
570,5,1.8937792823487705,155.2560802309445,8.878496841906212
570,6,7.517482038805603,396.6165068739632,1.7778571763582534
570,7,8.23398858600673,329.148893404255,18.95064802068172
570,8,12.85525697652584,321.52919091865203,53.13684364420635
570,9,10.692669363008187,35.307259951494274,34.029503061725634
571,1,11.135340965226142,153.97808058644864,15.033650743343884
571,2,16.127311638802098,248.356605844178,41.440101279744994
571,3,13.115130619359554,139.8234641848179,81.03772314947355
571,4,9.264230888208367,79.34384062972465,119.1618902477052
571,5,21.003775897713318,172.14806117235742,64.905545550528
571,6,6.785417226253373,55.97336915199955,102.7079072788953
571,7,4.415809510804599,391.03110958204616,77.88912717583318
571,8,12.010116566473247,193.86250844680245,78.05765535268732
571,9,3.4871371124184813,400.1625349318384,55.728308310919864
572,1,16.11879857272502,310.3164929306238,30.459653018472807
572,2,16.504326930833976,180.873803163627,32.24294022260433
572,3,0.38039128824539326,199.16192990477253,51.3420638727297
572,4,0.8789865472963676,20.9920259340538,69.46477920512444
572,5,16.10193591742964,228.54243648836325,96.03338598737452
572,6,9.39530510953951,191.84730883996966,13.318878850368385
572,7,0.9216938428760209,478.1993200789377,95.25196200998985
572,8,0.2524120300306514,223.36278617469208,45.998147555853336
572,9,8.082052687858697,138.64732282775907,65.25076587871915
572,10,15.727228678300321,260.3586753542308,45.17926502483225
572,11,8.89941298176216,340.52214753839996,68.53779752464249
573,1,10.508826241248032,98.2040965852736,43.750283693156746
573,2,13.22882138774713,214.67000289422398,55.17503788557057
573,3,7.4237840022699455,96.27080070849647,76.52401943190362
573,4,4.020012146525004,102.55694930424154,24.484528339603667
573,5,7.680035495550872,13.038655737514858,6.195408339005098
573,6,13.801433158970518,283.1669540025981,62.427345280333384
574,1,19.626327359713585,438.0838630738334,11.27475962990529
574,2,2.7153829440797272,63.68097992066404,63.812890298812995
574,3,10.374022268588044,306.51950441577134,46.95811244064333
574,4,8.630780663005677,249.37348262648317,117.8583288097772
574,5,1.863958462594347,61.97655288526738,51.64389407641799
574,6,24.227315627961303,39.25262694974103,49.600187504886385
574,7,3.858185888097892,259.72681820229644,32.57049089781687
575,1,6.387578764287568,171.53726641104754,150.78830582581497
575,2,10.944349814366895,110.83794521330408,4.197283340698405
575,3,2.78130765878824,254.5376410769285,76.18567971298015
575,4,7.223126740243552,197.7544372953569,3.1815316284550477
575,5,10.930499253792508,272.22429808506865,28.59342931329449
575,6,21.833168687100876,74.43405098796325,61.33906416075929
575,7,15.938220537932239,188.4065749775926,42.46092724422034
575,8,0.0020630531476353298,403.60122435744256,43.20427193329616
575,9,13.761557974543773,300.90807317902113,24.868060319289874
575,10,8.617299769961496,400.1723526115255,5.3120933703822
575,11,24.895426523300795,88.2690822085589,2.819301734379529
575,12,10.926163144819743,531.2522396509806,26.438637423688206
576,1,10.786228519731567,195.31655617641948,13.652984268874881
576,2,11.829653462243602,146.1265718508031,37.63727911054549
576,3,7.212760143964967,194.11982109533702,60.41799700678072
576,4,9.794861383300352,373.22226792703964,80.24671198359283
576,5,9.488299750350821,44.69361621325979,73.22112595671358
576,6,7.795660996572526,174.38823674980048,2.7474024370477537
576,7,12.894995714160226,589.0078618174027,29.748534728557022
576,8,14.358216367209746,386.8788621782518,29.080915981474153
577,1,15.595062349441207,181.61923181378808,23.046746759593027
577,2,12.579567987341074,325.0686671931744,56.44331628131959
577,3,7.4555124527493835,399.41350900172324,104.61591193293441
578,1,5.2197600452335084,53.44531816705481,26.9205892981161
578,2,17.543577740337703,189.9688543932727,5.0048677843501395
578,3,5.21053997623136,96.15762959214224,48.44308183279628
578,4,4.160565232648735,413.45924135131276,58.328204346753495
578,5,0.23139719538983883,430.4211052840664,48.16867536158863
578,6,13.54195146597591,246.01119640641417,66.69688124998427
579,1,7.595436796299605,27.167074411561572,46.31514935661774
579,2,16.770016342214,387.87130564728966,47.360953124106814
579,3,13.655151418570503,181.2827234094218,47.365958913951985
579,4,15.073515848285838,416.10718966591844,4.501477208434814
579,5,8.37048788418212,109.7094856716439,9.679818643603369
580,1,2.3951233265106735,273.733687910388,70.17028977936606
580,2,7.793655580535889,307.2225032720109,24.32500054934367
580,3,5.052026189399594,174.5031220683604,3.1087001238818885
580,4,2.240991261931054,153.81560524423293,77.76080348242968
580,5,18.974758739985585,117.90681751919406,79.32863350486375
580,6,14.455794266529672,382.79122615017445,35.99235878583993
581,1,24.867263000835813,156.0784655927674,32.470578078556954
581,2,17.90122309161272,163.09962471385873,73.33818502213728
581,3,13.906105879433756,205.59871495805425,56.60395742281729
581,4,12.587156708533477,36.712430454076156,22.810712765674843
582,1,8.679857042255783,188.16099863381666,35.02398208004373
582,2,8.864260220290532,82.47678074811887,14.696108554259467
582,3,15.430357696979076,37.519747522309785,37.23527641208386
582,4,17.107399503896975,147.09488074945892,83.149618147423
582,5,5.8626799549121085,42.32545904747093,13.793034196032828
582,6,19.18906848490863,29.46932275483769,79.88746360500373
582,7,3.0003708124463238,397.6075876909732,138.27130898460402
583,1,1.8057104178323566,295.05477730437656,30.285287093123834
583,2,3.484719548250837,316.4795910856681,1.875016330048524
583,3,8.83011197832558,12.390482531192248,54.95793786341332
583,4,3.4183893512989894,22.086816004154088,15.607221826704688
583,5,14.30327151873724,120.30234331071026,89.3439329245881
583,6,20.50488794361625,153.70353054675593,9.13789681083324
583,7,16.759759693932335,31.234925778230206,13.869451795780535
584,1,2.6072674552635373,214.37853204491748,34.45063912891949
584,2,12.390512177727205,102.67662858709647,42.97601005522738
584,3,27.210790620356285,293.46517862147573,16.157111468237098
584,4,18.676025306887983,432.26124695158234,73.94726786614717
585,1,17.417890800628975,28.536294674844754,30.856377934776297
585,2,18.422088919556785,276.325234181121,63.092789709115564
585,3,13.567786885223516,291.1837263824803,96.31053674948487
585,4,15.276415468304537,192.39099852543814,64.12145534260266
585,5,9.52799702560075,88.07844446924445,47.93490191913331
585,6,9.203326133764259,54.71379366955361,80.99739837688199
585,7,16.611244119400354,281.57133596948694,85.38823278891417
585,8,8.768636051139152,122.88888330492014,87.95621481586882
585,9,2.588515913523546,35.98393614221632,67.9255490962683
586,1,12.945342383841993,142.24101950268923,42.658081345807126
586,2,1.3792091683385248,140.54934243141292,53.86527204656891
586,3,0.5515661326757684,118.25183573451496,58.88857714533761
586,4,0.6398219569129644,270.35892714442514,90.8157739686315
586,5,13.990210656280851,125.48112956248542,96.87986909849016
586,6,19.71212706361119,247.6683448044469,55.961536896036854
586,7,5.6620506509251625,138.9984863046762,92.88701052686999
586,8,22.945706789884778,137.7534028076927,43.14805314493861
586,9,5.469332623454237,135.3780889176677,0.32014465599293374
587,1,16.929655980800753,428.79549381118875,111.31252529293678
587,2,16.916671885036813,345.12844923637635,37.89355825297801
587,3,4.1383254095529765,147.16740216538147,16.591560057310517
587,4,19.39956720795194,157.5060560873432,101.6532291625984
587,5,1.3795029594488035,362.3937381503316,30.204773672827216
587,6,1.0094141418357818,444.06770782396364,94.29246677363096
587,7,11.48254694130049,205.09068277024446,67.58040075276473
587,8,11.362400045421877,81.15860687427931,33.51790920860312
587,9,23.725024824270918,600.8235113942021,112.50674020922732
588,1,13.347567581138364,114.34636708206554,28.023932593804005
588,2,9.68396277387599,181.38286098288074,49.95839150396739
588,3,6.887655605583847,99.37813852321986,50.33697882779201
588,4,14.548578950077212,123.71117775380345,45.49432513094547
588,5,0.4276849106463061,361.13766643351016,89.74952065125433
588,6,14.527304470040352,276.89958175457554,90.70833059732006
588,7,7.597879534213622,220.83725701662974,19.129566255600622
588,8,8.772660570776571,484.43868632603056,16.935018258620957
588,9,1.8438500552900106,170.95498429994274,34.00464845223796
588,10,11.861855226761906,318.9304535237586,35.01883187373103
588,11,24.747451521369097,384.6045562605474,19.45892406589313
588,12,9.44637924178037,279.26043637034593,16.843454410545505
589,1,4.452868126559883,19.35366011907351,66.92319841297412
589,2,6.002673954879608,507.1477855845274,4.151310431659255
589,3,14.374576432211157,11.081664925628502,37.2573332775667
589,4,9.759806684751338,360.4537522609412,6.913326953658881
589,5,14.643681341931698,202.81665850819203,60.911735451439185
589,6,16.70832900279599,7.616496049206859,82.42379892594369
589,7,6.017666028374027,364.3810182465239,63.38230538151521
590,1,18.93408172672825,77.71015634606286,6.1690426756020855
590,2,13.889912176777083,2.892673526585156,18.04885109206992
590,3,1.05413129395712,372.77338433290697,9.892996972770412
590,4,5.420044368257269,6.492126132626311,34.5831477535274
590,5,8.999389448228179,323.89655846555104,2.8782528772131073
590,6,5.79354646955779,413.410770132998,91.64239219773228
591,1,16.034776002625996,222.36063038671125,33.716981064910144
591,2,16.131828476419237,162.8651947773439,100.69569354588772
591,3,14.83007113374246,445.7900331770643,5.216359921464083
591,4,18.134207215588667,299.5340894027503,25.70116967192933
591,5,9.04553084896598,169.05935350709947,35.40130615377359
591,6,0.5594606722204798,376.1504248481516,12.146699002185748
591,7,2.6517310751786516,379.87464024770463,6.108124566435023
591,8,7.881553684999856,50.86008388794252,115.46919883752062
591,9,18.006284421566495,76.74826185763058,10.118316035803396
591,10,15.37067595625205,265.00247175867213,35.83675031569304
591,11,6.874099540902996,164.91877717157004,86.07731156344775
591,12,20.994952397283114,473.4082038188723,20.6222507379045
592,1,5.07384130292526,202.0753584833592,21.19348385280723
592,2,10.494879151653876,142.92971958239983,56.70600621546623
592,3,16.147438958056515,325.8871768085893,101.52841884264333
592,4,15.867028278280124,235.78362973127065,32.662734494394215
592,5,7.285673540286432,68.33340403462844,50.181171642062324
593,1,14.881712350983543,95.0001890369252,111.94170288696932
593,2,14.32225374355003,376.439051348447,85.01768217477422
593,3,11.244563106020767,108.01332828660021,57.02697328157464
593,4,11.632273656866715,345.7339420318957,40.04041023418995
593,5,0.009091680107909283,235.4454985604624,63.309219643621475
593,6,3.929420741145016,253.59168706451078,77.13422839622531
593,7,8.637037698354154,414.4333569509767,114.65777688125522
593,8,10.852493450150815,326.13086145493435,17.854471540820683
593,9,17.51359923310157,419.89792589548557,9.383868104657111
593,10,14.317056498391114,81.03242843686473,18.529085529831985
593,11,6.3577529764923675,21.21295096765445,40.48038764677032
593,12,7.872268605478903,292.5165285075092,10.555910616899673
594,1,14.363399283584496,299.24687037721344,40.49463299729035
594,2,18.265584963680254,140.18085463699765,58.826024390273915
594,3,20.389681218375145,65.9397644638342,51.15992658055638
594,4,9.778982961402162,81.8235199117746,43.445496863577965
594,5,12.185259103162753,88.06369868218415,52.216307173161475
594,6,2.8618540112032322,169.35357240208654,87.14805887731833
594,7,16.82844653666241,375.91514171408,45.934379102339136
594,8,7.712936327969877,310.6936371757019,96.67517563982767
594,9,10.584080070642676,426.8247027881649,78.42336684008727
594,10,6.002924575722227,132.50442052245072,48.3808631946675
594,11,0.993165761956849,116.9839974799217,95.63258328852532
595,1,5.73114295529445,306.7395204650216,54.976378330306254
595,2,8.712933457642134,290.59665384263286,16.745787930595696
595,3,18.520686422727252,168.11296400139076,17.37043312545856
595,4,4.749546284837222,187.76751707515456,32.94092160120598
595,5,13.683115733157003,193.04456725789294,35.76071610690023
595,6,12.473754537753406,120.56878220911462,69.65335867132643
595,7,12.28474973698237,242.78642158153318,35.68208732256959
595,8,5.59273566167417,321.30612073742475,74.56217241163719
595,9,2.944100048982058,135.07583525474666,103.58841215847505
595,10,16.888052593207867,24.496831734926076,50.475556576861756
595,11,12.933032202925304,349.0454455899742,55.08487780275976
596,1,13.387024201405902,521.254699604573,122.92165002423646
596,2,12.649674045049872,294.4654520955804,68.85960713795859
596,3,7.871963235145746,487.48225050015753,102.7820250180547
596,4,11.640609343368824,167.4731092151682,43.92168417768673
596,5,12.37142376729726,194.74285815169796,95.58036340815322
596,6,13.353188099307346,56.93828247334636,4.135400730788319
596,7,16.935595698388717,26.549465070988475,36.05559684628144
596,8,6.922626634259328,14.225897147853942,62.40832544980652
596,9,9.133292601830778,104.32763503417506,133.40747873590323
596,10,7.016528529108456,70.4952857347061,26.930086981244898
597,1,0.49135912047171004,57.057590829934014,0.06991738376851231
597,2,2.1407960354341578,115.3792673980861,40.611667322249616
597,3,16.615892102120625,74.98041698811413,24.486841897642748
597,4,24.563630720658075,208.00635965390867,61.41270149069956
597,5,15.2171461408805,121.42414875640839,49.26621343569752
597,6,7.742802636292382,187.54413602702718,83.72970712810198
597,7,14.722661883809796,142.34211201314855,89.91513224533657
597,8,7.579919865932117,259.2205557329054,33.697389784410646
597,9,9.637365220603911,397.2935172121603,63.44302423962365
597,10,18.849198918648483,192.3546561172923,43.80365301600854
598,1,10.08524645610601,175.52870990048942,3.618504512583229
598,2,5.625068705255408,195.17022411025383,20.01815045011015
598,3,1.585462801569033,100.35038806679802,90.5563045690055
598,4,12.697329886804372,241.34877625779524,56.734277371165824
598,5,6.167955218178616,319.15005395996184,19.57109116842473
598,6,4.588650260440241,169.75257422948414,55.18792671568086
598,7,3.8112007739434928,38.99941107684322,73.62660772482656
598,8,7.119999078248632,304.1132697190592,102.22819640867027
598,9,1.2250961087092946,231.99771855067686,59.9837238943432
598,10,15.210979834669699,119.98810951394302,52.233227736857735
599,1,15.13567445005323,27.51283782487505,40.7625065020298
599,2,19.468957152879668,137.6901150747505,63.29557956221838
599,3,14.475058614054685,226.03922246670874,32.067468998251016
599,4,4.533837123667395,35.782971497157405,73.86055259087752
600,1,5.394799045188415,437.86618520695083,92.23192953866288
600,2,7.731494713387527,31.154960365069428,106.20222342411574
600,3,19.594871922334832,99.20357699697564,86.84756151298241
600,4,7.67475544248483,425.1915325267593,29.40541350384872
600,5,23.850559012839526,317.91808213973684,121.90179378743947
601,1,8.558932530407372,355.3701246754881,19.315520477259703
601,2,3.665789081375367,233.05637087564145,9.763378892077867
601,3,12.440937428491612,270.4527627512737,40.14424656739387
601,4,19.856291316931145,369.1958463937695,18.871525584307783
601,5,14.590333292432268,347.68122739174095,53.310747250589515
601,6,6.977319753006494,33.681914946712936,27.67089082621014
601,7,2.394442028842832,336.8699210276203,39.79438861622616
601,8,13.651562466849462,389.0452828814174,58.48715581076952
602,1,14.180694635263169,448.00851746909916,8.53454194487287
602,2,15.251921559454328,183.9051493544316,95.70178904985119
602,3,21.37953555638954,229.41837580823645,74.83230643361625
602,4,18.512453855053288,349.735865874551,100.27082389893337
602,5,7.913411276772887,122.46760458738196,4.5530305389795345
602,6,8.632613024789851,187.3748605011333,44.25593542651403
602,7,13.445599185335734,277.738789764997,47.38286873495191
603,1,12.427396320306297,67.89791469500895,74.97547576792579
603,2,9.55945836653975,206.03256630133345,31.616910726690858
603,3,11.133064977254326,178.6420507475952,35.74980095173098
603,4,6.323579457375953,255.87433232467845,3.235627942135835
603,5,8.653562694738785,84.84238199523982,45.08361065926262
603,6,9.22857374710871,330.0279093697951,76.36060477577763
603,7,12.042570847033128,225.9096716628073,42.36550324341627
603,8,8.534572815493497,62.17962283285277,79.34997196700238
603,9,11.865682980070194,380.056128840367,27.817483607496364
603,10,18.82258790706066,171.2267508637879,27.07359119882738
603,11,20.8181123565073,254.58393206207373,116.84028369444232
604,1,0.6461125441405215,443.89669400095977,84.70317910025088
604,2,20.011209205331454,258.81921882315237,33.74789800520402
604,3,20.747336016469596,70.4647460435161,18.712530239916045
604,4,11.094276007688105,406.7344770005224,92.13148535809599
604,5,16.343967841232146,153.225942068817,36.89569895631553
604,6,12.421605675860466,180.4893738074701,85.57271629317412
605,1,24.852071889157724,501.9415069647462,28.61868021304511
605,2,18.731394942652212,203.50509508783935,130.73259617223536
605,3,18.070096684227,241.85831711912192,53.25528220904931
605,4,14.25872721517893,272.52600900219664,5.894572756892671
605,5,11.454693736200461,102.24782112638435,28.812246568601303
605,6,17.801865367234605,230.56231672294467,31.819193814631873
605,7,1.5169137921788352,83.5930756102403,47.622293713816426
605,8,21.801014619358522,42.63857378181811,61.790571679014974
606,1,0.7567956094114212,355.5612939839857,47.08772668319525
606,2,1.2470283395493293,187.0801138241504,10.009361740130316
606,3,17.755877577375507,122.63937908548877,8.352608593028215
606,4,14.62593693714902,193.6474765951296,70.80668354917387
606,5,9.20272198895153,373.4979814324683,33.93947468388377
607,1,1.0312196999025751,277.62273543206624,24.298713247750516
607,2,17.836962818867647,128.26510882123574,61.634847625763435
607,3,5.446206027709013,340.58377604999214,23.769949574434428
608,1,22.048128712788795,81.2394640789304,21.8402475050959
608,2,6.702282058907789,146.48530307140103,110.016309207812
608,3,13.806832167201215,98.22437393368605,28.913901696304443
608,4,27.460587952872615,252.95529891663494,32.72702878205621
608,5,1.3530636582261586,51.35412535557714,5.324509048803677
608,6,10.670865145757972,366.4120973223752,74.64297780366954
608,7,18.218427324951023,284.8661852287346,0.966222405267203
609,1,12.973992541676237,200.78321230134065,26.34655932790515
609,2,8.9598734302979,108.71158010747614,39.82172561300233
609,3,12.733825992986569,44.496902930025556,93.21762784451552
609,4,10.508807090974434,112.47680563529546,37.37464583164243
609,5,18.172152925136626,322.76131901472775,59.59886362210711
609,6,5.79671128517761,285.2365566708185,50.56637918074014
609,7,22.219683200710907,194.36825631140127,117.3527105332482
610,1,2.142632882929698,20.69777684402692,31.90999975159174
610,2,6.611440638615242,173.8155040587317,10.946910102824702
610,3,5.2103598946622105,56.89021215723034,13.196924399795627
610,4,8.810880489041358,300.3036592173822,29.60103181700834
610,5,17.952709544124758,222.9699126928333,85.72037943113293
610,6,10.221867569577018,300.6773472625719,6.437040218209205
610,7,15.89722037879998,200.97541176640448,93.91702860941048
611,1,8.234268526841504,6.1260178557314475,46.87320255456827
611,2,15.09283161653434,177.654250285346,18.526894770598506
611,3,8.435450577924428,197.07853020479817,27.179290505043284
611,4,9.000575327805148,1.6510708217337537,76.36103808084385
611,5,0.9272980291074457,351.90383068264043,33.633397231442345
612,1,9.083700597655383,223.9314095157247,33.39322607345865
612,2,4.430352923102733,331.2154985193386,61.36035276528621
612,3,14.368112738034032,76.45569803372406,83.19915395515937
612,4,5.63710113484893,237.08292833909132,129.18352039092412
612,5,15.964546464408185,250.88289770236022,104.01983002455992
612,6,6.012371263868598,273.59683105594746,16.72593744860309
612,7,7.4677727278519646,438.60742952842367,60.94657805971859
612,8,19.850164138381267,184.60884696141133,98.83210390961031
613,1,17.41573397032787,308.58063123615284,16.82750241776897
613,2,18.715179450063204,81.28839884336274,25.08380708746456
613,3,6.600132155401905,84.32088649404392,66.50831068893767
613,4,13.640735577347009,131.22085363761062,78.25013494379408
613,5,1.13788180412792,302.9120657899957,63.0159264396133
613,6,5.165185009097342,262.1173200937633,14.736503479450647
613,7,17.735776326629342,279.05775338939173,64.54570738090446
613,8,6.763394814879884,316.27727436795067,98.14842141580395
613,9,21.24824890337548,118.20693942358812,82.74148209740602
613,10,19.768083434112867,163.54339060328795,106.21714726143716
613,11,11.112052711838722,47.20193280460106,21.601389038650765
613,12,0.10390105380985837,194.16423493691912,43.59265735059965
614,1,4.781392517531064,189.21464865469818,10.412680019990276
614,2,20.873889418805998,440.5120872574056,52.93242735152649
614,3,7.823193297848631,21.5589193349426,23.84871604005051
615,1,20.380268396872445,458.698201346013,52.14864697356934
615,2,5.6921772850246395,468.14583570754894,77.66554820151472
615,3,0.9487363449074948,123.32110478435686,18.176645331077516
615,4,8.537379589785964,423.0661906900092,24.681721785042043
616,1,7.596140896124361,213.30159750877326,68.86945657901691
616,2,3.6023965338439456,26.84548453353017,72.19591708031459
616,3,4.351515763568008,61.346430221228104,75.65679075466868
616,4,8.967857645536343,234.13554242226462,1.3297026858389813
616,5,3.6225023960429397,444.5928470174544,23.679765959114548
616,6,8.576952464433774,235.60445082069575,7.2015656857966945
616,7,19.469598919870037,201.12544617225322,40.54341478885459
616,8,17.47679301952022,336.7699919616118,128.67963529482665
616,9,6.940773953693755,528.9916254590916,75.8456104240837
616,10,21.83282410110093,347.8705865516454,24.320761058180732
616,11,4.164035908289561,70.61840795674107,30.423125134475825
616,12,5.71413964282029,390.0507497933095,30.074913591396314
617,1,5.26500479744537,170.3513840846059,103.048965875154
617,2,2.1742092876448655,158.09887241670432,64.91169107113247
617,3,3.1711397547203948,335.75898716919744,84.89480077476595
617,4,6.9813132570463114,597.33350227854,5.2876869788639524
617,5,0.5753102718207099,128.864895098793,57.611674320545106
617,6,1.2927160931043602,292.88808803478184,148.41174071403486
617,7,0.24892286921736861,229.4625267125108,88.31810225600773
618,1,8.668375249323812,64.00791702292196,19.892214745295163
618,2,2.3373342257444945,215.3306764130682,12.335007886120167
618,3,17.23441104937851,8.960149844632667,22.261478866142728
618,4,2.749451463994987,133.2212431779485,50.28485475260857
618,5,17.54431008882826,217.9976575757198,79.63601303472875
619,1,17.03579257097561,168.48691886382582,24.017696789097474
619,2,3.848398577678296,86.47020837465162,58.29068038175601
619,3,10.845450990996163,326.6117378721351,1.7975369819907812
619,4,1.8280779492023864,16.600803512502495,60.766818445689914
620,1,20.247305233356805,617.8867870991083,89.27287777754415
620,2,1.8069496975174868,84.90911414600265,141.14069263823995
620,3,8.499277476162552,207.12719521419328,11.583323183630846
620,4,20.955723839019708,275.0499810980938,19.015946084587533
620,5,3.0432229779991022,246.0805918846808,51.7682469952181
620,6,15.824771520547891,282.04527096908,39.4207860492551
620,7,6.193388831770435,176.00867775517492,27.9727661337295
620,8,9.088631270366667,202.46613929290726,14.082764264797717
620,9,14.414759034685162,144.43584282954944,16.324625988586263
620,10,7.538748002026924,236.33872349304295,53.32152799253214
620,11,12.954826804331235,334.75191876132936,102.19760816032132
620,12,11.998403138816373,39.5896419146755,39.23556789878797
621,1,2.9697713093189435,48.767944762753274,56.233720622441645
621,2,7.227958457321754,232.09134516184682,46.66674100498366
621,3,1.7655152828662626,293.29714910317097,3.393143323132719
621,4,11.438633510185998,131.82474487346147,146.04281312948928
621,5,9.153791898010581,252.64993876545878,72.1587570272776
621,6,12.36335071352703,195.997829924238,10.3770004716717
621,7,9.217335023649584,79.88286219678741,69.50232020661457
621,8,30.44343283094428,226.50358013452646,63.58032053948032
622,1,0.8633520669270478,332.20225028644995,68.67752210252496
622,2,18.968284895466223,182.0236875088258,76.85723052904626
622,3,17.719001431955114,53.73793842936436,33.72882649559902
622,4,12.653475275531125,338.0896361264122,59.74163300852387
622,5,19.776503712914014,119.8742987978347,0.6049008934720135
622,6,15.56280933045209,183.05020514124016,16.488540368866943
622,7,21.95892446756922,312.03246029993585,76.04593245221275
623,1,4.573113766172458,522.0647705814583,39.57968986873442
623,2,16.293067245275395,36.10572583579875,78.85111647497568
623,3,4.979555453389794,8.971912607016577,7.396664694002482
623,4,4.064627811037764,216.71797958229084,165.0315953637865
623,5,29.149729934570487,151.72217931339495,88.37678346932104
623,6,1.223560494729199,115.60935064157218,51.22341184811005
623,7,13.824028018362874,317.48842760681123,93.18792733906227
623,8,7.6868817478018965,210.80621539791952,82.84955078721552
623,9,18.354278999830456,63.92995253564669,58.42709643168521
623,10,14.546870226151974,222.13288788611527,25.118261022317853
623,11,10.021648911726297,279.459485603544,19.57392683934644
624,1,1.6193281249025802,166.22418303313168,25.54194931028084
624,2,17.305924607195962,20.94795110313376,5.637077099054082
624,3,11.102333270979223,228.08710724281664,82.78003269746131
624,4,15.015911693667798,189.5967201343766,54.178660393212404
625,1,8.983126817628621,264.4055575816928,57.79100252503936
625,2,7.010943150862584,202.3767001565573,21.563276566280226
625,3,16.619723935658484,367.67957203501646,23.980018681896723
625,4,1.4832783640231817,150.82265790188842,129.5382591402437
625,5,11.62369040124469,373.0184308469848,12.88773748587726
625,6,6.596562107517664,153.39129628201167,3.156087246050781
625,7,11.167996940552879,77.23679577885143,87.9576820618945
626,1,11.06093555760101,168.52183245339617,58.16786587504373
626,2,14.71627483912309,315.0772102698297,30.237206320163043
626,3,14.496521159880801,69.237052147709,15.945549066347972
626,4,11.677282072523901,95.57848246066075,44.83286462120934
626,5,3.4269097012246625,7.312987859125684,58.30841450942303
626,6,11.519313955504485,202.8808128730046,38.37527778540287
626,7,5.074856617814456,37.82247201637077,5.184066129984728
626,8,5.7728691165970325,353.19235899667797,59.24006433486424
626,9,12.521753194883308,11.643506030640225,57.42860217989987
627,1,12.359471385268062,125.76736475883438,64.28629995285915
627,2,17.907962581512493,280.43311875104166,55.6176610937442
627,3,12.352398237361424,276.1295385417399,61.91469016441335
627,4,9.897096369578417,310.5720213438907,46.61001139837184
627,5,3.1067805523815117,508.7665695838418,85.09828448258776
627,6,3.619352544187712,163.34221452561007,27.211533973843434
628,1,6.513168208516039,174.6423752861441,91.04097613795972
628,2,1.0971826287491062,240.0046519825871,93.15986226809349
628,3,9.855426248502315,136.81551841694193,76.97340484307446
628,4,3.6980457313843322,263.28493083711555,43.33851339448487
628,5,10.438496822440202,451.47990834007106,96.24748176920954
628,6,20.370744979898753,77.30648861751928,9.13023283517888
628,7,13.267200305919737,248.60348726174217,29.058392725953127
628,8,12.363425861935378,507.09686944847925,125.88213373079198
628,9,5.102115355795959,306.6544581335999,14.438811563098433
629,1,11.471991947266599,280.7052258731693,119.19149549824974
629,2,4.2290369793565725,61.354374727799524,40.54296246517279
629,3,15.748408048262764,283.2300860321732,14.1724595321691
629,4,15.295870304917377,19.818077166010568,16.490333026045697
629,5,9.191798779675674,116.98531310371699,85.59437954603739
629,6,12.004649381007662,464.83417664408904,40.11258538582343
629,7,9.144584942714797,381.55739135926444,46.36316787504818
629,8,20.45803673395282,281.12423155767374,44.111458795414364
629,9,18.24299289904625,336.9090219679713,88.0533042444218
629,10,3.3768486498168073,100.55150580934286,26.451806657729207
629,11,4.112150427077253,461.28837978409075,49.52928648705464
629,12,9.744073401595806,282.8012465473668,72.77206671557528
630,1,15.912076324220216,341.40365470357415,32.17075960346503
630,2,2.9887193324536163,296.9116964467517,15.711405887460408
630,3,5.866975327897217,215.54592692456794,39.95267657956628
630,4,6.198007848562813,14.809882624208655,90.34954744755913
630,5,9.431074390635379,309.9063456344678,17.53557918641637
630,6,2.2173714000180755,308.3086084053108,101.85878988041028
630,7,3.891127774309868,352.6651662558562,10.943658344202433
630,8,1.4587073174508731,287.8769945673217,11.802260809750052
630,9,1.5285621835285585,21.72163994709976,36.086701594457395
630,10,1.9043950758209807,289.12926181937974,69.2613415805753
630,11,13.364621848036155,381.15419945881246,88.83278429668455
631,1,3.646481991471001,430.82183191340494,17.369607611014516
631,2,4.087649744292721,171.97769443024012,24.163577646699203
631,3,0.5484733216153934,31.123125735946473,59.29714415201052
631,4,15.005301749101974,94.82536667545847,47.17925228006732
631,5,11.294733489598464,34.214889743063566,84.35442788058651
631,6,11.483302347922981,278.6714764476102,77.19874659191328
631,7,26.98034098638443,46.31029302563337,14.28927028552831
631,8,21.7804740519191,297.83421224145036,52.76108893963141
631,9,6.65339428861825,165.21703918744825,41.50077459252044
631,10,0.4648476713385019,345.9798045352734,30.42629301123509
632,1,4.056570927116309,281.3389086872826,48.60157215386479
632,2,19.027155337373316,81.16188608378653,52.45010841361549
632,3,1.8889883646614507,90.77902554096306,73.85334335461896
632,4,2.4951808734879144,165.76736983482039,90.45181791891679
633,1,15.226793992662756,128.9555488220825,46.234299031703486
633,2,15.248504408759445,94.09042040252135,1.55830137983682
633,3,13.250125098378371,313.1525499531544,26.897406142846574
633,4,5.610083038302818,34.985698854790456,78.53963820158049
633,5,23.432286591873368,339.73176287798776,46.35252228530755
633,6,15.015187655212257,75.22883095757723,64.73614500121313
633,7,2.40313059122081,181.67219633468022,93.02773712119438
633,8,15.684266504291793,285.27128176240365,66.65107323808925
633,9,4.847143939267678,221.37210095901324,81.33102212450152
633,10,8.297918858995418,169.31272830943635,31.190986676583666
633,11,8.005356351123945,84.00149818374425,50.96286878624572
633,12,7.758070367181097,21.136848077269917,154.0376930882871
634,1,2.7380029140006954,182.48538180405424,23.311070524534077
634,2,10.132225974324918,90.72066856677735,78.63465348656305
634,3,16.59522012515708,296.34379904049524,56.335678230098736
634,4,19.127119021519654,150.71941668671894,93.40755664537446
634,5,7.3079228939585095,67.82880366833564,9.771480783099157
634,6,2.54852505178933,298.86020432037276,20.29017715611686
635,1,2.7687980847553932,73.48770506174576,51.33631281499892
635,2,2.05121878753174,136.57817970593112,99.79050085346023
635,3,15.05020573950829,324.42978446747895,10.620099438276306
635,4,2.2214158993526354,135.64616720596376,43.10426428036793
635,5,13.168172880778299,312.1056609615199,18.573552276188355
635,6,14.074688836490216,286.50413258488334,5.15320737119491
635,7,7.201073491819857,129.82103387095702,87.31248947705885
635,8,15.126557147630148,285.84432130552307,27.551126926826328
636,1,19.5599718262115,259.63010430455853,80.18393695727974
636,2,7.985844774864863,351.81681780746203,67.12057903063597
636,3,1.4715553195588225,475.4858951043356,11.6853841828528
636,4,23.433003887118772,176.34718382116824,36.24366031276061
636,5,12.794667233760432,95.20801192829525,25.436610919619255
637,1,11.110567016582815,67.64189315930514,44.708320618153486
637,2,12.658784296274707,257.7461362439577,54.68233312630739
637,3,14.421696087443987,349.9395009380039,30.807053870728364
637,4,19.833164664830626,249.4419296665912,39.01386704052425
637,5,8.685015219615499,173.96837872206433,93.20567880430796
637,6,5.931153107698994,222.37435277874212,6.765064910688217
637,7,4.188427379103523,319.54699888251093,1.1459789163334761
637,8,16.7616675445846,370.99417189235,99.65481192897639
637,9,20.817243250817043,316.27741812663635,67.01827346205576
637,10,14.337423740586193,210.69283542897628,35.05615804927936
637,11,15.390754453332185,267.3602103180678,85.21232104895893
637,12,8.539813201474272,181.91432555091623,58.459681385276696
638,1,14.014036541815873,331.3960756868869,81.554568634085
638,2,17.76143662215063,386.17014800222023,35.14360835307724
638,3,13.152883719506267,120.55877006456619,20.103030160382556
638,4,13.922902425460936,59.54432198436274,20.044344234892804
638,5,14.43500920857202,273.1679026266347,55.46930623486041
638,6,3.8406061669380422,311.57444518731864,77.21211568241904
638,7,10.59713160533218,23.401843809534284,32.99006617081973
638,8,15.864835742671099,399.078683420268,36.938535864946864
638,9,8.252289225342164,175.74663379624084,60.99572035643888
638,10,5.932528899579833,234.12775863573756,97.71076006588387
638,11,22.562822630137845,108.14002105914312,7.333865243249036
638,12,9.040296343268444,171.87441744068406,89.82074308651838
639,1,11.308783693860102,48.42707056930573,30.81329707580236
639,2,7.316074907668993,60.353834683506335,30.566470587942796
639,3,9.148414140623071,162.82010323610015,67.32746781521357
639,4,6.600592261656487,431.7267845793981,8.69036017056959
639,5,6.2879975254839735,259.1008242592773,74.7043537283756
639,6,1.5569401169043502,184.58989648274593,81.98134330020851
639,7,1.2181390865255963,186.82792870178403,9.477018993780888
639,8,4.309441569060293,212.8346838519208,41.30672681660194
639,9,2.0157447138616256,383.2106039580775,36.65369247913007
639,10,13.849226519194126,425.264518101642,22.94328540125601
639,11,14.309270925631086,262.2745910677347,5.581887941879806
640,1,18.450654022263926,740.424820371631,51.66356270233736
640,2,19.942806461908987,351.89528816029116,89.84130013230103
640,3,22.419677326281267,137.10304535232854,30.05259904254482
640,4,12.23835859437303,172.59503421171692,62.740034119926925
640,5,20.93924149537108,128.27799159405822,37.81284149625078
640,6,11.22017702468604,165.7522360962246,26.560233120539493
640,7,5.939106501107423,303.10598633562563,107.50187003730586
641,1,13.678561045141578,282.4625142834249,54.0235530963466
641,2,25.678053509993447,2.4264513030099124,104.4636556130815
641,3,1.2623340686123452,447.78431907211234,64.10425536049968
641,4,20.915558027342577,333.8192547949278,36.98458431033693
641,5,7.6340090884697505,12.017514003471632,109.75063265445286
642,1,15.60417804127621,352.877728079247,53.51107006084796
642,2,1.8556474982103062,174.81259104983477,29.708633413346472
642,3,15.43997263590857,428.82056325398673,112.14534914528258
642,4,16.19867643010681,59.782743996919976,106.12619396137873
642,5,12.98566028825702,76.2832960439008,84.47710214386944
642,6,8.452659221322758,92.43015267060326,10.788497970485253
642,7,9.54273534404412,184.2860676566075,7.40185729871952
642,8,15.257509036790196,277.96498429838414,7.430504795759028
642,9,28.43372976009817,17.811802491739826,31.690152120441088
642,10,12.627828685832819,131.8172222879479,108.17105725741868
643,1,8.772974962106424,234.91153009898323,71.352760450512
643,2,19.029473956535433,146.0008320605154,33.83989357626987
643,3,1.52324630602015,201.96929272665537,139.74081491986072
643,4,11.604910678887265,167.21051805236954,62.97493155318564
643,5,2.25714296484548,180.0471626338464,53.7263304938903
643,6,12.401806957942656,315.21420442746813,13.773266573639319
643,7,10.280629034771552,125.55387841815134,12.466254402699349
643,8,3.8969854575634857,281.1302667817873,52.56907692659297
644,1,2.9854905790613984,276.5569320323409,68.0694771956076
644,2,15.864927288617167,115.25413034436282,71.97255362469339
644,3,5.310052148070416,75.44256759967354,8.70614944514547
644,4,8.23614232494946,366.68360216016623,118.60304509814804
644,5,8.107060860598013,103.25481323526407,103.17726820377533
644,6,13.033992238528395,204.359017420389,5.768723848618542
645,1,20.021911660018425,200.43509373211486,53.08454411603616
645,2,15.731101852137016,413.4006248378152,77.37574067507485
645,3,22.58192571956655,195.60766157779722,51.851834914409054
645,4,15.646766329633103,183.97037527882156,36.763129990081325
645,5,19.619514165388914,308.5553050854587,76.38967372152402
646,1,14.850020392553212,135.0539457981523,28.145635266140722
646,2,10.267609110043864,117.24519913333089,23.691274423263255
646,3,7.046428928437345,515.3202041396758,111.75291181538027
646,4,8.325740089127763,109.97701293243995,26.3883464634797
646,5,16.160146984777587,34.83041457210766,74.15371869500524
646,6,13.777995053984695,202.5987064029615,48.49584970851186
646,7,3.667963568458484,304.52358846441894,62.39653334985829
646,8,6.635603348576095,82.24806071229642,2.2630148743410388
646,9,12.600646757448555,169.66344243754816,42.42014698397287
647,1,0.9282682496602632,35.72376227968121,1.8423861103537718
647,2,15.381253326761023,225.75498961127454,38.6806370803625
647,3,17.738926338423195,344.618905436963,94.21742711570329
647,4,8.305691790042927,12.15532163310965,118.25996316655748
647,5,13.669461526541959,281.7399834616406,77.03476331178891
648,1,7.725149840819325,379.2778103604646,2.2841522545286423
648,2,20.33838607417188,39.887452116696664,83.97526309510444
648,3,7.3892904285081205,28.2637613541535,30.124038113896066
648,4,13.814504317252958,198.97190076477636,94.73877645773375
648,5,20.05018042654417,22.54540020232244,0.2507657964137948
648,6,0.8664435846541085,65.12058559279711,94.16858083278979
648,7,13.922533654667145,118.24586406163526,49.555896375086625
648,8,19.83013853616157,486.20162764686796,60.375373337712084
648,9,8.614968288331792,244.59306421399597,87.3899251816539
648,10,11.572426210992525,308.97723781021756,64.28261497841537
648,11,1.3574820776269423,67.06423499548058,37.153912514793745
649,1,17.45790344766846,200.41830440028005,44.43522103227296
649,2,10.184668042076304,136.15859918977463,92.28228673160768
649,3,4.675221194631335,178.31324510830376,57.70372684239727
649,4,13.433106336814554,21.377492992549946,40.16494469777291
649,5,10.154592600032046,320.34087102338566,41.456495017135424
650,1,22.52396177732826,132.21372021391966,85.88392685585585
650,2,6.757166747606897,302.1236313759131,52.138086630425455
650,3,10.19610354369831,76.02894230892507,71.12577632908048
651,1,19.835865116526904,75.92207133183152,19.88557035446584
651,2,18.569556881017867,147.63647037442433,37.21433272068551
651,3,11.9403019816699,247.58991121551458,22.736731344093897
651,4,14.056541873596561,163.2697424099198,43.58799933810591
651,5,5.398651390091108,158.7507281834629,97.68130394137158
651,6,10.923758896213336,358.9275485558999,43.8245220233345
651,7,10.135235644079954,248.83013088227884,71.06236871669184
651,8,4.0681488471230685,196.12866670720533,22.9859642808364
651,9,20.56310763776823,58.633428565740246,73.44321961252727
651,10,4.586340329399226,29.7598848956668,37.91079852792276
651,11,19.032127552417666,103.65691772680127,22.16966590552788
652,1,8.365525541412639,323.62449752742253,32.72730761345626
652,2,3.9648560886717226,343.2192199722522,33.029931415516586
652,3,11.291422185213854,168.4334173340384,49.98265486325559
652,4,20.707272059152135,285.79036544016026,1.1285995414130738
653,1,13.353539388482165,24.174042946034263,88.72118428785392
653,2,26.37176059069771,325.22536063769934,43.48663841795582
653,3,7.784180077531804,168.64040274912372,19.570646128919577
653,4,11.766787446564345,29.23061132685436,25.587911463916015
653,5,11.53721177269484,203.18495986637316,27.15319934251223
653,6,1.0211236417274332,243.46160403710522,10.392998457181967
654,1,10.217432232217709,197.39237802069184,84.82052254221898
654,2,6.3455792856607856,331.2740550198452,65.91198250799134
654,3,18.66250491776548,143.14160064817796,38.222068701878854
654,4,10.99508479884075,190.87955272385014,80.70685479364467
654,5,8.484823185154376,40.949026241278176,104.18131461101478
654,6,23.406571532789556,35.130239304556,69.20729186833422
654,7,15.229967314519364,236.5034822086572,112.95528077585365
655,1,0.6067316420435169,306.0183255790935,70.41057539701298
655,2,8.530346277524314,344.0755782615186,30.697279651556897
655,3,8.824260810714774,93.82382213671336,106.01223229497114
655,4,9.250053542041842,289.7041610495943,26.74153428137759
655,5,15.92913704001819,315.92046351474136,15.0191873451339
655,6,10.028875656013263,217.53507999444642,38.011144215559526
655,7,19.692972339963006,17.41293163614327,32.06869254351302
655,8,4.054635063543774,354.48822155182495,8.855443169385296
655,9,2.8280758598845903,264.7077677600784,44.433128159235984
656,1,15.645328885015857,319.76580889738295,42.08472204276205
656,2,8.932185366540173,407.6150046335156,32.47540290780333
656,3,17.97469272854302,154.03222999832167,56.99693869767856
656,4,2.041765153205956,35.11271636502278,79.01966289052058
656,5,16.172727961404654,203.9643359300739,0.8990302944643531
656,6,10.306631896250503,388.58524410114165,119.71465880207042
656,7,7.783044473718599,48.98017753866853,83.61454398219115
656,8,8.068258324814995,341.45609623415595,61.24288900070478
656,9,3.8158912596670502,208.73665409890714,102.33353468217311
656,10,8.955922077229294,44.77922548319336,13.545766743866267
656,11,4.594847191947438,138.4795607343527,82.79996543669037
656,12,2.1540551253186475,433.06278285944535,3.4860884336476587
657,1,10.988163745715944,47.15403021543884,47.783037520703125
657,2,7.2921132940944595,8.856916542361404,61.64038508989769
657,3,4.234498091010493,92.76412294256279,41.85285461710578
657,4,5.975638199060077,511.7234925665044,28.571414680018012
657,5,13.086167079761328,221.82837383155427,64.11000901035487
657,6,13.003618825276524,332.2042229909183,60.65784302474569
657,7,11.574270564204241,208.7715602702209,44.463285906401026
657,8,3.6174148283752583,190.8697433869698,59.650695010621334
658,1,8.81817461274336,293.8400494336962,62.71363830099615
658,2,13.919749681930721,280.03049589500654,70.99466442114668
658,3,7.446271160246774,95.37416935335716,55.48555145510346
659,1,20.57832094971008,503.17903993711326,41.34798686145962
659,2,14.866152082057464,202.30301776339655,5.5321803325397525
659,3,6.35517633136599,332.07066581425903,32.69222157566908
659,4,5.5417942038772985,195.28954746132442,6.306548081959576
659,5,10.922724128177032,432.6720622097028,80.77829243211613
659,6,20.756590801179843,115.77319678332627,44.27334665457871
659,7,2.6889466223455436,97.39348324398574,12.924606708552794
659,8,0.8529392155162991,404.87849379970106,33.67841180105688
659,9,19.590972333631896,386.90883873803466,69.99170701915992
660,1,8.865258978198078,139.46387177822243,67.19103336341524
660,2,8.051719131324479,306.32988766916225,15.515370863019676
660,3,21.731336003528234,318.46223044077084,86.64353888604921
660,4,16.57780483436826,131.11984492921198,39.59634836299977
660,5,1.843322897925983,424.1777221875331,1.5272857467933392
661,1,9.896190291134825,144.9437905876317,35.038235024213485
661,2,14.193642369804682,94.67097576640909,158.15500770356903
661,3,19.69888907551882,407.11046189586466,8.65204748770801
662,1,11.11100917725188,320.2687451196249,60.5299949585221
662,2,9.692264057471506,368.5709632612718,60.26086291993654
662,3,10.217015910585438,211.6499334413044,1.5850098506102768
662,4,2.36951371882356,181.36486319634673,20.50334888341514
662,5,9.683288244982624,328.5062472521795,78.22922430735665
663,1,12.747854091606726,531.4200184704431,37.98010442578374
663,2,11.36175940669608,221.7079362017688,22.314502094620664
663,3,13.201114697292763,251.31353694064765,90.91219338352963
663,4,15.043132102791215,228.072112957705,17.24879735702598
663,5,4.471990925282572,448.55161008881464,53.485863750317456
663,6,24.535914276064517,77.2611981985815,137.75243855767886
663,7,3.395406419492314,134.24213379711944,67.68574716835869
663,8,16.982770150764267,301.71199090776474,26.524437559226627
663,9,5.993174481280697,28.17151707443034,5.2525133757840194
663,10,9.886374057634304,116.73576523201518,89.99628268660234
663,11,15.213525185638286,442.9114675840784,7.334186196361152
663,12,3.2222917878890467,357.8245521922112,95.11173828735159
664,1,19.440603463150843,259.7534551428743,109.87156885330197
664,2,7.33189597248094,236.32977444816953,54.041192889797856
664,3,17.30323310135858,215.91816468761817,36.29142636389485
664,4,0.6344551340947966,214.13686462795127,47.20749236748126
664,5,4.241962388656237,49.00367045536257,26.094576791958865
664,6,5.818009169870092,195.76741762670548,45.60912737507347
664,7,9.560716440259858,538.9375444864273,32.3430202050003
664,8,3.9144043870991254,435.0491299493891,108.5576684331794
664,9,2.424459723269605,382.0141538463546,23.866884826299867
664,10,30.09272801652806,467.42569467142465,71.27738678940526
664,11,16.00999294882932,266.5575228746054,23.638771894076015
665,1,4.350383581836929,149.98644375763809,47.661142836738804
665,2,5.860380436256434,94.35581457736933,72.2840978774456
665,3,8.892389044423798,295.8303310518322,51.981573789467234
665,4,4.126312442002663,283.3995577357166,37.645414777073796
665,5,15.918223730820571,70.6904364083835,79.24443358757898
665,6,5.526025475504717,89.57043734259885,89.64188187709807
666,1,7.169436001756139,0.8124611653886689,18.033486879668487
666,2,2.4925016092504295,35.479045087240706,14.122984318212879
666,3,9.53924423664862,468.06513610799755,9.230094689118651
666,4,17.514239307009255,233.17733652289962,67.47881708487714
666,5,11.013505426720117,78.02578451523993,7.933487374544811
666,6,14.01505685887998,206.92848416517973,15.82814317721018
666,7,8.47770057380898,288.8543926938164,0.15306948277091692
666,8,7.2235378350960895,427.7547191357945,73.57266059583625
666,9,21.106626036349663,143.54795621182274,93.26740306693767
666,10,2.778989409892998,324.54869958179086,21.40170007004852
666,11,13.200114776431835,276.15578131660885,77.52933367397684
667,1,2.943358343150761,217.5930861852769,12.45841108854836
667,2,1.4657775773328066,91.27149864592484,51.25165934443103
667,3,5.296929166049875,252.53398145821987,62.622895954416705
667,4,13.726126437868698,12.000094960409967,38.96720672167467
668,1,17.528029021116637,268.4964372114262,99.36311321925133
668,2,10.102030409040246,392.41029120014855,59.080357676284166
668,3,4.475213260944079,358.400094954261,109.35608592214123
668,4,14.468218767779728,324.6319940841968,101.16612347615282
668,5,8.109661661223054,92.3082781611265,64.50791244727742
668,6,22.08515834373073,245.17844692341856,75.18826116691253
669,1,10.523110272254039,220.15811628192213,62.34898369430654
669,2,5.878389033663495,411.064893374167,89.2975532291563
669,3,6.4363374459854485,134.99668382440433,72.68966827227617
669,4,16.546881286709393,120.02940983903598,40.625359131222496
669,5,6.037931900359836,0.29758379371793353,41.210250079127434
669,6,7.928507218538655,10.90338260170165,75.84323750550918
669,7,13.383244750381227,304.35795512676145,19.277185781425278
669,8,3.885029746802532,270.0996694468474,23.435491414811462
669,9,3.765323067280093,11.442038803483626,38.98709887651385
670,1,8.16950684853817,374.5087344087374,83.8221744582488
670,2,18.275907154616775,104.92979057809532,4.832722564777789
670,3,25.792356094738825,232.2159077737773,14.494988161238041
670,4,27.922768392897055,186.5030057992021,67.89465073760871
670,5,20.181702082841706,146.55491324534046,61.53665885515181
670,6,15.897112905817355,302.2090670165168,112.24357947244405
670,7,17.119887544735736,478.49540849525545,46.28050867902991
670,8,7.104691461293022,148.00211391324422,104.94590286803718
670,9,5.52434851562365,327.1106312738808,15.603802672900791
670,10,4.107247377668433,377.6426895548844,67.46663400649993
670,11,5.11749235974907,71.92773999322432,52.834195801324896
671,1,7.371302181385605,132.7121371145976,74.9658707266949
671,2,1.2059631959118562,286.9544099062664,95.50336917577484
671,3,19.976483882499956,230.11215509486533,76.85771084411496
671,4,1.0363680751879905,142.48852059871047,17.988653001537173
671,5,12.299169757450802,120.76771698770673,77.47151791917028
671,6,27.280132303791376,293.23621387125684,106.46631933362531
671,7,1.7081320755336495,187.25448000079842,58.674217677513894
671,8,10.45538988456203,476.49971870162875,20.24455812227714
671,9,12.261868193549136,164.27016275433488,66.98692421454075
671,10,13.541410991401857,192.1622805021071,65.81206067912764
672,1,6.048574257786065,47.26691427192165,12.750303706935156
672,2,0.9964033781830466,4.1896113429316415,85.50301463653548
672,3,1.4960391259538959,180.2386038954024,35.78840799935962
672,4,16.696322519923214,74.55603039021412,32.762593719998804
672,5,2.353038096308703,103.96467865759938,13.945478518020607
673,1,2.7728738715672447,142.71649536198208,59.0693520740481
673,2,23.194787986907215,96.17253492255293,42.29250183142197
673,3,17.093264184438024,239.88134682973515,11.052392822326325
674,1,20.684153108303462,230.8931152763152,120.51873576812461
674,2,3.4783860004051093,268.6737583692665,0.7682639684132937
674,3,20.800411559595744,383.5564989818977,2.043066321609757
674,4,22.188043863078597,361.56343013886,100.60822766591428
674,5,20.989253681529842,368.92533637090764,36.54862530004018
674,6,20.516233480021334,66.01206446144457,18.984844738799453
674,7,6.81259083510428,250.0377096795994,13.285862959377582
674,8,1.6156451236690472,62.590192514751806,35.47295623238345
675,1,10.493403564056035,322.3233998449515,56.70896198551835
675,2,6.691282714420489,182.08431760443978,115.17847394660299
675,3,8.615111083619388,199.22832083926593,109.04892017978631
675,4,8.366745117744522,80.77919817710159,95.32741656290031
675,5,4.207439292329738,260.5726090771812,59.15317436715876
675,6,12.210176944995556,162.96346243544036,81.21867154587206
675,7,9.583535234636697,292.442436849081,70.03173404908156
675,8,12.211517054805269,140.42301838482086,34.55431905045866
675,9,9.619943977346669,225.72097856714427,33.03998038927172
675,10,16.60055485430081,150.82354384250402,10.805950449336763
675,11,14.166648821881587,482.1745261005677,3.2979161913206596
676,1,19.531364208161722,170.9335519676453,33.23074484404341
676,2,19.716617656482114,486.78412467461663,50.3738870546292
676,3,4.730697522000257,321.57961441843236,39.83917735317303
676,4,14.194839777805589,161.10860384318698,112.56056072847252
676,5,5.103573464645103,272.07944937829404,30.451921190715044
676,6,8.029454070054616,138.1916517859135,79.54432264373662
676,7,16.428541804537097,283.66082433985565,45.68066133018918
676,8,10.98126021701115,334.6582352689137,87.1724634883042
676,9,8.831929419474744,159.16667423409564,41.02964834242058
676,10,14.684767948883135,189.98437734338813,78.7673352379715
676,11,2.4493746027861345,239.008177319117,86.00822613801978
676,12,0.3206800852270373,577.0465202313354,97.63543731466078
677,1,11.759080690262484,191.11737686332623,74.06274839028393
677,2,0.1680932664301693,256.71231023267967,67.38617414836952
677,3,11.87147121870359,116.71557749079987,18.998272236729324
677,4,0.8941983179440403,420.5872358628807,47.77290748533244
677,5,7.033426023088957,121.81551839448362,11.740286329287272
677,6,6.250072457271478,381.68445072197585,73.26845087131979
677,7,15.799453863748324,343.8929610552631,137.99320534808328
677,8,10.194041275282936,135.80181028309414,67.48709099121811
677,9,14.540736262411446,194.89312568430395,14.241432583870399
677,10,11.301977432879672,281.6735499237029,63.89552696864287
677,11,2.863475117016506,38.513424926459976,78.67137125097506
678,1,7.393824163064652,450.7489154972917,92.83529168685875
678,2,4.510860804646763,181.90075969322044,61.870900283369394
678,3,15.589976887239029,36.61632621901063,49.64841911508889
678,4,8.154106538888449,215.6429483348298,28.212148515211503
678,5,19.033576983395953,222.1953320949144,14.839324553410002
678,6,16.422235075156042,10.371860601244236,101.3797751014053
678,7,16.937415969557946,408.4662942981179,43.67014510233537
679,1,1.3659650598722664,162.59225437119508,15.611839237529963
679,2,10.215627925519314,5.993248370148223,74.7814483514393
679,3,15.034093494265154,425.9301983460907,83.89641970898313
679,4,15.852611567447646,302.1083632103914,41.277878010816785
679,5,21.332190385588955,283.14877945690364,148.95241814840995
679,6,22.27634508814489,251.99194753576643,65.8238335674409
680,1,21.248489188426234,414.81851809697423,91.19427383516663
680,2,7.101142902779449,3.068852177326903,72.37188357569786
680,3,13.862089126836526,140.4586715025168,3.3699218033314366
680,4,21.59055458928102,263.83908776688605,1.670158132328332
680,5,9.11114354614306,1.5527266796215997,77.27136938199385
681,1,22.95057037803452,255.33819760877844,26.15067600484107
681,2,14.583146767727106,169.81814065343272,121.66800238619952
681,3,6.423747465336193,346.81533203317207,128.94411245559903
681,4,18.32077018523804,64.63727811035332,10.106040483986597
682,1,13.173024537489507,111.58660661764054,72.965202034681
682,2,15.376854834503371,27.419754395104007,109.07453353454679
682,3,0.3303625663749017,306.26572991214266,80.29929257800893
682,4,17.512153723185737,95.61962729397857,92.67490760796025
682,5,8.986104280131284,148.94582636247367,83.00037899063757
682,6,16.724803614841523,98.29498443733104,1.5915074664398716
682,7,18.394487791182943,271.2483615770581,57.270092312884984
682,8,3.1003084501983906,265.82624763380437,98.75728526426866
682,9,26.225530507502626,146.8719657485267,85.0834471460203
682,10,22.98417106093015,17.30407999974264,121.96514034095426
683,1,11.404505108104111,399.9589674320932,67.76805360733717
683,2,7.429297044141318,59.405421140990654,88.46528367841512
683,3,9.536646112693635,207.22250135376348,34.46386823933765
683,4,0.3204451318714412,361.17245279113547,46.61142037463198
683,5,3.0357477127254384,179.29571032556657,4.18775473775991
684,1,14.023785391233034,273.5386166642779,49.67070541721957
684,2,10.399376857777547,187.7673807365332,1.888461566650932
684,3,11.120944278880108,112.45616218180253,3.8937287663775066
684,4,12.594938969809085,108.24049453721825,59.110156850353434
684,5,15.93346470548599,57.464191828215206,53.684851282918856
684,6,2.6729601721125302,429.8799635913914,4.36265987555128
684,7,6.396262363218376,400.7569855645936,40.619082956760565
684,8,1.6182161958978991,306.9609848429803,77.6212984860474
684,9,5.567695624443366,121.26102188294013,32.583641175276554
684,10,8.55083227519778,83.945661538271,42.74304555527602
684,11,22.48739938728204,65.60450491449436,26.660256261209447
685,1,1.714676357625228,77.3786319555611,37.377305571053256
685,2,9.873486265969332,39.600172272886596,65.3461319886478
685,3,22.224497978800585,61.98545417088087,99.46824569003367
685,4,13.791485612347937,4.176663181460128,35.3324983525186
685,5,12.164267538876615,445.55067582535725,84.05662360906692
685,6,5.545853723715248,266.7844257631143,60.135037351235326
685,7,16.67012782196352,92.58666216722862,9.763522607470378
685,8,8.14754214454257,20.658200012898533,44.13286745581815
685,9,17.725183447753643,88.64249668575599,49.11626992753375
686,1,8.942071953307076,326.51898444629296,35.43605120460244
686,2,10.712220542056235,103.68533472680205,97.72380623266339
686,3,15.212309076471445,76.98881924871407,29.122976845885034
686,4,5.243556435174817,78.9432330701768,19.520667914953176
686,5,2.4100411710002287,340.0369432752217,90.51500526622111
686,6,7.908475087791804,230.7043788705161,92.83998643166478
686,7,15.48647428530894,500.7047914016573,60.37649842951028
686,8,20.168447334336914,214.26799534783896,45.220061673841535
686,9,14.750788453722723,282.82298197598493,25.683130963259238
686,10,4.231782188522184,211.21633678752175,25.60282961861307
686,11,7.847287349017467,52.649221856940926,26.94614953064995
687,1,4.548871455182071,27.074704413721975,23.078798053093998
687,2,20.160411056811675,63.708926816592225,71.63379491075034
687,3,5.138205866899282,15.73069955876818,69.2181954644721
688,1,6.410268333805597,97.6051966981817,62.28110071717451
688,2,7.359909520321089,114.62453334788161,32.068509430187106
688,3,5.214166604130237,229.85316691440983,6.50332730176244
688,4,12.12111404732474,301.48231406044255,26.764834472908092
688,5,23.45425857724583,202.643196646528,12.453719323995543
688,6,8.031299655643306,209.3984217403695,67.95870222280855
688,7,8.197986331224074,48.2644586443414,6.20077527550869
688,8,5.424805003728301,116.33369562218556,4.601033404029707
688,9,4.870307872274107,298.91877866590323,115.93650430777947
688,10,15.288231997096743,395.87916292802186,88.96473872934791
688,11,15.83191229878841,149.33056054140076,55.63643513547789
689,1,7.055664602807848,409.3327874715601,62.15362771756169
689,2,15.708087868009116,384.07314873060614,82.82139315669787
689,3,11.136585699757632,11.53621794224594,71.61091028644503
689,4,17.210410978233867,25.54294112593911,70.78827244230644
689,5,10.774800993917593,124.65519927674052,67.36721681463445
689,6,20.38087638473882,219.4231742517937,29.075612748748284
689,7,13.211106107559468,379.5880976359201,19.90612190562919
689,8,9.018554369159222,159.5195105517143,57.58108953362744
689,9,7.893676841753866,412.76437513980807,105.7208740075078
689,10,6.251416982469634,412.64491318335814,13.193203027542154
689,11,4.8050621926805315,303.8628265358254,56.29903586958896
689,12,11.502144300772338,267.242155805344,33.46394541308748
690,1,19.265578254295377,358.52444137980706,62.55121492644459
690,2,8.844098300826994,102.90697813502429,21.156691331495956
690,3,12.175815068097279,231.6193050130226,27.717741484348725
690,4,5.13525146295005,51.79366066235613,57.42843161663579
690,5,0.28852644844604036,380.43085418400756,86.54322304857453
690,6,19.516837165440187,120.91608340930576,58.31199131030706
690,7,15.762197073909846,180.37908368517145,27.335801842232648
690,8,10.837753349061632,169.24647998429015,7.172735632264718
691,1,6.66266156902763,143.3035250118283,42.60652488872132
691,2,10.177368646831663,233.63629652437112,48.813337054548576
691,3,2.045514657765425,330.69393613869784,82.32414784962735
692,1,8.218942906200356,404.7304060782608,132.93026826731563
692,2,9.234416535126792,119.11029331589528,2.712437479606109
692,3,7.836578189961212,212.28450128011866,131.23814469396595
692,4,0.9351821813273951,208.94928405454672,22.572324855584682
692,5,7.012660198130024,246.7093036118028,70.50332610754232
692,6,14.123161557493454,259.6106049330268,73.21687760384964
692,7,10.320173903018643,42.82005410165425,24.066278547202245
692,8,6.173185247839482,179.80768504051554,100.15727188701922
693,1,3.629497705417278,86.80175496665096,62.31411097694664
693,2,15.663428546754618,247.6807351739672,165.45315524870085
693,3,18.740112354515524,310.3063332431728,77.96753514611649
693,4,10.60731220080472,275.6980160801168,57.90381529039997
694,1,7.671946251800864,376.7102360421899,31.60036991633433
694,2,3.385499118810386,87.78057947782271,79.94468128197776
694,3,28.703201114453137,66.8463510726429,75.80594565588686
694,4,11.076433261544853,369.2283491914717,75.45517314169223
694,5,18.331323856894045,243.82035457949058,16.609040542960123
694,6,5.239896622467819,231.79708944790127,68.68330966036768
694,7,7.310521812832464,502.25893637487366,87.64887726858599
694,8,4.587345704461619,181.56465560661712,8.811301381314152
695,1,3.508228693556272,267.1970238944669,50.61447206418163
695,2,5.216705263379829,170.3578897445761,25.09976882541227
695,3,11.062959925880639,170.5137178681492,25.196394349469116
695,4,8.414094577104317,332.95908463926696,4.514721962181383
695,5,6.2886861526819615,251.38944426161117,26.469263887557407
696,1,18.861985344630554,319.57675226125036,26.322097497293147
696,2,8.690699853233532,364.9512214091325,31.500963720896138
696,3,25.21737806179891,16.812137046433577,50.56307285325724
696,4,11.610117164284707,254.72768313936766,62.97134499290189
696,5,10.913076910588511,134.88891814465595,41.062108962425256
696,6,5.437268994185667,217.38151138299256,20.155416270351537
696,7,12.208230725906901,185.19920999193772,83.65729667090898
696,8,7.874350079410204,290.3342652423316,72.08100945963972
696,9,9.02654396061001,252.93234721791794,3.7066505300728636
696,10,19.390958373866304,118.1680741109639,42.86737276396481
696,11,2.6301559054187447,84.76824632860446,115.74152797636043
697,1,11.099702554230795,148.6774056225234,13.304592869004907
697,2,4.597834465444048,308.85764450932527,34.74261295859505
697,3,1.4036184133942609,209.7018996406098,22.55031667193423
697,4,14.522507390184355,426.04128237636064,27.49791891974438
697,5,5.051414479018055,220.77746731020983,46.94189037398072
697,6,18.76295792329319,197.10477870472607,58.17397720145934
697,7,13.015808393602171,97.87350664625912,70.6078798566606
697,8,12.839026973764222,215.4791654129521,26.710543991011747
697,9,4.672981352749394,227.85866093792575,46.195133012424854
697,10,15.242886252026109,313.5462119978812,63.78364113122183
697,11,15.299896975857218,275.0141094703051,28.94801004054884
697,12,9.959217252346338,35.1714481711181,109.73576381276986
698,1,19.954992680836618,142.14269464423882,45.949612461739555
698,2,8.871113495814148,65.61616338865838,90.35008286736175
698,3,3.3113686210653377,164.52192268913956,73.90644005111982
698,4,20.22632398301174,38.010157715474094,32.140656576222916
698,5,19.676930410050076,269.557081891317,76.84685436206433
698,6,2.6420778495668253,143.1185705110163,43.286582704782774
698,7,3.9947366985991817,51.18544385108606,29.580057649456165
698,8,19.48001739709101,208.8760198340744,104.97163654293504
699,1,16.752742208548362,237.42697240680997,54.14180563307606
699,2,4.348294340846935,56.85256382765263,88.63102948488215
699,3,17.49589647001253,355.78926735223615,81.64202221761457
700,1,13.125617366979233,243.46507165348032,17.7231165676087
700,2,9.677938199011717,291.69367208573664,59.38280079746134
700,3,14.20757916675435,351.83688614793573,24.062133865123148
700,4,1.9144706532790252,194.36917979416373,36.810273645205285
700,5,15.50092489209305,38.82524155117878,90.81527496710719
700,6,19.47528476682736,200.04574463934347,52.42944502325218
700,7,4.627174491388928,118.60086515389003,33.66653277417265
700,8,20.100580474865517,189.2193821283839,2.886918265600336
700,9,11.787480394784025,323.9435186933414,48.983545227136204
700,10,20.284494078088926,316.6263000898847,8.034850804485856
700,11,6.139970313225185,233.93394221369132,16.647569521064284
700,12,12.354497162294301,64.23736408819724,90.9373382225804
701,1,16.350915793541958,441.7897258629008,63.379333712999184
701,2,14.149434544648201,441.23240696134314,63.53316840727134
701,3,16.881551675692403,143.06121731611304,78.8500435508784
701,4,11.469982399741447,163.72340124719992,111.88808865325547
701,5,1.5783599986329353,71.01332063881864,97.10418710469091
701,6,16.79804340296672,201.90456442581706,63.58774758905063
701,7,13.621688090374718,254.7523416781618,59.646244006481226
701,8,4.116702439174537,385.73479572996166,41.837944100335626
701,9,3.065960079418274,220.11454383694917,63.728523917884495
701,10,12.767484549778507,345.91779558948815,34.8076647959213
702,1,9.543901727574593,32.21325845387395,35.9406545535532
702,2,17.23958671803334,171.1582530782832,13.58329303321105
702,3,0.8499942494720543,57.694769800524966,17.556066742549163
702,4,10.40922319783818,334.446527866799,0.4389903563441635
702,5,11.804108188477368,326.79065441688005,49.891666926066016
702,6,1.274860064420718,257.93173319937546,47.814122209421186
702,7,8.904467459794011,117.97441313593028,53.47149705096165
702,8,13.56872535912872,558.5972201503773,54.493282735488194
702,9,20.577988120088712,253.6632625140315,46.01886689408987
703,1,12.221607567930793,371.8665885897721,36.13450544793416
703,2,5.016896630015272,501.3187080585843,38.8947179436585
703,3,16.335174578510077,128.3223371232827,32.48370510055098
703,4,9.14033111040505,285.956615898452,96.72529892046937
703,5,6.074366485200188,368.0945391126961,55.533716853308874
703,6,8.76803119110227,283.9215328152401,107.16470855387665
703,7,13.608836018905187,91.01715269517936,55.84749360670438
704,1,13.935242682175062,46.344220446884435,68.75693583551411
704,2,10.151500729395222,422.1974772588113,40.265721852759555
704,3,11.456594049790153,139.44090010070596,82.41116481205245
704,4,8.04004851834527,113.59243088590891,87.43520291510288
704,5,18.95290490962458,185.34789553081742,46.86002378012245
704,6,18.89406423678729,373.8263235498087,91.25702750576593
704,7,7.180883847603953,101.22970220968433,115.46574899229556
705,1,2.9030183679006,236.06366280422137,28.005918875756848
705,2,14.277563016257695,195.29940651092897,42.82949857318097
705,3,8.897646727851589,150.94705319628991,4.4619336700008745
705,4,16.67343992934309,104.91440798391938,31.28991025960636
705,5,10.553458180985562,32.667051669278834,30.03680965176066
705,6,23.41545112943171,250.5101547034664,15.68788695337966
705,7,4.569378007321626,350.2091364398738,9.516668832283983
705,8,6.199911680676879,137.56485770562506,13.474827748666122
705,9,9.466345807051887,117.28832268522356,74.44535073304303
705,10,10.983861883562568,414.8192810236252,108.09407366189178
705,11,3.316281774005824,150.94771951057606,136.1722298950528
706,1,1.89078354884707,288.31833158347297,41.027380991095214
706,2,9.477938389275401,108.08987374778644,70.1364884879965
706,3,7.8935760072825545,172.0080167407093,15.951064333474946
706,4,16.45183908699939,166.8300812575368,74.31521332479039
706,5,1.644859051761875,460.0824707567912,101.0949615405289
706,6,3.368583687612487,79.70937874044274,69.1053756403954
706,7,0.7618994069569709,180.26088767550112,67.06527143907188
706,8,8.706918616143616,280.8258055305644,22.266803815924735
706,9,5.709270795176856,347.3172968247591,89.03258614410122
706,10,27.52545649601833,131.07797769014718,80.03328437387262
707,1,3.7807749665837083,233.31594257062557,46.50407418684697
707,2,4.312911094352566,326.3508509516631,47.26468425143937
707,3,6.728006603283809,203.22656733343743,112.11482522233736
707,4,19.552527837954344,404.2833879603046,8.47068328160914
707,5,21.057500067219383,126.483526185547,79.84937182194338
707,6,14.392485837034027,178.85922476241615,58.56855663873314
707,7,1.5024193974120443,208.84740823360633,40.58284593444802
707,8,25.37495189614201,204.33558732035266,21.41534749035673
708,1,10.806308843247278,371.9868591973056,6.052167397258721
708,2,13.991769064805371,313.25416902794717,89.43407116006023
708,3,0.10957680409589265,238.2228827520497,118.64303785594069
708,4,9.306156365903638,272.5242052946437,81.21582378340739
708,5,2.8217110892121777,475.0737093499962,69.98003187875615
708,6,13.636519699353983,49.30410670158025,81.78179192853253
708,7,13.54487238965396,443.6286991583096,37.54939142782586
708,8,3.086391692810908,97.66415078385003,29.800870599708045
709,1,2.1680743730803833,531.9819777781096,46.35926374984897
709,2,19.801260332977336,155.39027382295197,63.96132462861047
709,3,5.700565197767715,352.1822806996446,24.455364536267407
709,4,3.751705506714006,207.0126482460263,82.67065675161274
710,1,11.145571783358488,458.66275409148585,57.991048873403784
710,2,11.36800941218563,226.89777517397047,7.001300276146921
710,3,0.12753457680905278,78.80072463276912,90.5156229614949
710,4,7.652500506178049,120.55939267965609,28.11301583424929
710,5,9.03640185069126,455.31619011524606,43.95210457211514
710,6,4.495918162375992,203.78684436224492,120.20334423046148
711,1,6.4802269674506885,17.628432762397807,6.899937111151289
711,2,2.524207005410899,17.190137743141918,129.93113415996837
711,3,2.494745921221419,193.74975289752402,52.19867576497503
711,4,8.762197717969359,83.0379653404883,68.20808734543668
711,5,0.667578875641313,40.12951241509586,94.87356688458524
712,1,14.673479128593378,235.04380604812377,22.166906183788754
712,2,1.5249894029578215,3.3063826487717733,34.86489701090996
712,3,10.218687860845632,21.337725247273738,43.09290651882683
712,4,14.789430849914664,50.191110688448134,17.261693067438337
712,5,18.266716491979388,60.904967761220234,63.69100565842305
712,6,18.674787306244497,22.77586166431729,5.7327190069976695
712,7,8.379632513002335,210.1400444348674,24.335801957735402
712,8,23.798977776599873,280.79398747448437,17.827509422044585
713,1,14.104863069789314,61.48765625144679,30.896001945053946
713,2,10.337345240818806,394.9146822605682,106.4442003644854
713,3,7.22705695744105,59.95486751158356,7.540094351752501
713,4,11.767001300510461,545.5676463826239,71.5637641702041
713,5,1.1573876867880504,91.0993845130998,25.043431926203482
713,6,4.245982359195644,141.81592625986696,64.77579444079767
713,7,14.773868185258525,363.7645236374966,70.96810292188711
713,8,3.6790516823018855,41.40431187030299,43.67623852563235
713,9,11.030958990372353,329.2127539814386,51.72736704867091
713,10,10.35495077704572,235.6696044708589,39.799130448751924
714,1,9.731915890155395,468.66352431722623,35.80435720497387
714,2,0.680086145532556,84.58397582667537,23.17179977029451
714,3,9.330462919850264,80.8602050357699,0.11752487100678621
714,4,7.739392820787774,213.72135679582536,66.46800149787627
714,5,9.882272208001295,404.92891007598604,52.45673054943679
714,6,5.285409315343099,237.57780231988792,50.29608155060049
715,1,10.108377601848693,395.1113006518616,6.2157942824969155
715,2,7.387294396897325,244.7929200617387,100.23783861753279
715,3,11.809286942908452,93.88398796661784,101.91065436898369
715,4,7.814018061091016,227.00439299565753,80.02688921733517
715,5,20.942387072799256,255.3328252325272,153.49130281692845
715,6,9.37316319142755,244.0349200841845,25.254094776241583
715,7,12.258136539841765,244.5724873838118,91.82811567859864
716,1,13.11159864859648,134.83672161686286,63.39202557393117
716,2,11.41954964633222,163.21189574703408,51.34212236587452
716,3,14.70373165196358,92.58513742322371,84.70081979079693
716,4,12.48914183438828,140.48282198909143,71.6761341419841
716,5,7.419855867078862,241.51972089577606,39.603135565316215
716,6,13.84303675780126,402.02371103982495,32.55524203119063
716,7,16.315587822951276,155.15566006742154,38.35509853170548
716,8,7.233148734859565,53.201005689107376,70.01425275475641
716,9,11.98832557852882,224.44255916068443,112.18081627864716
716,10,21.652347910766522,396.1922092171772,40.58686407540155
716,11,7.997633065927785,47.276397468883175,52.47347076337332
716,12,10.057773598487719,280.76673435683904,7.2461437056474125
717,1,7.3801712560673,402.4209657892436,11.741314250415591
717,2,13.149362221818595,75.57983981295686,90.85590735361592
717,3,17.0833390862484,146.8516489626352,138.3851460876345
717,4,17.746377163960993,306.03934777042537,76.02443584424543
717,5,16.887488364443566,50.653638913376,57.78430393844097
717,6,12.682332697641293,139.97959050461597,68.59181077775862
717,7,18.621860103038042,136.73463683511403,47.823027985147775
717,8,4.255902929022388,68.04835147161884,81.15728722082044
717,9,9.819863436125267,207.13691257291816,10.529055273058923
717,10,8.701475296746665,364.4890683773185,50.032853471178406
718,1,10.204286306387889,24.212068392939074,62.201649911347985
718,2,13.94992647454323,226.3754774816711,22.146642212161154
718,3,16.149934683713198,140.09547630241164,42.465750940963964
718,4,6.432124717728799,159.8125727970893,124.84995673322344
718,5,9.965341085766589,9.555985705661755,11.629992115948994
718,6,8.066713492671882,80.80395884145882,87.98637434449756
718,7,0.08140967318419357,182.1399824142324,90.42546909717717
719,1,10.643724769515092,174.82078072725326,56.99318939090414
719,2,3.21053062862406,115.71446186269372,107.47607317332535
719,3,23.0139286246998,33.02448319923096,34.42565709394556
719,4,10.030717832267305,230.1040797889209,11.984573924920646
720,1,8.005484269497755,365.05877360831994,22.93970940198345
720,2,1.2470001847158407,173.53894195575083,64.14718382022818
720,3,0.49657288535765076,180.9816122501088,96.15074156354267
721,1,10.480560199519985,285.6765885523865,72.1893276261714
721,2,16.084098273361437,260.9503252103879,124.40907981838242
721,3,11.33130580412102,208.90370151354747,39.51189834143236
722,1,11.731335289834503,265.71249223958176,49.02735780903931
722,2,2.3926496629636773,195.27810774360003,46.3003979394775
722,3,24.40109459100442,603.7629943806472,75.68658739952919
722,4,5.260104624274884,301.85241140657394,17.9397032675285
722,5,6.271230851599408,43.95773117567845,72.02211791661449
722,6,1.52530257381129,156.95151238098782,48.23456895327369
722,7,9.79749671744667,129.06940069949792,63.468641238722526
722,8,1.2203372572582278,460.89191641588667,8.637400154353578
722,9,10.277883516271098,293.7444609190377,77.30864323716568
723,1,15.427523515544099,288.95484530428746,62.88398031322605
723,2,16.065319202985126,139.40329854242677,56.36098165555991
723,3,13.333922706645518,126.73053663995718,106.24381408007554
723,4,10.910969695714805,251.65609581686414,16.68888488922599
723,5,1.5593904679539907,1.9511202693542202,73.8525795291348
723,6,4.467964417992334,309.33165645641986,116.18966184474195
723,7,15.39683563718927,263.94659650901554,76.22729101897765
723,8,17.728165322265216,246.75787341841033,76.54779833679511
724,1,6.042090713755453,71.5081034674983,85.40946454599914
724,2,19.168300161118253,352.0289202636478,36.232437926809084
724,3,4.878175185609001,287.3250495106022,44.990611411387846
724,4,3.1512494191085265,116.55814026943845,107.37701265779206
724,5,2.0386185957289182,270.2463763431818,58.71832702549615
724,6,7.498286347357374,296.67990309695705,115.28981035595463
724,7,7.928199472796612,163.5228577884348,74.882596199608
724,8,16.42769975004501,180.84391892770472,37.78505055625406
724,9,5.5235256450383226,83.29866314501699,4.427533117297983
725,1,9.380776879033474,431.967052357239,113.35808666685892
725,2,0.7755551344927021,134.41131751704202,147.35583120214167
725,3,5.18107174646752,442.960862357647,89.04042257575026
725,4,18.336006767698915,133.12163017502684,33.349589458013995
725,5,3.625686616068034,319.82471514102264,15.46034698420732
725,6,8.856196844764723,445.17078474609957,73.78160029675796
725,7,17.018469726073455,46.60684542322747,10.236680220057153
725,8,18.289095355256286,218.86737020594683,8.414330451993266
726,1,22.54711201984795,85.43220893516846,149.96371797231546
726,2,13.166095467273804,49.951079665232385,28.109795666451095
726,3,3.5551482863313666,216.002285776743,92.06141062756237
726,4,10.21762286208364,320.421109785132,67.13949124760929
727,1,14.439770135299982,10.30290915702318,86.97187729232448
727,2,0.8950173958561205,295.78769990878254,24.069057833093495
727,3,13.336089028883752,336.10144190915264,56.136847820156746
727,4,1.6026533385152408,65.48371332392722,20.85363435864871
727,5,3.2650482551844178,369.12167880978933,54.40430343025315
727,6,2.0513736836770367,418.35122861875357,21.94687599447347
727,7,11.7540074235241,76.20941822056973,30.73040613316111
727,8,0.4489160880411749,132.7264353700353,85.9318748482419
727,9,12.425732027734716,221.0307689256868,30.40110490979528
727,10,18.890603033760662,233.5519544743334,45.2232932043136
727,11,17.926961769922265,387.12450853524103,96.18360990436764
727,12,8.270394523076986,49.47851588237066,89.55691668568292
728,1,0.45720823225091145,203.80637074168752,35.105073493548645
728,2,11.06874290179795,35.23710782658998,31.033981710793494
728,3,14.008452745364327,251.47932269634808,21.49584869938502
728,4,15.754438592958516,45.1656296086592,10.733423970734222
728,5,8.525420768242,564.3892938261575,37.03987243624957
728,6,10.756366752903729,304.3508490930669,15.576130032955888
728,7,12.215581025022313,77.32889310244161,72.46523216644594
728,8,12.836895033940372,247.36587143616094,56.98842866626814
728,9,24.104743873519148,235.64216602666,71.28597748631347
728,10,12.585279315125348,49.84611451075236,19.252337928585476
728,11,2.413922002135063,82.61149258611921,29.736401097153745
729,1,8.5867979136768,158.07147549440762,35.92181082977093
729,2,19.654308855693536,132.21195753522397,61.999248110503075
729,3,26.958682128773145,73.02666049626833,57.70869373958933
729,4,11.711253203458705,198.3354421840725,51.64425936320475
729,5,3.847108284909006,253.8266573890701,23.489408591588457
729,6,22.58486087474701,456.9558924625584,36.830726673721145
729,7,17.362261899715637,155.99463270545118,50.39240113085827
729,8,5.23345227735412,322.9658052127308,26.748441739023527
729,9,15.496084005648125,193.69343480535346,49.31014846756017
730,1,22.58462774420891,3.804159182159708,2.99726375435111
730,2,15.70877113183495,138.68666357261367,84.45980777227227
730,3,9.605008004433378,324.9158074769799,14.741558295331508
731,1,14.291854333245022,100.32140872486491,31.62659503789734
731,2,9.061658634484662,214.16408365302954,25.41037535528462
731,3,18.91762710632463,24.2709487725825,4.469514601676046
732,1,6.557862302297151,303.6259176393039,46.15943659293883
732,2,13.689582855624383,240.72259481208422,7.523282726090422
732,3,14.00218970059735,46.63109170521321,45.993215323353425
732,4,2.9315178548972076,95.89869385191412,59.85468458439203
732,5,15.832229157520812,195.2939759472804,101.38210358587168
732,6,10.003739128699753,226.60048996761108,16.306029957620424
732,7,14.07515823354817,280.6085843279109,33.28237517738917
732,8,1.0252449363268283,24.046730027940583,90.30147853131903
733,1,0.6230214570753887,14.972012456988125,48.42454540315304
733,2,18.840939366438874,101.66087653958573,89.58160640594468
733,3,8.928268053410134,34.56676411591323,73.66304145560345
733,4,6.6761805397063,538.8354286407374,69.93848441082125
733,5,10.39167966384889,297.23281495626827,103.74093437031854
733,6,20.085808841050643,339.2057890369766,105.07198172944321
733,7,18.42285485276696,336.3936610559206,34.22734042026883
733,8,18.800662143775135,135.7040277969482,60.542793822596636
733,9,7.366892671774603,301.0972210985938,101.18250723841726
733,10,7.151942030873924,11.759567903638356,90.42153774663366
733,11,17.249193468451235,434.66973542941537,85.75569738738187
733,12,16.418791489472675,92.38709755978591,79.48115888222733
734,1,14.144847948896857,519.746028741005,61.971187175784216
734,2,1.9953955092637,169.95940665649056,88.00083220380581
734,3,17.482406745543102,433.634343157039,92.41541062580718
734,4,3.982758429260114,234.4134579549294,7.67772085920727
734,5,14.441377891649305,309.83035073080976,17.176840805400467
734,6,7.896660277583569,103.55579523836246,82.83124510336941
734,7,9.448683186126933,103.65634707857058,81.41362809670932
735,1,14.267390910576774,261.8714508722233,43.560891725409135
735,2,13.126752555289254,515.4275031711032,70.18452809278652
735,3,6.858784321910504,102.29587524605623,19.3861612805282
735,4,7.006518577714898,142.17787102547382,54.756602654982444
735,5,13.698264195647445,265.31809367041745,55.284469324325
735,6,11.408159118180613,580.3510461917704,21.10274800229286
735,7,9.742028387516722,67.79136546739602,34.68345657724149
735,8,3.7083939049371573,90.52160270924426,2.5694260604228134
735,9,0.5351507559655122,218.3463786481889,78.4133234670191
735,10,4.599285091917386,104.16518847474799,54.44345670787795
736,1,13.286211802055297,156.94337416100763,22.115667655002056
736,2,7.067330701026035,599.2735572753276,25.300846493591365
736,3,8.7768511107341,232.16956038577786,71.86274609647667
736,4,10.723573245751778,466.0912367835124,59.43874962114883
736,5,8.955012422658363,343.38181964653074,14.534752803574662
736,6,13.774360085711598,144.3765174045264,101.42559674680626
736,7,19.53835791824524,173.88686946836054,15.184457294011189
736,8,3.035558689291962,233.78157278850907,35.305166313922484
736,9,9.40469891662894,115.85598447073501,72.32245613003599
736,10,9.904512481388187,115.0482234804493,83.96280091077067
736,11,2.3609188765050275,284.46139573326656,132.48703744385205
736,12,16.75900130582665,139.18341342460627,9.267054331767412
737,1,16.542616277586394,471.82108809616483,8.535745140209166
737,2,12.88577781824279,256.4984888160918,96.17425144609702
737,3,19.71663022665495,179.39171008748363,71.21577223699012
737,4,22.354115973167566,190.22348496166217,7.34266099739294
737,5,7.30872321110405,4.303100207829914,64.8726724397889
737,6,17.45119345698445,181.84377618986923,14.838401978145612
738,1,17.151555845403742,81.23333352229908,42.77601220955487
738,2,7.395993416394305,13.02307031403592,50.85656257979516
738,3,3.1012631088056564,338.2835082223449,92.76517744297198
738,4,8.20045075106325,436.41889361159826,44.36145858749996
738,5,0.8965671726984681,377.784154112886,114.56458064377118
738,6,16.96235693492497,85.42270058990617,0.5854689850683457
738,7,7.547927215691989,571.4609347077895,2.924747182737775
738,8,15.74528577604562,186.1197959207209,87.76608765692328
738,9,1.1800820105791647,162.5747900180634,14.078012995789841
738,10,4.111943846200003,310.49645599489463,5.2381448700463125
739,1,12.029085054797948,364.4937919331529,78.02523009741999
739,2,8.978236804671907,188.5387177655785,7.107851774728324
739,3,8.011064213090789,210.10731746945575,48.656361989692876
739,4,12.072700688275898,366.72116800151554,10.454656401369114
739,5,5.567264923631134,371.6666209320398,148.64824330678795
739,6,2.4839506227922703,106.19414549598564,2.3454237438093273
739,7,4.255807603972084,241.1723607855298,73.76974107176805
739,8,7.902597887775016,156.41668893162407,45.5556685937331
739,9,6.0196936397468495,193.46303243496112,105.47572111952434
739,10,4.20833689603076,157.54364477010506,44.89422388306876
739,11,6.02747603854361,210.18884649791687,49.99837242415265
739,12,14.010398338042052,54.169218915805374,16.374137090883075
740,1,8.827528886113374,128.89181029489023,43.940654912166124
740,2,10.685734347789666,292.4587135792483,95.79755465981067
740,3,9.502803911387067,268.2835314283846,67.05752205823637
740,4,10.691380562800896,168.85190570780128,55.66000548769099
740,5,5.427634001302089,29.847858772904715,107.76182918076528
740,6,11.509367445046058,240.98354128331596,41.339874249769565
740,7,13.487384090361235,173.0187668496104,10.686248348000326
740,8,6.257822151432949,289.64067484324926,26.25635438523583
740,9,2.8290359268666787,155.99418209157278,19.227187239985696
740,10,7.841246192059535,377.80787662743967,0.8692074762786035
741,1,14.535840751650504,72.43168155013353,61.24003198511964
741,2,17.30572055956045,158.06848306287594,53.38455894271059
741,3,18.83912603720527,16.67843099503176,80.79530942508947
741,4,5.176539009873757,236.46436691464763,71.58946018328511
741,5,1.7697992480142162,88.01599241613386,76.63431429138912
741,6,8.179225972101626,92.95076163595442,57.78929011206444
741,7,2.444076086623113,22.60389440425226,45.53502690549962
741,8,12.518529735990715,204.7988114021819,71.62360395286916
741,9,18.55301475337443,163.80328182296134,47.21824782300035
741,10,12.402481931972721,114.48838321222861,8.308360913245572
741,11,1.9387676528140059,194.0274789387949,89.99165140240946
742,1,19.33340749240746,149.33463273634553,60.645879058087985
742,2,4.542047902051004,289.03327082601766,62.05185397262953
742,3,13.599392288549279,4.019142761243074,29.57423468235794
742,4,2.0715836208305722,274.86779721908545,76.93812433263791
742,5,17.905357545141694,139.32332490213298,58.34568071192561
742,6,5.092816363771097,405.1095220714798,21.626030166926355
742,7,18.249699752060952,162.30317446392624,113.00982427076384
742,8,11.280703643749058,224.16310533907725,19.83679541067164
743,1,10.29260330337855,187.53387118001896,126.17540321320605
743,2,27.41544285064425,39.80490820746098,26.120576161403847
743,3,1.5953952046288453,190.72105399123583,95.00683399515594
743,4,6.629763956395581,286.74167057562374,18.03836877018363
743,5,6.590142890861907,225.01949316114835,49.554614305712384
743,6,9.747591386777044,37.73015058822821,99.03575233910048
743,7,18.528319898421696,385.26264005425696,22.911025958810956
744,1,10.835731510164944,471.18992584287054,7.399298031414368
744,2,3.417674687433024,266.1319847356223,108.95517162026984
744,3,9.985318778319387,15.602296878124378,41.655310534485075
744,4,2.7904754378174514,99.67305606968353,37.838356033867335
745,1,3.4947278823086094,109.08662308084473,115.73776432807163
745,2,7.769063288988187,140.03305810768865,77.587162300489
745,3,10.594801186569006,224.67461396830674,83.74272288642774
745,4,9.124698314191415,31.481068541931933,98.96022490334431
745,5,5.901538757904583,120.38787994267764,59.22987657187207
745,6,0.8570517687628225,235.88992117440017,87.90228648250257
745,7,21.059325225917554,311.02222003743543,92.92091379318623
745,8,5.523288540340431,323.80539327979994,42.35534712590692
745,9,18.116094017751948,215.38329249907795,93.10265534424256
745,10,11.129092935153585,84.88936245275835,51.58313139947912
745,11,7.684745845302297,394.5835309992407,4.243566607876275
745,12,1.7409770875421735,243.82890046382482,37.066959926403584
746,1,1.9801898074385758,233.72740830579488,20.801064196931435
746,2,2.129671390083619,147.0336271349837,56.14407679461296
746,3,3.011126919743452,1.9912940334108953,32.38319489702624
746,4,0.6661202970421307,300.76954177793715,87.66316988740729
747,1,1.8230625306535249,19.94242214862578,135.13465767788318
747,2,17.01424440435084,166.18570794424238,74.87738060181994
747,3,2.6628311263364157,185.84287239422804,19.523244064253657
747,4,20.118993638531187,426.91830623750263,85.61806645450245
747,5,16.631541874625995,102.51987127475452,78.67819306357752
747,6,0.3443171021510043,27.124558986897483,45.78075360390298
747,7,13.711372427733469,289.7202780746868,0.28086674959803304
748,1,16.77134055274717,221.38794381433615,80.31692136044954
748,2,11.1882950067581,406.1084826739972,9.69956577467017
748,3,19.397219225846968,375.64947398064,1.5884354307847985
748,4,14.41465786921371,193.54401016451158,25.736719235237445
749,1,20.2631442968999,34.40056671017865,30.245473564316463
749,2,5.069123508386101,15.587846087264808,63.244398158400976
749,3,21.949595754805287,72.09136276250331,41.687785928439155
749,4,3.8766224984777145,164.7190417319674,80.66845129730517
749,5,6.640333530411363,76.49770026227196,101.32438869248193
750,1,3.597109758196117,285.8341316805684,58.50642201438665
750,2,16.62984628578414,23.239529444816128,62.732807533448764
750,3,0.06602220019212268,128.4731959074241,63.647408739652064
750,4,6.277655866390156,444.9880731808406,36.078565611068996
751,1,15.605519199572067,275.80319464876186,31.43749879485376
751,2,7.728971927760593,500.23636176946235,42.141231017938985
751,3,15.282856252160059,307.8370755805023,2.7990434360597334
751,4,2.9177602765603297,323.14731386253663,6.65815230205925
751,5,1.6492806819971904,353.92433222662964,9.222930648976288
752,1,8.915771515085957,185.66942077397348,45.67590538622456
752,2,5.4649363255824905,48.22310564067823,57.95350060201689
752,3,8.049469927014403,370.89116691342184,79.57810370460749
752,4,4.220820574246078,457.0650567814171,29.359167112164183
753,1,14.872296193855238,431.71960195763904,127.91563919207046
753,2,10.48901857887233,370.7958424530701,56.80671733486187
753,3,20.865980365637,91.11745074187945,40.356102040484366
753,4,13.087731390569148,176.98364490267295,57.85813518272538
753,5,21.113850777583004,142.3669931981043,6.523047339977865
753,6,22.694247001089856,279.0146325507016,126.88955901253854
753,7,16.04540937405233,1.4608411979844789,75.81538687027526
753,8,3.112363538822118,201.11477036595005,46.971423855689686
753,9,1.3236466324313945,78.07842656573202,138.207492006364
753,10,11.66864183388815,173.66057980055714,122.51560879763703
754,1,9.376789824768975,155.6941286693258,35.958859832748416
754,2,17.381151590067446,59.68976019509648,38.340651489531155
754,3,8.514205048284726,183.5863904304101,10.907440460949147
754,4,24.99222471565374,346.7882920087711,138.46141639774356
754,5,14.481898634255067,314.342138642612,49.82472226587149
754,6,20.941581872722846,284.8291987721812,42.37404614743214
754,7,22.926001552060775,4.577357862021671,20.715319777660937
754,8,29.67432546972366,300.6055188257908,55.325721760881436
754,9,17.132524124485194,46.534459037732546,27.027429843496165
755,1,27.856580246357524,356.80754780312077,55.21906730433698
755,2,17.699501934202324,272.34833744657533,51.79452151009449
755,3,9.14124281836076,84.67187819714981,16.865454654746742
756,1,5.732978921588102,217.31538611019684,36.77787250532447
756,2,14.641658149382408,345.46516670052364,91.92334658287544
756,3,13.57414869563073,236.87334900129494,81.77706757003392
756,4,3.7409433535690493,231.5856128500913,52.09912228681804
756,5,11.491562771800883,186.85646806186534,67.27421973846464
756,6,5.977779549261893,369.42851441804453,68.94599109653896
757,1,2.457728090202856,319.34564456689355,11.337276555497041
757,2,12.240282582842193,361.6516189871778,43.472850267038275
757,3,0.47160406465847515,11.008796112070257,13.207343679014784
757,4,9.131604231645671,380.6221072089374,50.47027082232411
757,5,25.073084944836484,356.1318875524291,61.819224799740276
757,6,9.499098224936814,125.34992138443278,55.9716948517634
757,7,13.79650481974746,248.18193455120462,30.055648181707465
757,8,2.7765437930668675,479.38486223967413,75.369918342223
758,1,9.354781439626874,83.95236321984136,4.046069273332918
758,2,13.50935639026604,358.2351076396045,147.79925202665606
758,3,6.964009653162844,147.10167697038875,19.150828221959305
758,4,17.88009200561497,322.2481182194397,14.922616725018948
758,5,3.684613391189398,342.87721378938465,65.32784604833631
758,6,15.308720991078008,67.58472824916305,25.108994556408263
758,7,3.8752448832388104,303.16500950168404,134.44231914539563
758,8,6.993752073306743,541.3783822815299,83.19279069966753
758,9,0.2487738880382171,232.10507567165476,84.55897113647444
758,10,6.978380289868806,296.6676736870073,96.9088471929245
758,11,12.792076868918002,190.74181839778652,43.08293667994373
758,12,8.380743706157244,23.60302943493363,22.499046723801307
759,1,17.648003220511587,84.96518400354563,19.008913441303598
759,2,6.191154934356808,46.72377269511557,17.092279778692387
759,3,21.341086973534196,149.07292104475903,135.1610656098918
760,1,17.3888364429181,133.23933512968097,0.3318611337547921
760,2,5.272125612107994,173.53386239705367,54.00041997367219
760,3,14.892194543492325,270.104790722771,74.58589662838796
761,1,9.077980420604776,199.87652167041472,12.94172893560927
761,2,18.67676421663969,178.1453900417668,9.77077798608073
761,3,15.178057405411991,126.96717879463779,32.82903108507287
761,4,16.358177288482885,134.34172220511425,21.28312196205674
761,5,7.086916420209347,101.48938967028607,78.61913727132134
761,6,9.139797706161609,159.1513085007857,39.25325534363835
761,7,10.09855858925209,298.01560560081,47.917458352030046
761,8,0.4685441627413134,286.32741823161007,69.94278764016906
761,9,11.43868898751522,361.2861960441979,51.215147056518354
761,10,17.77963262292479,411.08165322175944,73.2925154209793
761,11,4.76446464685444,180.3821422246339,99.55424136233495
761,12,0.4833950624865473,141.2069497732087,36.281406542130235
762,1,10.290304953457634,402.9737457356508,2.6567054632791383
762,2,1.739913652224434,361.90294401061124,24.10671562642524
762,3,3.0221507115894903,374.6105939490041,17.515500387085318
762,4,9.868667270161561,118.77741291329409,80.30801473797628
762,5,11.58637913881376,336.6912057992404,2.0437984785643835
762,6,11.687521989907982,213.73191109931048,20.041878747699005
762,7,2.750034030941297,186.92381500945592,38.36095971950076
762,8,18.259265500352253,323.86729689480035,22.55237167639118
762,9,8.201340117046588,282.0492400273457,76.27832016928821
763,1,18.320320323039866,78.00001702467858,18.257902256644456
763,2,0.6504232391005118,77.8490118482219,80.97603760608189
763,3,21.749604269738306,86.21229302414982,33.969101481920084
763,4,3.0429025155293132,29.233486657815973,11.0210744473371
763,5,1.0714551958922307,192.48704938502175,24.86261891361487
763,6,7.359276323667855,259.5212130963856,46.29945210257442
763,7,1.8479769942866433,343.5915712074047,30.853448782677503
763,8,4.582447808132801,458.3258060098822,63.62002976068317
763,9,2.58761268605274,37.49739572951708,36.402841527255035
763,10,6.593674268944207,306.36067967755287,95.22995902175029
764,1,6.390692818831701,33.88624315989347,54.16021692594278
764,2,24.300614027945215,147.8618565582769,11.542222241024845
764,3,12.674050438169342,16.131238882740888,118.79938121317613
764,4,19.825337679698343,175.37425715695338,14.108272743031208
764,5,7.019610890572476,155.65015818718575,65.3426852682826
765,1,6.07199783646799,43.46498903250671,35.05322167036877
765,2,12.852132101197842,104.47346540988318,39.13486467283924
765,3,9.093449449922625,19.88022169098093,34.279422674456505
765,4,2.506726997382655,131.06044723864972,109.92792873448293
765,5,6.234612671522908,27.867907266804337,30.393490207068496
765,6,20.978741942023525,132.62256687878298,11.995234044169393
765,7,2.7795555663721156,139.22055253242527,82.52800867548669
765,8,13.087159717750673,364.67232246225365,75.11476450609676
765,9,10.07855934571304,196.09338776840633,105.39395125394432
765,10,0.19747892624374863,546.5909276713469,19.32679558020114
766,1,7.000135010402572,132.31299305057465,118.53195870938225
766,2,10.15619364477585,318.59767240404074,27.85119172167034
766,3,7.918787253036355,317.1004213392262,20.583871313738896
766,4,12.437888900517281,94.95141413486326,70.407286310612
766,5,4.887691729415169,462.8847830911704,47.43031286221285
766,6,15.421438566482287,196.9008643641426,29.94518619889757
766,7,14.020128212248554,373.07022290926955,7.934143697833143
766,8,10.917247830182621,183.78647421611132,58.390842003859326
766,9,19.476934857243577,322.4416550273851,96.26597343476917
766,10,11.841720435799875,134.95698358470733,46.99177733682065
766,11,19.90725864814076,175.01994340679494,113.50278103092663
767,1,15.186493845095299,33.389562347749916,100.76836340117299
767,2,3.997502340368621,214.19681096456097,14.994038408983613
767,3,7.314695214175072,398.54811532663655,29.576321661696777
767,4,13.451531997706144,126.9876702667828,67.22643186403387
767,5,15.213561592892589,98.2871679531452,15.38430953084984
767,6,7.184402690931636,136.39465170312795,30.960715310425428
767,7,12.34453179605886,257.2452557623316,21.86706512475881
767,8,15.87272178867416,140.03408292098806,63.131233058194915
768,1,8.262603158901378,206.59815374509213,11.634231557966814
768,2,15.922345439270277,491.9845880764492,106.3307629909869
768,3,0.6862529514418316,188.30489120498032,38.69079940824392
768,4,7.21374375985121,204.0617057373857,136.6032886973842
768,5,10.751501223110655,133.34852880195663,61.9161346529574
768,6,0.8068504496692945,92.58861470116744,89.44928294105331
768,7,11.318410284561123,515.2595131488026,60.70721783357253
769,1,0.5884014188926798,81.3159235029523,12.285166584412323
769,2,19.638536121120634,126.34757951762047,3.487319893560084
769,3,13.116476152398434,299.1771485889078,76.70144379176526
769,4,8.100625843417932,238.1801451555422,23.990676550828574
769,5,21.723611745550112,371.63077379868975,93.31827316162702
769,6,15.55881154201482,277.9599958992502,0.2255006340084833
770,1,13.834916040498362,45.982630610250794,77.50713437905125
770,2,10.176634951652272,199.34104252344935,15.248642092776699
770,3,4.515772009759134,89.24194313527033,62.26329266897575
770,4,7.908744160727148,292.41066786896494,43.89895809757762
770,5,16.70817291567971,236.83734357286733,0.5997303133611496
770,6,9.82544718173994,528.6538909686728,108.60918679780019
770,7,21.742960496702995,168.06513815781753,95.4586571435781
770,8,19.171582451463426,43.41673399249669,101.62642095942472
770,9,17.44912457594413,99.07341453271029,53.73873167625581
770,10,19.507363760210133,191.3050707597845,85.33624735906291
770,11,6.699932601643969,35.75675100874511,2.03683251478364
771,1,8.031168629642977,516.256321074805,112.34400176133826
771,2,17.490996356811443,262.25466423054775,9.811975764067647
771,3,16.211115195099403,367.29643645633917,36.2209945267699
771,4,2.526095372076834,264.0379814494869,92.71658788268523
771,5,5.519723664876234,279.30644509285577,13.702401732821542
771,6,2.043244249588243,230.7300130159822,17.42449113062321
771,7,13.010601530628543,42.315033285752946,15.718656740586823
771,8,17.203737288106637,303.8772962615457,66.7616252824448
772,1,6.881628327638165,80.95752505199337,62.69034325115928
772,2,2.244139613006574,318.4248139475064,7.835782520172579
772,3,4.4107648034370435,473.2842973889031,15.676518026176865
772,4,4.944885869348131,370.18074965121116,124.17723602066565
772,5,0.7310110502240104,56.57479096239959,14.692847113576136
773,1,2.9838211253651403,313.76842140542743,112.48390499567296
773,2,3.854376061134537,45.633196013511,32.704688884871445
773,3,22.49084335184802,222.15530205996376,19.509512737164457
773,4,7.472075997923402,120.77218059490335,78.16533168519618
773,5,23.674372149964036,219.6247779379847,93.75020248348129
773,6,0.5775221650822271,551.1508365362042,3.5631738621996973
773,7,18.482927839220494,250.79321231931726,0.32418307547067116
774,1,15.841165425679861,83.44846546926442,22.397016242258605
774,2,23.50043660625775,276.2289408757856,68.53262881540067
774,3,12.56365027228617,1.8809894570751453,127.52761883108155
774,4,13.354312715508724,308.4740168982429,20.62085155663209
775,1,15.457506966530627,92.04234565820377,37.640608418524515
775,2,18.334472329099313,192.0888354219387,87.12387123505663
775,3,16.78085707106527,411.51106071185194,13.761374494255335
775,4,1.7265082268415544,182.52652219161357,8.306389962669783
775,5,8.39176135212377,57.57045360313134,1.2346111507480728
775,6,12.487836187859031,479.7673774087695,39.990171880484745
775,7,11.94079287100412,209.74758663165358,48.62073215186969
775,8,20.002716726838486,158.50710134772186,79.55159281269414
775,9,3.85870953663352,216.00817297763768,45.722838595771776
776,1,17.704620938595767,19.415140553455046,91.6105546294302
776,2,10.138572045860611,216.51776635415902,36.41787454837227
776,3,1.5372573061019796,188.17861607510127,27.76864782978794
776,4,20.670140252937173,276.5633921894513,51.37995196269121
776,5,19.224174020996116,191.58317075999759,78.11522464644631
777,1,18.14948258988192,72.06679341698735,19.266300958906186
777,2,8.03693203183701,318.38337485907095,12.914280578578271
777,3,0.6892973204008452,234.33911040541312,8.547488406700658
777,4,12.146848897293896,148.90654231577344,69.77865953409493
777,5,0.31319837252778626,394.7244727165856,42.67862060025241
778,1,7.162484926575567,99.81824441140718,18.345736986021915
778,2,2.7655995826085604,278.80431614828626,21.610834171274035
778,3,2.3628987824854892,204.97299566978242,88.78772631993968
778,4,3.4887868037814282,357.55556986619604,59.27364592928947
778,5,10.01492913658563,245.9136185322915,10.467739116721575
778,6,0.8308131696554515,219.00437330433755,48.57206690628966
778,7,4.319277760709445,156.6835259085547,25.924691586335534
779,1,18.755250596621316,65.50060282953203,11.86690670999539
779,2,6.36777091126901,356.5904255634074,15.081602899962306
779,3,7.505013112405431,263.22231000785507,26.82788375100412
779,4,6.920341911000441,102.19246423071166,27.288824869863348
779,5,1.859451337666945,161.40745419892596,92.5693525753564
779,6,21.079664899354746,387.4722931789702,55.50782511495919
779,7,21.611950329121548,545.4289149751031,57.25111195774228
780,1,0.8125255386248789,22.066660773343585,64.40760737460886
780,2,1.8865330354369512,292.3158876936829,35.39687563044046
780,3,18.06563369895231,151.74495320996022,55.06387781880756
780,4,4.761393925056623,84.77896153338583,99.38781116777048
780,5,19.349909764682998,147.27683521944533,76.47718258936031
780,6,7.263760058527173,243.27347663993694,80.3655679568044
781,1,13.696037017379371,554.1507405500538,30.878233164642815
781,2,4.554173374340276,21.63037976618358,67.3186367005944
781,3,8.743142376346373,323.7468596675144,31.978023176477098
781,4,14.401474697412223,142.4215685776845,43.491806364567054
781,5,9.52406842986616,55.04523733009597,44.40060722254397
781,6,13.934999760235243,51.78326346721346,126.40490773061168
781,7,10.034200186511354,105.97967336420729,23.70983905773285
781,8,19.59358091499132,76.27898128372607,61.9238867196555
781,9,16.181253202078846,283.1323607119415,27.49290809727904
782,1,15.874552187776434,278.1234778978984,98.88728466020613
782,2,10.625725197800264,319.9394565458084,44.306132895708565
782,3,5.472675089828529,28.79481192002794,112.65944609809306
783,1,18.58006241333873,203.7915519722704,7.727432767384379
783,2,10.551097519253409,260.2480651010669,13.440770233132596
783,3,21.579989781256632,468.4105346459787,54.80002972459846
783,4,8.599428382738678,203.44161320201874,85.7220394054943
783,5,13.168265447513388,235.88423008587475,105.29320321217524
783,6,17.916571547932953,56.01294724406708,85.49583327691555
783,7,18.061344247699154,241.7389547943563,73.96133669134859
783,8,7.847933432368775,19.33696512109492,125.49114248822741
783,9,0.6237661475756351,452.18881396747616,47.39003775995352
783,10,18.73207740090497,203.43739826571962,87.49643118160668
783,11,13.141981177358176,99.59350876756008,55.36478352454584
784,1,8.99948714127055,375.581717987502,86.7577080403395
784,2,18.38821752676288,310.45190804210074,30.334180922313944
784,3,6.723803917620598,348.34068219338985,34.46410113174545
784,4,13.708851651867079,456.4010207636886,25.28320405072826
784,5,15.098109873359682,79.54457751719914,73.45611241087275
784,6,21.29585139980303,400.81439881556037,34.59593505277346
784,7,21.01613147833122,166.28673771727384,141.5390003028535
784,8,10.226947900175704,299.42451375389487,75.29747158754871
784,9,2.3425614526174288,406.43993137558897,58.78176038499492
784,10,6.108706314042431,87.30595689680969,25.892269578736954
785,1,9.461335897019453,120.69175507447765,73.48457588283934
785,2,11.12077623447718,313.4466936034112,29.724506005311092
785,3,19.603664354754095,189.59994377760472,77.78182207832732
785,4,18.367845492460578,367.26864732424525,64.43313633607187
785,5,15.735428344677818,461.249099595843,70.54404935898783
785,6,4.892475185568941,287.45760964458276,48.50875127921638
785,7,6.436007940830407,269.2997035554639,54.666026000624285
785,8,18.09492440048207,87.48595137675404,10.228386495172302
786,1,11.180766015873566,63.3558717652715,79.72750326248256
786,2,11.98625654049301,166.77080604634892,23.6374319304278
786,3,8.676158258727542,15.914143894326685,43.894836966835946
787,1,17.344679103708938,77.7481335732404,87.81969314845907
787,2,9.5684785123847,206.43283988366,51.27088903745267
787,3,14.550851302410784,34.2790611729564,85.41162061695366
787,4,16.09603462250683,154.7775130718745,50.098706502881534
787,5,3.9838799681524897,25.943712408269192,57.896593673320055
787,6,11.427107692462291,149.44058256889542,0.008838170270337287
788,1,6.643959368176697,81.25804580123888,46.72056284580712
788,2,9.050243952141113,187.62606530790197,58.01834007979102
788,3,13.484534687725507,83.60637736640307,29.106241464272486
788,4,16.45910348910898,58.70832574520503,17.682330596485862
788,5,4.589241521623759,170.01754097429662,89.92544144882193
789,1,13.66729139739437,90.17916470438927,116.5212551284739
789,2,12.868661597547163,174.28313848148375,24.355502898221904
789,3,0.4626915413596038,5.1807665418146485,25.114361817114606
789,4,5.107679825829867,50.124223573100835,65.08378909769378
789,5,13.599859146904013,131.2051404047408,127.40609073061269
789,6,2.2271055656126446,208.7245848458395,41.25679183648299
789,7,6.145093826229203,95.3505730980411,49.721604683505674
789,8,8.4213052087479,141.21852093311608,1.9487853995749873
789,9,1.3267827246734925,156.7225287206652,33.91615582013879
789,10,8.620741978062206,183.7067303165737,29.099906324687286
790,1,8.51314803327256,42.30269698767697,43.91080718045519
790,2,3.5903718227366213,48.026437585701785,48.302556834429566
790,3,7.704060290599313,360.8074222074936,26.899056765745662
790,4,11.881446792544224,139.1266247633372,11.075512506956422
791,1,15.645627096014096,175.446385533638,7.125059161067462
791,2,15.97147506969518,510.33955346316895,24.216522513321035
791,3,18.567526442062885,70.88116943719581,28.721541704230468
791,4,20.03583162286218,182.02414446709346,77.4793474694562
791,5,8.113773638403488,70.41034450272195,143.49647212308122
791,6,8.48258797635744,223.41763167817624,20.698891207514734
791,7,15.460921367394555,305.98794631346993,12.290186904455553
791,8,11.197697111134126,331.5651503788937,98.01747466692129
791,9,14.5251428406647,310.150620239858,28.396251749864305
792,1,12.360334934938209,34.67115292138615,122.36640648265076
792,2,4.623961952779474,219.43563189932456,56.20606903928404
792,3,11.844377574388721,331.89935398224065,71.97990503685892
792,4,4.581646989833357,222.69017976545646,118.12307146505786
792,5,5.927258258140861,171.13952921364873,79.01833192375635
792,6,1.5330504733355017,203.36683603826083,45.794608499373176
792,7,5.7354390184181945,275.456111086927,136.2766105537154
792,8,11.215982420383824,135.2357747518609,15.155328590849102
792,9,20.35516605261933,164.06885079886584,3.0831351901695143
793,1,15.28184107347385,244.8726459436169,62.72569258785491
793,2,9.704767254523517,310.86779791598013,42.562583354482506
793,3,6.822708532111967,365.79473793122986,28.778467268292715
794,1,13.03298516715293,280.59089532286947,104.4783964139813
794,2,2.9203085719579036,206.63609466212066,4.105852594134518
794,3,19.228579182663104,200.07754096717738,58.55593228062449
794,4,13.915664734591452,363.48031653823676,5.251666924523576
794,5,8.11354211692478,389.38012077477595,32.43537196041399
794,6,19.568384640992196,230.91199960504647,33.04109586971509
794,7,14.853600445460064,176.9457344225633,84.00729240285115
794,8,6.646963052541655,328.50817016965163,67.50061087053005
795,1,17.200484270511566,151.49362311432918,22.52306338162579
795,2,13.325825673368836,440.36377184396076,103.66710244199953
795,3,9.483676911093294,67.52261457776294,40.71630123909265
795,4,1.829362018666794,116.64423128239731,68.02183782775607
795,5,7.4260504117440185,109.93262899601093,47.780455825310725
795,6,8.114523283286944,313.3239710645568,3.0702480217773527
795,7,13.685272952302785,193.07924513143396,67.37112642644828
795,8,0.276286140566004,332.45694836944864,71.72162176690225
795,9,21.712452574474717,75.08946446225328,26.60095588167254
796,1,2.489278530394751,80.74497830662187,66.11236423881529
796,2,6.788630889191001,103.12735982876694,75.14276154372753
796,3,8.98911711491987,25.360786473809952,83.07728102921189
796,4,11.064011639577762,145.04691556489055,109.69881510258698
796,5,17.448869340291935,218.23964776374018,18.477560294761645
796,6,17.773668698220824,127.48683431628564,43.68515521844724
796,7,7.880911074165917,5.65827215145282,68.1002464237161
796,8,4.1013082968294015,260.1030240261718,12.557071374574065
796,9,6.819599565716108,254.76748528448115,54.942340430396285
797,1,4.389898417693516,221.75094760420498,97.0176257982346
797,2,0.026778634576738014,272.5142345971192,25.559425929577472
797,3,15.617508075853586,223.79711768184183,66.18816450641764
797,4,10.453767291288083,399.2497709576529,63.89641910780409
797,5,5.062034001982842,214.80725784815053,35.244758281358024
797,6,11.136799345637124,137.0345431449781,22.927570578147414
797,7,11.394905489239122,208.36844429248305,92.5582338018339
797,8,7.095308846070309,97.12807712429611,35.445168061467484
797,9,1.385015312416039,262.3507961144864,16.955917133951502
797,10,3.08140256310129,145.64983125877055,111.7580241904458
797,11,2.4897691899955774,201.86074747198793,73.19906307829037
798,1,20.388423872544884,465.606620993374,65.45504123300778
798,2,10.565338321395293,272.0624459727004,2.851934804201548
798,3,11.70751794562408,121.65726232443512,52.268228132322776
798,4,7.5752490791899465,556.0703755914044,116.65116974121975
798,5,18.014572312059975,202.5965637103092,112.37044446907073
798,6,6.415084854666229,22.453933230105008,27.18340925031926
798,7,1.2459713204702556,539.9536714758555,71.72183577232545
798,8,3.905149312332635,188.11890982245956,45.58693539743954
798,9,20.043630906499978,535.7333034652842,93.40883737429412
798,10,15.196057432603746,247.91346133809552,54.633635642018504
798,11,10.644688017004695,217.08377482955248,42.08502008085246
798,12,6.860328001157199,40.98325919027067,40.60967753901993
799,1,0.8206930641540033,445.3250445835248,25.79258889878126
799,2,17.27597496681077,77.36206825055272,51.7531659074123
799,3,4.436570315820231,144.30319780205537,22.858157527668027
799,4,14.887522855626246,125.41337906761214,71.20828056420325
799,5,6.3121971916235555,199.16924686799666,108.30393913884978
799,6,4.781561114763395,91.0207597409429,40.15166092658052
799,7,9.876929859532359,293.12062700293666,51.719395723694205
800,1,13.98394836490413,46.98819865700284,5.919996919592592
800,2,5.957468834648262,157.35090889394988,4.259609811586472
800,3,16.137251308744247,32.734359093368056,71.14697339857246
800,4,0.8857240986094475,26.96552024428044,1.8600833763083386
800,5,17.52733461691564,19.576080928350308,95.6769067380047
800,6,11.418561734018507,122.24375551957864,7.909284933172316
801,1,0.4849766400588482,447.57813546319596,43.11191341682958
801,2,6.326196149927172,285.0179585882307,103.46376302177997
801,3,1.9775244052417005,123.46253154072043,83.8747893873701
801,4,12.015960186989,365.28767459620735,70.60447817727118
801,5,22.657568064044035,226.78828982504754,58.872445933238474
801,6,12.252049604110592,178.6266722410163,83.92348635203697
802,1,4.632943611128303,517.1896429183673,49.19787437326316
802,2,5.0120871995680485,263.7592149508125,6.569068027781988
802,3,1.2105575979588696,168.52787974260033,7.603923093593693
802,4,6.678843535374661,3.2368909256022107,89.21285386766817
802,5,21.79192683129534,8.44423632430744,135.2635645092701
802,6,15.32349937026031,236.4513694523506,10.911156694169783
802,7,1.4899613162789382,194.59190099547402,43.093702588475495
802,8,7.9366440910795895,207.30493593978065,21.422675348520677
802,9,8.4326780301437,199.33669798255997,152.84421225483982
802,10,5.888057351659828,256.3019075213635,53.37592043680274
802,11,10.143106466805142,254.96645482053665,129.31832954214832
802,12,12.417261393837009,24.198948840603634,64.3713476934656
803,1,17.62155543191377,228.27639266504676,101.79053725649044
803,2,23.382304609169278,23.76411438217397,45.003810898007714
803,3,23.940282579177293,96.90163621138156,17.940396759839274
803,4,6.325959433096912,54.85837097301038,19.099307193409615
803,5,15.990204104897753,146.09044461593078,14.714913830179754
803,6,10.227780709010725,72.32724598046052,40.02609198026117
803,7,8.65526810415073,326.82234262178343,29.784483334518924
803,8,14.884483730319015,39.267358355128806,85.95058674958655
804,1,3.8589568082358916,268.23185064866607,0.47904797481966455
804,2,11.580683144640453,266.6062156690432,27.479068798753403
804,3,4.751759431328688,11.357232982468076,18.357531835689787
804,4,13.97437529078221,325.7383217854548,52.54691047961168
804,5,5.698829516060108,210.99647666999604,17.26705659527601
804,6,11.253663607590966,312.0293144929994,31.385815570234694
804,7,4.378329139351632,126.84234678110393,93.50044430408367
804,8,29.539309663267062,297.2875355575843,47.07371474527834
804,9,3.1854302240346737,44.664825911595216,67.10616019870105
805,1,4.541387561226387,71.09208033938734,6.797700987930391
805,2,15.48866917460749,190.93908016757968,62.58054975210784
805,3,11.061712300609825,266.1378241712539,39.811248400564324
806,1,3.3789645577757685,9.524021335438192,3.547135600501065
806,2,4.314891431845691,503.29342303927234,17.867504867099377
806,3,6.347603520864246,164.85345036545098,35.730080350484904
806,4,22.706470392262773,58.840732356919716,137.41486933139788
807,1,4.571141523426589,364.75479346798636,38.90571462992623
807,2,6.35524340969604,18.61779567558756,51.4275984697808
807,3,18.54057593796785,362.1979507556157,54.214846368441265
807,4,1.9829276148969157,18.860218252223405,66.8213009077707
807,5,9.70408329731128,345.64414846089505,36.7170699701516
807,6,4.59631136437343,158.26948039845627,49.476606586239924
808,1,10.404141526146683,99.06262289641533,79.57072718969638
808,2,7.842241844531589,431.9807288445355,64.09907500423347
808,3,11.493832177010098,494.78580897003803,62.01174787743276
808,4,21.506720753989875,30.40340706465983,30.696501583194674
808,5,11.570844948378728,380.0796646264888,4.131336260642222
808,6,6.924512915851254,51.4256884289409,48.742943357658994
808,7,9.915578147565869,291.39164118287385,29.9419647933765
808,8,8.143732862925289,294.2305622009111,58.631130918671445
808,9,12.834669936721617,327.8771249023283,79.32089854399801
808,10,24.770755443515505,266.7355325395686,67.92027065901051
808,11,7.870761578143215,209.41937740931627,1.337722627759483
809,1,5.671000132968075,277.81016538147253,5.778934250932693
809,2,1.7857697890729867,291.90594944289535,76.15699280803574
809,3,4.940494362375749,253.0845840004672,13.474177077073037
809,4,14.00525568607253,289.7331219632841,73.66970617524325
810,1,12.348749578678564,327.28001899968456,70.24238140126894
810,2,4.04816352010528,175.9576228396555,46.38966207134493
810,3,24.275543484622414,313.906572768929,38.36211363880696
810,4,4.591070172332269,148.39367439468367,17.664250239846503
810,5,25.258904975146578,197.70972438415978,82.9932039350627
811,1,15.62900726552752,342.08118407626006,97.83311086337096
811,2,5.726566362950866,474.13344488622903,44.32603275019336
811,3,1.6193682293227702,227.37973586164807,42.828586482140075
811,4,5.916118779394493,207.74890604663008,80.0757812113421
811,5,12.346826296845652,400.0837824470715,45.15107238528623
811,6,12.976466743674933,237.39119908355985,124.40167123437011
811,7,2.8955619591773125,115.21691451953744,133.27044742273046
811,8,8.445986083259335,35.89150839680204,129.3848056321163
811,9,3.2029286087008026,214.74717319181096,93.1038581049742
812,1,16.30616049203892,8.589097704414343,50.24464268033774
812,2,17.742493315174446,318.2026036340958,45.722358878345446
812,3,18.97800392460703,460.24393651532614,69.64885965454371
812,4,7.436658529459557,434.3923737006168,110.74194225778413
812,5,11.773773074424573,383.4268235094463,18.748613843166815
812,6,4.470681964613018,54.321634009182844,58.26278720578277
812,7,9.480742521096298,344.2794245976635,9.426219979683921
812,8,0.2627810591183728,314.3456698370458,7.437066283068148
813,1,8.104725559110111,256.9394396146474,4.589241691757955
813,2,17.686362121985542,415.43015248973865,48.99385198427392
813,3,5.677339415028072,71.13585081305422,62.64042341646869
814,1,14.584858557396867,451.72780683483654,38.67510709342224
814,2,9.457491678485992,54.44774758795995,9.61863976215406
814,3,2.0901689045090874,256.9509283526607,66.19848790364664
814,4,20.2220143282236,201.3172320718192,20.328865194783134
814,5,8.332813203368199,7.956860832367568,1.728164543119803
814,6,14.063913408845467,229.127135839163,73.50262381741322
814,7,7.497550069097905,318.5794345138034,33.46388406839555
814,8,17.81677982919573,251.69584092073137,41.7201251806153
815,1,13.510768856844564,122.60686086206063,46.8171068254093
815,2,0.4651172960236938,104.91680892666395,67.83276721212202
815,3,6.260149413256167,194.180894230882,32.535540799111224
815,4,11.179312120727484,7.58297349041365,39.43984913784183
816,1,13.683714633415834,188.4537427068478,53.318642745273436
816,2,7.028396788421226,327.4011356088574,81.70167145041326
816,3,16.936529943734623,341.7390494079139,52.16192559279339
816,4,5.112526666304255,174.90433672490303,54.66498160045044
817,1,14.112677030447962,330.5826075800767,75.71725329690574
817,2,9.102815808134544,194.91742357791207,81.10561751903768
817,3,15.432020019543085,375.23488985291925,72.04387933239354
817,4,14.176239295144384,133.06499498233296,26.754019557123936
817,5,15.46441472046046,113.87223979754374,49.17195987532552
818,1,19.653162686799035,260.7219476628069,1.230083091143122
818,2,8.644800205893267,357.0640485360242,16.20200462565584
818,3,9.812110699513571,194.00843375417105,26.623354191170773
818,4,17.12765060579388,274.240285510921,86.08348457911968
818,5,17.360380728629046,204.6536897128514,112.95846626419709
818,6,1.4846326170357074,177.48282478401876,55.95810925717569
818,7,2.174987043798545,412.22432947509947,15.26120313660602
818,8,10.476276596191457,313.2236037826766,142.7269591173248
818,9,1.6543989879946643,289.45632659732473,38.96288733383358
819,1,14.990811189899423,446.6627146084816,11.533410887362962
819,2,4.338596913226653,320.0564899067939,76.03715990921835
819,3,21.912593189046184,363.1117013869622,36.463795856382845
819,4,9.222611623839443,278.4532288705172,11.138232235252786
819,5,13.927616850228079,295.0140647724421,17.59777467865819
819,6,8.509105619839552,97.30248964975596,87.15565406969958
819,7,12.925688055850461,4.0126250178094836,7.597647781619244
819,8,6.957822893437349,327.3938688700189,70.18143571638599
819,9,4.24437959439315,111.00884511700151,52.10386556801344
819,10,4.395327539760322,121.93298012152498,77.67475991796302
820,1,7.749940923988708,29.282992981944744,3.299723553325336
820,2,18.631344232923063,182.43999837493743,55.62974253241048
820,3,12.845949971152118,173.28499303021357,52.7129062393657
820,4,10.13609806813843,136.03865500130672,60.95666102767944
820,5,9.381389166237845,213.2599816881139,50.16582968412686
820,6,23.68909028918961,348.4650160551538,81.03508414962523
820,7,13.290397097136255,263.91716782648274,38.71293642952965
820,8,17.84496333407929,249.39417044596993,73.34830195919149
820,9,7.943426669606337,69.38383857743887,95.42127621536781
820,10,10.904462201253176,128.13898337192455,63.71291656478731
820,11,9.265260410811736,432.49352802944486,35.75655977355716
820,12,13.124695524159625,363.04497670211947,76.23709696846008
821,1,5.015483637633375,317.9730429693056,71.52217505739404
821,2,9.10896853181237,262.83398137261355,110.24626456611874
821,3,7.300700061869781,15.280281422710885,75.08823588659266
821,4,13.753786029462571,313.9544186659425,2.111210770896747
821,5,0.5016897417786144,239.7409092353363,57.79784901444805
821,6,7.499757261663049,417.011260552678,49.60439083167063
821,7,18.61715435483391,331.73279099527747,6.403886844125346
821,8,3.791475940045345,7.668214545654905,67.2504548456014
821,9,10.686754424588653,402.5140885017854,73.80330770493356
821,10,0.9142684047421863,130.69107938325396,34.417459455243744
822,1,26.16451812816756,240.0225491126689,11.874891317584762
822,2,1.5218486839365113,291.80138533646823,57.72479898354236
822,3,14.450092745918761,49.013235057014526,124.73129000070556
822,4,10.573290664370107,263.6602181666865,74.95692773754223
822,5,10.718748787566868,395.8330967553085,28.802647303247134
822,6,17.1562625688324,399.9712853330779,91.46556633992759
823,1,8.01966186333039,63.870738123520056,83.77884319091919
823,2,14.72799818146947,98.3792468070871,77.28431961455459
823,3,5.583266012270851,273.5906485905037,46.86364122261989
823,4,14.297890651173546,198.3552345858654,0.10840310766737815
823,5,1.2674492383487106,1.9815208430844677,5.468682029643624
823,6,13.068678462576283,344.0307376545203,37.548748115087534
824,1,3.7264292222719817,204.57332214282985,28.94386926479679
824,2,14.334933329566649,189.27371428025444,52.94873896943856
824,3,6.243599116751739,106.42069269485694,15.975303329835356
824,4,16.075014387356013,10.952625074397133,21.166809223601078
824,5,3.3651344342926564,324.92581036807474,26.627364812813752
824,6,16.743841628639842,287.439576101238,12.227166594846224
824,7,9.29195980291802,54.485989013614386,65.97995944985671
825,1,5.4121847964160565,263.4432199903939,24.830855523016105
825,2,11.20080289517356,63.59229620194668,76.85906177848764
825,3,11.173964923547139,262.8470221862008,11.855699059433249
825,4,0.31310214380129686,49.52829192661682,13.510591802061583
825,5,10.076200393976967,488.2725515019355,34.02991888070443
825,6,5.948723218196052,191.86181978145362,18.551699895612387
825,7,1.0273754089039624,101.81614293262157,40.921703244678646
825,8,23.01582496878632,126.7237493341273,57.791204171472515
825,9,0.3964176602504086,304.08083632740113,20.42805899153386
825,10,2.09431989603236,45.786134098558335,24.323097458104858
825,11,1.9070970694821732,243.692649210662,6.626078759102313
825,12,14.520984932410144,123.70702121611467,13.321443144525318
826,1,5.217147254825305,242.81892390220702,90.04447878944721
826,2,21.411377601232356,26.626041433800083,30.337597753976954
826,3,20.20652776528743,498.8743113034965,39.52177474965513
826,4,11.89933661501706,252.6778036341167,59.37140584408624
826,5,11.733119379393894,404.7286081378511,22.029722244379116
826,6,5.4132409727265705,295.8108919215696,30.150777580478866
826,7,12.00529060503463,362.9857857395784,114.00516397761864
826,8,11.942126078275557,423.4255045425847,55.674531928285205
826,9,7.8752619529757615,31.46752822167244,9.86842035617223
826,10,10.033011726421039,203.8474323783647,59.17767611682268
826,11,22.855456039578264,312.6691747129312,82.178643627451
826,12,22.795847744088988,146.5330218763773,29.643607811400084
827,1,18.557192669228648,290.60870091618426,52.49938767007398
827,2,10.61292661056138,166.59053382911276,32.60856284735287
827,3,3.0068647957969805,321.13164930259154,58.35674925869259
827,4,13.103794249555461,27.36095991216945,101.16276763125467
827,5,7.671136327653557,283.9191977136844,57.65473780157369
827,6,18.362780603552206,476.7468034319025,96.3757405841479
827,7,14.330409041470453,157.433485247041,69.41496059313046
828,1,5.976418926271487,300.9142761351001,11.742056430592982
828,2,7.273738522216085,289.13055972290664,23.692011312876122
828,3,7.51506719677874,48.81043777624225,68.0328395049232
828,4,3.82207852483807,76.83020592678429,104.2094470708729
828,5,5.1886448925510855,312.8729830717865,93.96913381561393
828,6,16.421089476265184,162.6263102650876,32.91217069019994
828,7,3.6067852386996337,64.22610966719861,80.88912405662356
828,8,14.74035798973232,271.54625279970213,63.52517931318425
828,9,8.759504071436798,294.43047142852953,101.46212483679318
829,1,12.092402259699869,2.4532910826042666,4.979083714343453
829,2,33.89468185509958,168.32703871949514,15.734128960811319
829,3,2.940083719725454,120.88493943561976,50.19946014694201
829,4,18.347992588626358,445.08285194032624,17.021030430368228
829,5,6.0241668383006415,222.27602244477436,20.95859004068066
829,6,18.34980538096579,570.0074032324308,50.85334231682437
829,7,12.298995147216583,112.10564106785965,63.42982811071681
830,1,11.61648734827759,224.09327376221805,72.89963521808548
830,2,8.166197016005738,455.116218131139,0.6082099512592194
830,3,2.0814291371875413,71.302085291286,33.18352477169742
830,4,14.712188703741765,282.70515489239614,98.3110596710238
830,5,2.6035324970613463,311.8192182118251,52.272962485972236
831,1,11.166105494091015,163.4007500611982,79.48246044898205
831,2,15.793748852900135,87.27175415254045,54.89363173610241
831,3,0.9080602539494524,161.43190216546037,14.898152823371497
831,4,8.527898323104068,138.5523962726403,42.72549370500967
831,5,1.6999435467142305,2.306235676477087,41.32830787397232
831,6,20.460942851906495,309.8035999503832,67.35979406765837
831,7,5.831847244305511,58.31805936731149,74.98694591183384
831,8,1.8451716800859401,444.789434990055,48.263585079524155
831,9,24.102156808373884,455.50390419567077,66.85212058076523
832,1,11.273797643152001,3.190815123737849,84.15697688114726
832,2,9.726795066253455,40.69450005867705,58.766808547617316
832,3,0.8318234860773792,229.25706208283273,13.190259567034133
832,4,3.7759120713017307,49.25859214507369,25.696099427825825
832,5,13.513075557851247,388.1104003435331,107.10265436619727
832,6,0.5839811917584559,166.3202543347914,25.59058771553473
832,7,9.255753533310271,411.5692739536976,56.44607960749243
833,1,16.07436872373018,18.178201649008486,23.109669039349868
833,2,2.1926060886076053,213.82337398110013,74.96261548491032
833,3,17.218567762467153,122.17328168348807,105.51805258097913
833,4,9.829444064077116,389.76832845863873,43.70951223826123
833,5,8.383272026166733,286.7648166506026,62.3181483875358
833,6,6.121412371177868,373.2895453860105,11.73229106680806
833,7,14.04907724448491,280.17180090101317,92.58372347940002
833,8,17.58939922124665,172.70862981759365,51.31163750035778
833,9,9.760519626338635,461.8362250114345,76.03911249472353
833,10,17.306435677710642,162.34258984645814,4.932566088961181
833,11,3.4517171295774407,351.87472507586506,20.735632546363625
833,12,32.36608540382361,139.1525568082006,64.04853126475413
834,1,12.445881133776956,42.18645949040612,55.60028165117148
834,2,10.331259172987894,207.76238052378724,68.57815544419225
834,3,15.544290530014266,158.51670038646625,16.764086788068916
834,4,5.411171369084299,176.24922468711767,47.189964169557214
834,5,14.43916929591304,248.30144447137337,97.92981341665026
834,6,7.898956982815957,98.12574151356158,44.403681099684356
834,7,10.208506765472618,214.9136392328261,39.76185568414687
834,8,17.600718123296307,347.7965804080835,93.5027962810606
835,1,3.093266105744826,58.77680296210224,95.77482162781104
835,2,7.418377448619142,279.6138131936751,29.268908747827652
835,3,5.21773802807941,326.05742709435106,71.03979939636487
835,4,2.440294509788089,302.0279997339263,17.354211245948427
835,5,8.137453366361777,24.48098189517279,63.73399140969712
835,6,17.611459876415367,332.7457316220434,13.692156787529548
835,7,9.67673719267747,35.88543589119374,104.5736997380107
835,8,10.133627175541744,297.4986305815334,57.965957595285246
835,9,5.6171750771961335,116.92044077217277,68.22976889945517
835,10,21.458403703199373,148.56714656792707,96.96595788884301
836,1,16.458803518849997,176.10565961571885,25.7346173510956
836,2,1.9344055651027592,72.06678112544637,17.354540397956377
836,3,1.4228462853952664,150.64335571364225,4.109920353013933
837,1,14.990309541596023,40.23696737318758,34.69812739451946
837,2,3.434066696990133,266.40820883099985,42.75382835739453
837,3,22.41154604150074,99.4360117445111,8.415877330925419
837,4,12.077178341934356,173.5681386349639,70.10046737750167
837,5,9.568295297571915,178.89639966733853,23.28122432934211
837,6,8.112872527407918,29.45035393290786,97.90674999509785
838,1,2.3818073146695653,185.8309195809184,41.19056341607789
838,2,12.281719157777019,289.51485083033236,88.11464974464619
838,3,10.223364551472118,121.55410304034181,98.96285553188577
838,4,15.075941226722303,292.7212912344876,48.42236924073281
838,5,18.513783014686453,11.440617150853939,85.71980847609701
838,6,16.215853342924202,64.88540798419072,22.778399453445992
838,7,1.005622787940741,276.5576273932501,53.263486576527185
839,1,11.562482689982774,84.6065995784225,69.7435394349677
839,2,0.1400673277886817,217.76368189870914,86.18629927639364
839,3,6.714702730777135,382.4077587842661,20.120384871712787
840,1,19.691797988956694,292.7764403222572,57.971476404859494
840,2,2.2878480901402423,309.2658795418755,79.65346810603378
840,3,5.6607559393914615,233.95623447742219,44.65516982388783
840,4,6.232313093384023,261.53513620812544,6.762893575568569
840,5,24.27213457500759,279.68393914838634,45.60906862705421
840,6,16.71217958446707,317.56040848924454,20.208327511205653
840,7,6.464203398935306,143.10181092120825,7.115958377359021
840,8,14.668049395542184,227.48988032344928,30.27024538800045
840,9,12.429208302499205,120.21618230162682,8.033347791523617
840,10,3.3727640844864855,544.2566277130134,43.92200186531802
840,11,9.339338737526955,278.49175449831324,89.1530997117343
840,12,8.41861593785686,366.4149080777976,41.193035351495375
841,1,2.7833648549896424,92.84922777921918,82.48156095191297
841,2,9.604009029287793,283.9629313403025,38.81391571169971
841,3,3.466283190576415,289.8497601687743,17.644109151566354
841,4,7.144477312188263,16.41271927419305,12.591985363047243
841,5,16.270059125215354,357.17957035196093,93.65902995247114
841,6,17.66448075375935,146.89523476450177,76.61571880223306
841,7,17.370212542550718,69.11164776147007,57.75089185129411
841,8,9.106873462202033,80.70250438828975,63.025892951597925
841,9,4.997999788103135,357.68365703734423,19.50590513311935
841,10,12.303780147712612,216.82696696633315,18.91935958595093
841,11,7.757608532901287,253.59176176104467,90.94029767221485
841,12,10.129761730363843,335.91338632677594,71.49466115466018
842,1,12.221321621829382,191.13461766876813,101.43646071138471
842,2,5.093461311333762,103.35448321217925,37.27142577356997
842,3,13.516553383469716,295.57940097672906,27.58838092052872
842,4,16.278000149668156,52.94871441346851,78.51471806109535
842,5,12.503708780201674,202.6096452002135,68.92495505594553
843,1,9.166625084219342,88.52810063302053,54.762241639843154
843,2,12.778740624957361,258.90726186698515,114.00850659773363
843,3,5.906110960513231,447.1722478439848,35.48904680861545
843,4,0.5564368402747419,425.8297775287197,92.10765440757368
843,5,10.952679088402764,112.17750862276681,41.65207315676979
843,6,11.787977059442568,408.14989391920847,2.6479193914363393
843,7,8.52782680587261,160.49691875670277,30.61616939420917
843,8,5.465445169925697,441.08511013776945,17.9225383377604
843,9,10.94322834295448,23.012905626004397,84.72123427642896
843,10,6.549192519765666,130.54171350184657,88.93515331765599
843,11,6.118008251100633,396.55682723976565,93.56326509441362
844,1,10.662373919388934,10.150054851025061,106.93521169769404
844,2,8.208841017302376,203.54202916604302,51.51569742948142
844,3,8.417699861981486,295.9440990652066,46.10863858018693
844,4,6.4090080615883664,137.83034117152386,116.5066485337359
844,5,10.414806509103947,443.7328019404896,11.749906915008388
845,1,5.480836150171635,299.5562740301416,53.33262336444585
845,2,9.738565967063975,333.943390576091,86.55684537217184
845,3,1.434998803401708,197.1082161156996,131.9883700641475
845,4,6.8768676607648,268.1102309110592,99.89043410777901
845,5,2.2429995426870013,144.0084012144242,12.875417065565252
845,6,10.731214298320847,257.7249504302531,75.73813247600253
845,7,21.016429076366375,209.52640639503733,3.895153519424724
845,8,3.8334338930773004,85.65839504543248,58.307644956052926
845,9,26.44982140330707,189.19369964653816,104.96221417304035
845,10,9.201633331963892,25.766177255249744,17.344657878433836
846,1,4.896412368278976,147.71908999792475,135.53214424851188
846,2,1.4535145623120034,77.23791163145688,54.319701886451305
846,3,5.778743825121834,148.2091720136243,65.03440499628388
846,4,11.692484170258625,368.3429770212731,27.759077673711218
846,5,3.0131485091602173,59.25119086161979,26.87393344031976
846,6,20.47729173690984,350.87023673314593,101.33337597618774
846,7,14.665231953097805,10.063414625265125,33.838800889272136
846,8,15.547479640355906,54.90776125302753,67.63053023777522
846,9,15.448157602177794,539.4841292941028,88.22144103045602
847,1,19.91608676341285,245.50885627966716,56.121270111246005
847,2,1.4135901434874008,7.008631190039296,34.05665342796553
847,3,15.652008952069192,111.49240182978781,81.53459203109425
847,4,7.4797807312414335,166.48647908875222,60.14371766763226
847,5,11.885220664924882,93.13571150951041,74.99640353875371
847,6,6.235786979275069,132.4371670148518,56.14727052707616
847,7,7.585354793498677,74.03654559489729,80.32109515041884
847,8,1.2612853151106354,189.87289887075656,56.12138388270491
847,9,10.13879007635757,375.3516388795723,47.86949760025253
848,1,12.992187832878582,293.8426147603707,84.25842751325736
848,2,1.1326870231097725,473.74480587282295,50.893820545686026
848,3,9.12716026137587,255.6947006852215,85.50015981590658
848,4,10.925516848484543,215.1019611141479,83.51353133937974
848,5,16.781919649168117,250.48636932395908,11.904423875185763
848,6,2.870182939046467,362.7001624263521,38.87759183468164
848,7,5.809679895919001,265.9947037607833,62.638361913782845
848,8,8.473052688184131,311.5327389613421,0.7205852052673052
848,9,2.1270231900439214,425.38741262762517,5.087759764711059
848,10,0.32882743581981977,151.07518878761323,48.81594075562286
848,11,6.651374147751023,165.7340747402881,6.85499242540746
849,1,4.425963590235709,226.83835776638318,70.68957546722753
849,2,0.7828988266326817,261.50959512440124,32.610872156667995
849,3,14.120788955690028,290.38811432932675,76.81312032592194
849,4,12.406430092667193,122.27363289464309,30.693428327938015
849,5,5.687141346644976,354.45984180659127,117.62762016515858
849,6,10.591004555290445,51.77604330311337,38.87777532137146
849,7,16.853038017278656,283.0920898802794,51.357398662755365
849,8,8.149823502504585,53.26659841200012,41.404836982651176
849,9,7.28661119207447,136.82202628668827,61.26496489080127
849,10,22.253169915913325,202.96780455232664,73.93190986766297
850,1,4.479900016504071,511.51948779943206,36.61194128094543
850,2,4.305201991061251,171.53198811427808,10.7323713537169
850,3,13.68304177586342,109.14974273622313,38.500633203805116
850,4,16.774452031654736,293.55398152642874,50.62338290278635
850,5,11.196114701228874,201.83831459473123,32.75379734330542
850,6,9.98231337406549,273.62624382394154,44.95351484084642
850,7,12.938373411611916,74.49968323654292,25.84425395417181
850,8,4.859756477082173,115.23029423113904,101.48724186824364
851,1,6.049808615418394,136.89632922496713,48.58388312676916
851,2,5.911500030744339,285.58211661764324,34.42406043109612
851,3,17.807198949627377,76.73241544606543,79.84641197291083
851,4,23.512830120117165,465.2215427661695,15.619839419039408
851,5,18.067128130472863,133.23156457855424,12.24802091660333
851,6,14.20489369637189,265.6266705008907,74.0755666800754
851,7,6.59528630262691,32.629405990543916,22.310832461631875
852,1,3.9692663621926343,89.77750708303697,82.70582904313562
852,2,1.1156062108354252,78.24872722173376,26.820388249834526
852,3,8.05115108198559,148.21417614017662,23.616940349783597
852,4,8.287235929719532,232.32610244714687,15.119245199756925
852,5,17.015126669543992,172.54134081512717,89.17662985014454
852,6,11.844751532795641,10.961293142947312,28.198359782484033
853,1,17.454920144223014,193.8479628473711,10.253911522694409
853,2,10.002546843895617,53.82538041949641,26.801709427432264
853,3,5.80342960472481,179.62522476110098,104.5908039076967
853,4,10.744554069918822,224.6622411936964,30.919900463176187
853,5,11.983277930031594,195.03715979313398,46.64787768236805
853,6,14.94947303929103,58.77475489590395,100.65924917381236
853,7,8.869637344348003,186.03652412464078,104.34884724733506
854,1,4.809606921779764,442.6939526571358,82.59940141616966
854,2,7.399435421487134,264.14544883285527,40.56846726957189
854,3,5.151242245042802,271.2036836727507,37.02792458719188
854,4,10.528486062995823,353.20448523495077,86.44852415181506
854,5,6.149346957007465,272.9047403430629,4.885750154169763
854,6,13.152899129209935,222.27429587016584,65.15917449453723
855,1,13.822887189608021,43.15431991920241,118.70119012554115
855,2,8.813006394432561,337.5784161703019,0.9273898309804736
855,3,11.22776785020241,5.561559788564551,54.84463440122631
855,4,13.026990965849116,273.1862134786812,19.290891447472127
855,5,2.943281298388733,243.87489105766778,32.8568964321576
855,6,6.996309149686585,57.181438677795825,46.65110259236712
856,1,9.741865524004645,110.30759824732831,19.69476905004997
856,2,1.6292849416715072,560.6936738108705,73.92672535811025
856,3,16.66095447540673,187.9205525320353,80.3485529932764
856,4,2.3659515526417447,355.7447617654401,17.206235257604007
856,5,6.280789264718608,275.7726605681978,62.65787034328861
856,6,10.592340338754841,4.464423037047823,53.99254675286567
856,7,16.723929474382597,120.12693558503089,102.59748181361184
856,8,3.891156448601934,200.98218375775608,111.41310933506452
856,9,5.230200611102733,358.0978225065611,128.98609448887237
856,10,11.197308482469051,120.94745189250396,19.090447881999054
856,11,19.132218923431278,391.50412990094736,107.97236491474702
857,1,9.77013154540837,120.10170900886337,61.621283793592596
857,2,28.958819865073444,317.46082277460084,31.00298621103176
857,3,8.444129537526491,182.93977936437244,54.63227868006864
858,1,6.368746077933588,234.27155376378025,78.24916922035334
858,2,12.002530849403769,229.16918238256451,54.54074614410058
858,3,8.776588089169861,75.40010109101696,51.87384289580183
858,4,15.230932587105453,182.70546666042011,13.18546427533402
858,5,1.6304889831062326,56.93264301186733,4.250658420141818
858,6,30.238482948872885,68.3406726737283,48.46277756953642
858,7,9.392611334665414,411.99722501052264,67.17496301625023
858,8,12.971461573828913,226.15784982986523,61.00373011999088
858,9,12.255786093199754,105.88885425149635,13.305619396526389
858,10,10.410494372225282,119.46155376204025,57.37466655236429
858,11,2.445141660259118,21.063701172846407,1.1729427952778408
859,1,9.482852240783767,44.826394257904184,78.1099598489363
859,2,13.56458562566129,62.67920379435455,84.23415432036549
859,3,10.417310897912493,279.5335935651201,80.9643605025378
859,4,12.554930967692318,76.90865986147736,91.97220453107029
859,5,15.409190170327916,318.1035963298245,3.1724874100813594
859,6,0.26863408933621535,426.9270087542119,24.47626479586125
859,7,11.767048654847235,380.9554812490808,115.31874938109038
859,8,14.018966764502085,121.68395121365303,38.53427814684973
859,9,12.594889576027338,226.23316051442427,21.360318847187184
860,1,9.174226910819211,118.82463548217473,69.82344570038829
860,2,3.8027070729696293,213.47511831926826,17.664446510829272
860,3,5.801720332888312,244.59374415581084,59.38870931368622
860,4,7.080844721951477,159.5884072500998,8.144257804380963
860,5,19.8193501740649,303.1184596817042,76.05792203484427
860,6,1.1652255186935072,110.676501126607,36.61815884305509
860,7,3.5174304442380873,333.492514411413,108.15537954192544
860,8,24.433544692025297,43.11742587233954,54.69293987337095
860,9,19.25972788405295,161.95722815795693,27.32048344629289
861,1,3.0621237148114364,257.514105296322,85.75355243853612
861,2,13.600183427761046,300.9983413296183,114.18091784887213
861,3,8.519776149842482,457.7488385219856,43.8251183917863
861,4,17.886560941271338,178.63844597609537,131.53223303038723
861,5,14.535423118335018,185.57417630385515,2.016691382940728
861,6,11.443492587754815,77.10841626300281,67.63999778820629
861,7,14.612775111107615,356.0541359257311,71.50826602049668
861,8,10.560405737577508,398.6854727289559,107.61870957605106
861,9,2.631049791080124,464.3116711450955,99.16184635896128
861,10,4.028201975659749,81.87012614977158,98.17889639620641
861,11,11.44371946339206,131.69839471327205,62.55705786517356
861,12,18.30394789862325,104.73659864666774,55.047326290143886
862,1,10.401827839135176,155.44285601083595,53.63411821273051
862,2,7.171533782046308,144.43765923749848,127.69589051331634
862,3,17.094009161421212,363.79609242082245,36.35793675546651
862,4,2.03133834455309,571.4132607958306,25.328675031162334
863,1,12.164922501583,202.6094404131245,104.03978841076203
863,2,2.5734153996104636,5.563642824196307,59.43834813559623
863,3,9.737801089477928,228.95716571800696,28.257691684902895
863,4,20.78911923394875,230.79611548100448,147.87575117943163
863,5,12.894573835970132,139.78509484203363,60.198277611907336
863,6,20.356899941863425,91.92999076461322,73.37988402071682
863,7,13.06440748287521,289.1097508588494,13.641126168755221
864,1,6.979927147115105,40.43376478959371,91.68991332193599
864,2,11.77253363387209,502.49186351914665,30.640664325469164
864,3,19.35958224289756,211.9872656761821,46.24843246446605
864,4,7.97431805663048,73.22791208847407,64.96991674533078
864,5,11.479742154374332,35.902415390927644,50.44850673941062
864,6,7.809023924971319,374.29929013722483,58.88284466671768
864,7,0.8809858526848604,66.07689006093636,96.19185311734138
865,1,1.5712955050274768,349.2052822741481,134.4503113689969
865,2,16.902630097617518,286.48562938026186,96.29235704573748
865,3,13.938487642109646,108.80106926877427,16.164680499049055
866,1,6.669696559136318,390.28761594052514,44.38767382892364
866,2,4.535270766939765,313.8881037629387,15.890521238916236
866,3,3.0977056191203545,162.05729336868367,39.26465610832187
866,4,17.304078863874622,380.0541507957135,45.9400235821408
866,5,8.543954408977932,83.55098403474625,45.60503683988976
866,6,7.89855114926786,132.28959299274072,46.76810208453387
866,7,4.5046736468107955,103.44691871027808,38.04654924443581
866,8,9.954581518810425,329.42405142813647,67.05657815376469
866,9,16.168133223617218,285.9094230500496,54.58840489588484
866,10,25.620789787278902,92.58306523481384,13.47798273842102
866,11,8.931731172930222,190.9673327846357,55.51769470979769
867,1,3.3197292999575296,188.2232442857366,59.230741546584284
867,2,16.60167925845116,288.9535215819621,88.18359362041343
867,3,4.065860391216399,123.70776588670141,76.1438673578387
867,4,14.700343700024604,98.20690736946773,74.4633570312697
867,5,3.3952751834784083,272.1583586212691,48.94815196537436
867,6,0.30895077265564375,134.88892673608893,137.29071238781972
867,7,11.419462539634964,545.067496507739,7.757061195001455
867,8,15.255192548646896,180.15042877106737,49.990580603408674
867,9,14.418521643559247,325.68351424944143,18.029211016783478
868,1,5.333107089995593,158.62584531441058,59.84720935353249
868,2,5.488301825550229,343.7885478041341,38.16439513624033
868,3,3.1658716068630497,222.6149996286772,82.29496575265244
868,4,20.06621620844325,282.9003450534146,96.12539514716731
869,1,2.8392248059235268,440.96875519679605,82.55146979688385
869,2,9.501960064662754,389.72054273257754,13.279505788141506
869,3,4.75461089915971,162.13704173894428,139.4273872570207
869,4,2.5066196938861607,56.09589126110103,7.775420579930824
869,5,16.343511084439207,110.87115941917148,43.636533425255465
869,6,15.33982849172139,176.28730580631327,58.165864180322224
870,1,9.880798007534974,230.80712233051833,20.215970661144695
870,2,5.225299689323776,436.2504308444584,17.304535152605524
870,3,16.316742179027322,248.94688751870905,70.45248166258517
870,4,14.436286027239241,203.05045927644053,27.238139844801545
870,5,4.78571703517976,150.390806108448,100.0197892578674
870,6,0.5086283882497202,153.2706475433927,10.585386766360621
870,7,5.924983229061015,181.36526653070948,105.79513365390659
870,8,20.52292317985159,69.60785081928344,10.470180753661438
870,9,8.839947241994102,314.2203661330667,14.112319346690029
870,10,7.407016218135017,355.3448756139712,96.28149722288515
870,11,7.86925882783987,100.1814733635245,91.9670482532747
870,12,3.555674462206218,280.66164398449695,14.028968156342408
871,1,0.8757690993940344,397.5998371837767,106.79504539193863
871,2,17.17092454173779,69.9996023580371,40.987484099178374
871,3,18.806471475236947,266.6172676965031,24.471896570933175
871,4,8.510797748533747,28.71473128399205,95.96821532694962
871,5,9.286521229990495,461.4489633688893,23.038938093323523
871,6,3.1994604789989385,192.07891538336924,140.45404596563557
871,7,10.543744075627618,86.0301422177644,50.711020688957916
871,8,5.269236643952925,341.9475931310298,84.45377744069074
872,1,10.932081697201308,460.44857132748336,74.80207470556336
872,2,16.45756157623375,228.6184905030182,14.623547938723092
872,3,2.697177293286577,512.4214985312772,28.727108990751145
872,4,5.682740590936475,236.8494862065874,72.0161191331971
873,1,17.559090239694527,0.3931881318145827,129.34779058269942
873,2,15.216216194065822,92.9777980104775,9.76858270136401
873,3,12.013878558450138,66.55717840262864,70.79701823286689
873,4,3.100455868062131,9.107165903827934,28.38643481064051
873,5,32.88092088829465,35.7868599354654,100.27489243589122
873,6,4.695488208714567,186.6728808508874,54.98702594365422
873,7,9.565264133918635,208.49449413900018,63.525975306236546
874,1,0.45619386622329294,317.8012515400365,87.27419272332031
874,2,7.824500966878327,92.37062506525385,31.17967178323299
874,3,6.391488880298945,100.51981644538591,61.88568755696587
875,1,4.26526741089932,376.0892371032214,113.38958572180479
875,2,10.318265683632355,98.02280980198235,70.51278254632902
875,3,11.36493204469647,71.13440297145374,23.647886945128963
875,4,13.175058965017318,340.0160612252821,37.088391947384494
875,5,9.516065045783629,300.295785576662,43.10052463304258
875,6,7.904711186928809,86.69887704091613,19.092615065038757
876,1,16.557977744516833,161.96015999019446,88.65221797563441
876,2,22.852002972044094,204.11875744868095,20.17591151432657
876,3,0.5085104183353497,138.08702989478763,108.07046313368852
876,4,20.602221816684402,351.7188506911637,37.988189559353565
876,5,15.51231940267852,245.8833403973183,3.5689493968608446
876,6,18.039665448884612,276.45406759193077,79.45666902426863
876,7,12.284226194197533,220.01830914677768,64.13098281087221
876,8,8.006112360927958,291.0561031169497,128.05216065156173
877,1,20.112189255902607,369.75364267070813,79.59106913115174
877,2,5.976702273007096,346.95563341713654,67.10299873195285
877,3,0.603738818898389,22.36117609583752,1.4011085573466602
877,4,1.6478817632382157,35.65376207360691,83.46089036042315
877,5,10.575125719972004,332.423153702504,5.2002175959243715
877,6,0.7929352107769869,70.52354870274479,77.71673339429564
877,7,15.236797421130412,165.9355186257227,62.89717941005617
877,8,6.453827922243472,91.15422886094962,65.90614410692584
878,1,13.805766292136855,364.830618176598,30.174893047570897
878,2,15.55400761791735,374.4534954435554,120.40330390153913
878,3,2.2595379975820773,261.2774097481652,11.540432037541414
878,4,2.972545876089516,253.854165860897,53.098232591845544
878,5,18.015010349653892,148.0735325608686,44.63794255211956
878,6,11.480529836367293,70.72567228453158,21.077206199362763
878,7,17.812690660407874,117.65674380783368,97.29906265798742
879,1,14.251188064678061,13.942373009474892,41.88901428992612
879,2,7.115513254840929,308.2721591221104,52.96361606069789
879,3,6.889901687278431,382.6916726044757,28.804595196307208
879,4,4.406283145496453,288.3566173677245,30.979534613235355
879,5,10.460116465270659,459.8031610813138,30.411416686853247
879,6,3.237454255752769,167.74349080813352,37.70548463841299
879,7,15.365935855857648,5.20436189678577,157.50590620182396
879,8,4.958897417938903,278.8188719243163,87.3767043548601
880,1,11.340997238583036,229.6039377738385,111.69380731471396
880,2,4.4494381037156385,201.59419745938033,80.3458870237531
880,3,5.001203633351429,210.96380524458215,89.28471501387708
881,1,12.618126002587706,152.40188859809138,99.62410446907177
881,2,8.8496575301717,106.76899993789374,34.05752308508225
881,3,13.508834919560117,637.9008963330691,104.85715167114225
881,4,1.54552635212886,235.4376296215122,18.64032333248405
881,5,7.242788703466158,154.10173173883283,46.55255555986434
882,1,16.1465596577222,409.98831905314097,14.88347665558949
882,2,20.27281589375444,386.5372580802185,71.77202459323411
882,3,18.5084486794096,74.7360394587601,4.0950829899672385
882,4,11.988793067451294,141.98372040525723,18.597970340349214
882,5,15.655791861408213,238.625751786423,91.9725805850334
882,6,7.39669957810758,197.53586409035367,111.5853867112495
882,7,1.0162561612916576,187.07335148246906,15.023777477420936
882,8,21.86841253594725,560.8631410493219,58.39476868421169
882,9,13.44853578667285,184.44306215116393,44.306297434135416
882,10,10.58487509670811,2.34322065139483,76.41177790717427
882,11,3.1024285913835046,146.9224709657335,51.32724164841586
883,1,13.286517368328916,132.5473815054021,4.387163507443589
883,2,1.4509909603416524,5.655749079204156,125.12168141797525
883,3,12.014673478484589,112.5550671107161,11.605615793869426
883,4,4.007245117242548,108.60509082404323,102.6502086502061
883,5,9.790395870595754,17.11996259109236,142.41837098921485
883,6,2.0188720244387195,111.3747035114199,102.40577550535528
883,7,12.906047428263467,129.51155005636855,0.7453229562466106
883,8,3.2331692375248133,64.02558213853013,50.28127191398198
883,9,11.337432720969126,177.70180570529863,48.431447443026826
884,1,2.6449376336397545,303.3642278799226,43.46002703535235
884,2,7.365701383712047,131.27026462319057,75.07421745418768
884,3,9.009028908696914,250.0936636796973,20.17077306861014
884,4,10.513505840400905,34.781998840340634,26.624654541211218
884,5,10.32701873443685,88.50598254903943,34.13136788512144
885,1,6.69021505409696,106.54980261604642,39.76064301697397
885,2,13.486960331957661,114.11071453881709,84.11673368494505
885,3,6.625911809585517,116.06548008954722,143.85797427458857
885,4,1.3579111644581356,317.2577057926122,22.257586809420843
885,5,14.607243889563803,603.7692010721737,92.28169044784237
885,6,19.36648292507584,185.58764203119688,87.69073754698044
886,1,13.79272422120916,374.2866372544651,7.792696453008517
886,2,13.114714337850986,307.89286377621806,40.31204856772199
886,3,26.67404867838355,70.30372309500831,47.75198104232318
887,1,15.116605751389812,113.51136117712856,116.86446770641466
887,2,1.5422398444173915,370.490882979975,26.50230226303914
887,3,0.7334318878219879,455.8576642067204,86.9238778825011
887,4,16.4400068916053,255.14833201831618,73.9640653231072
887,5,1.3748938267636976,216.74162858669908,12.849479981966198
887,6,0.2774163665586187,261.64299960620474,96.32598222638178
887,7,7.316418230403553,168.19806614981874,4.473974196678405
888,1,22.502254233694906,204.88955699544985,30.985153956793386
888,2,13.671791722071445,305.0082355331232,19.486477398980213
888,3,3.4297224576920415,46.29330219320266,38.44217993537001
888,4,18.5173076685276,299.91752564525797,94.95465982767706
888,5,5.419408936179376,175.49224729245128,26.229488227673997
888,6,17.055078479340644,401.41123344103903,7.337137768019559
889,1,5.771265325889901,160.89754105335527,83.68319864407229
889,2,6.503440130142765,302.6638965090269,129.65463715530709
889,3,6.84833352244862,167.44744393199105,40.42293216385119
889,4,26.708936355535442,124.98333206868448,108.79872919305848
889,5,9.74866782975786,225.5403971573785,83.13283678022358
889,6,7.3910314267902155,347.37823493560234,38.92769641359703
889,7,2.520258923737595,352.50412274093867,74.41276504092788
889,8,5.897217256444326,372.9133934267779,10.624992588936337
889,9,12.960207907867009,53.90567402041589,34.428837845488864
889,10,4.104504959664541,11.10939335382568,50.9804753828424
890,1,3.943884761869075,203.00034781987193,34.46807355030464
890,2,8.441699919032349,102.57566409625097,49.515433951536046
890,3,1.7391813165018988,203.90080543485308,52.328357869215836
890,4,4.8288996273075835,127.12305477564804,23.73931032497657
890,5,18.842817611430032,185.25498199756706,19.65941569647424
890,6,23.16874341047241,233.01017673033692,63.948611726631114
890,7,8.308915806980236,116.31004221119498,57.53732845545779
890,8,9.99193158707055,83.79086809976957,10.97595119961327
891,1,6.892983597855022,266.8356490868625,18.36788134442213
891,2,17.956411962629463,156.240998952815,11.623252780107713
891,3,8.368053346131761,341.7844416237867,33.34978823184143
891,4,17.566908928626667,339.5480197657367,20.402483416322987
891,5,5.405349015292916,93.24713680417302,4.881318012229286
891,6,1.5893277661244127,99.99450337046558,54.234750832198074
891,7,0.849725778260396,245.40037813486333,12.949737130397807
892,1,17.679826222684518,112.2162226487959,7.022714856499945
892,2,6.14658915205715,276.95238961769303,28.589970855551368
892,3,8.679320259337903,514.1977179659227,93.00682929135938
892,4,11.594991723584181,239.14803954804773,21.587570074948268
892,5,7.06059974379332,158.40686228695216,54.20028859568542
892,6,9.69118794629746,30.73321161426955,73.8416862849116
892,7,5.985547906089984,488.3518756499967,99.98521256680579
892,8,1.6308682590936936,162.01852276901596,114.33132634388335
892,9,14.638908899314444,213.3610067419599,43.009300957912004
892,10,8.477029251394933,231.55434271233716,32.238895547710115
892,11,14.293637642230188,94.72332089426673,62.05188313226252
892,12,10.9227832283678,161.68585205272018,81.66275473111371
893,1,11.969011409683638,0.7272571109798207,51.90283495469135
893,2,14.919676218259738,211.18554177949744,6.892996684386304
893,3,4.788240866572138,390.0847315412233,47.1690428294256
893,4,4.264984955918429,388.1355932137782,111.98675287017409
893,5,1.7487030856730446,124.55343669423436,36.225183694855716
893,6,13.732452741517125,172.94471382334308,54.89720566831077
893,7,8.97774148223598,529.9837060201129,72.9405992623392
893,8,7.94474057618346,158.3222022381065,68.92569961236393
893,9,3.3139420288622308,240.5196409226937,56.37107269598924
894,1,7.30426236208883,90.10457269285814,7.3823304179765685
894,2,14.647251882672947,329.67737986530193,65.95748776669794
894,3,4.203529647418091,249.60950526461937,26.50713605862626
894,4,19.261064880956283,5.277473654384494,5.181640702461465
894,5,10.807045886991348,230.62393403630685,47.09005606192862
894,6,2.229104413123924,370.0021990404938,17.437968042770024
894,7,0.3828829331391148,183.9525842068278,0.5693592737755111
894,8,18.558376933931477,23.267804688062768,112.2810860884125
894,9,17.245855160401014,385.25836032613756,125.48423931812982
894,10,10.56859546867036,48.05381062700636,45.87968496925433
894,11,6.033340762137261,93.62130912294164,56.034137472273294
894,12,7.818070500545774,87.16854735245052,40.18390429650967
895,1,0.8137934307267987,373.7956256407085,57.790563200151155
895,2,3.9936206470072246,10.374859221155816,18.691678953207802
895,3,3.471216445874891,380.29743511770016,47.73480765664956
895,4,2.1360761619102684,244.46957331453294,61.13979998934276
896,1,19.608799320724884,144.0326052061721,44.573063247078835
896,2,18.22057158746283,374.53449095328176,8.228670679405354
896,3,3.623295124495513,198.91974435480202,75.86832319984603
897,1,12.205541658077781,397.7091934756087,63.71980456285224
897,2,14.556521357499648,407.29239823009925,79.88249000362714
897,3,16.411968942069883,141.5872200076368,109.93246174998721
897,4,14.869806977532875,218.90985767607464,94.0429754757241
898,1,28.11481348432349,212.39668097985037,16.632295837647547
898,2,0.6064270828152072,269.19809373307834,54.28519141225006
898,3,15.533266082151568,189.5209306575548,92.77655058926884
898,4,17.53756144375956,7.488922828461995,106.31982101779256
898,5,22.53286281461906,0.04695349032991203,54.30574668544779
898,6,11.387320159990793,69.64597108551322,36.79840867946848
898,7,19.828724046435713,71.00383766685084,123.14648512117623
898,8,12.579836740259086,81.29364619789808,51.804878695341095
898,9,0.24421760726391994,264.2352422024528,42.309567510966545
899,1,13.636569216758119,186.41881403774354,93.72891588283493
899,2,0.4060713605710511,94.83657479358283,36.79861414996442
899,3,14.989071985865145,232.7761379069181,135.73463930969672
899,4,4.359498721182748,9.24833478709769,121.56355931732244
899,5,0.01601008752668065,302.45940670985675,10.853198319121226
899,6,4.485228455933802,143.7824309280152,85.9799984990864
899,7,1.4476023806884832,286.41420922172466,80.51454244745807
899,8,1.098169009364872,165.83580669314443,113.08299289308655
900,1,16.716023367964794,367.0290642563671,66.54566777643218
900,2,11.26510669699626,60.40398695379338,92.80761846566989
900,3,1.6215329422967866,41.70203800781681,58.30662281249568
900,4,6.897263096928262,308.5315641010055,69.38018817612927
900,5,21.954388766710906,260.6823183239219,92.3931342673522
900,6,4.040496097515918,306.7390307036769,38.93607681610283
900,7,6.542135592418356,64.62187414790858,111.69483889755534
900,8,9.951837199285803,81.73765502088571,77.123200294506
901,1,24.557750863896185,192.14215324704656,49.60150063837131
901,2,1.689630491397775,326.3713352296841,46.547905177127845
901,3,12.750136214196543,342.37540984422833,42.758114034198215
901,4,17.14661382859972,362.9432436345751,63.594261396963304
902,1,11.396101164943078,204.1810944154987,72.4658555454113
902,2,13.616311614347744,14.518369694069321,23.132113795509493
902,3,16.700600860432296,237.22237555489102,41.31149878241823
902,4,22.333280796239894,321.79878048293955,93.19312910171953
902,5,8.455383004128201,257.82186584065965,46.742583865394764
902,6,2.7539532202121393,229.54176967696256,47.69537195475972
902,7,9.479813709525065,348.6072518234769,45.56961456879787
902,8,10.49044331107237,217.81497969397643,70.10746852950783
902,9,12.086208841698257,303.04752969568017,1.3267096542849544
903,1,11.00956371369141,363.09525616928096,46.77959291414367
903,2,8.091817746271236,343.06341534398155,60.34230853391855
903,3,8.94114631820894,148.7462962921019,16.27718444756615
903,4,0.8362597260447728,366.7235018831117,33.031523399314175
903,5,1.9254197264420334,467.49066653992486,53.46687173500036
903,6,10.156467585210978,38.104902954648395,73.24299096606175
904,1,6.282240024898947,11.090478915781603,27.667963358564776
904,2,9.010988815370428,297.91514925552644,100.98278787740963
904,3,15.925301437491926,311.9191144692828,84.58402345554735
904,4,17.02791836839556,29.355801298933187,138.19220106869585
904,5,17.76803707194187,172.85262830849112,64.85227674270921
904,6,0.8058218666112591,161.02441699983908,36.31507321416143
904,7,7.02916273948394,322.1636232864053,54.17075828572264
904,8,1.639291802425399,23.673753042410254,28.593181300470178
904,9,16.157992258613522,166.3077743095128,80.18716559228541
904,10,31.980497822456517,65.17228025082781,63.078963398093734
904,11,20.102378908161636,126.65114246635558,36.431188346182964
904,12,13.712260170058222,581.4344668615454,75.45475419119393
905,1,4.100416745340009,82.47644874874256,14.280379316790807
905,2,9.525417235540555,16.120434304425686,114.08524874156937
905,3,23.490867094193128,131.96148718672768,5.463800262286611
905,4,12.356144272314431,127.68462230466139,96.98724530112128
905,5,4.4899738312906745,281.6769833642664,54.559743575667724
905,6,5.2661694257061304,236.00747427379125,85.14130233899398
905,7,10.607939633387778,214.5926997689388,15.088662885853012
905,8,18.00943358532895,356.68198672147753,33.577632452540136
906,1,9.12998078361903,337.08576824368686,6.690259013644834
906,2,8.652386184215079,137.97307525420928,62.2248759452478
906,3,2.113191208916292,424.97678160875444,20.32808140592174
906,4,17.411444158013033,290.77695052733264,58.5894437482858
906,5,11.724986384085504,78.49819957557798,29.83333718851668
906,6,32.7563582343746,231.96163202710835,66.43009895578442
906,7,3.427133075151467,163.49781967249857,35.732700512557436
906,8,4.816212882077349,286.17302106199753,32.92229530913307
907,1,4.927174505491518,214.2582835600564,61.52661547784667
907,2,5.302987782822032,363.16875671556636,32.55679131619122
907,3,5.539517225986896,278.9754677162159,11.70727959890116
907,4,16.34675322191964,139.67462639084556,89.57144305576358
907,5,19.01691368080409,296.02301635357117,17.521068290867554
908,1,4.982789131332213,120.76268851097689,44.789520947644
908,2,5.85379823318461,222.09294260390047,36.04351573481564
908,3,14.03579201465706,263.4689967673255,63.02943368522864
908,4,11.335403514147732,199.90652346501923,5.892531887559812
908,5,12.724951120652165,309.7934416235063,63.95940133176024
909,1,8.589437718420596,306.5161619070061,46.49689660704373
909,2,0.008490940216342224,173.18488697776888,12.053351046264005
909,3,6.754605120169469,212.9798661620232,89.60228443151037
909,4,14.662044898741529,231.32260349081415,99.92497959089278
910,1,10.331621038107176,169.34998040678457,31.94669220370533
910,2,7.913550604623445,256.85600092155164,133.21493182440634
910,3,18.52670879306399,27.924015696208272,8.34772642686577
910,4,3.3406214458139623,246.33015115525808,43.21845032131411
910,5,14.391630547462547,124.85090056391641,34.140373822197745
910,6,0.16466897599719488,365.5024808490874,25.921827105519025
910,7,4.1507141940407895,344.98572542628796,9.02919000269354
910,8,13.847862073689527,84.77904343759768,45.36310808597121
910,9,3.5435352058822662,286.6278754484987,132.0011707074665
911,1,21.183895281726407,55.11354048018785,69.03361507375867
911,2,1.0591963209204742,123.60010242727236,58.24746814738019
911,3,11.787499219217862,234.39002616431193,56.06996563902002
911,4,5.507090166885902,175.39200153667835,51.2653606471566
911,5,11.36752277731218,190.14792907895176,79.18361683937817
911,6,10.653708791056596,230.19889514324205,34.69390606753931
911,7,2.6329065136990444,223.10433960987058,98.29784175851752
911,8,13.107028615112892,77.37590881778125,82.58960103274416
911,9,7.654180525442303,307.1980970720431,35.24816540415355
912,1,12.473145078791589,446.5585069007587,10.11745307185366
912,2,7.225627542528225,371.36113959428076,15.719189942435705
912,3,3.4216703276454155,23.73927933040011,25.650620387597183
912,4,9.727683860222598,154.4775906960216,29.524794164655862
912,5,10.538428734039007,125.46913362755,22.146684991590387
913,1,1.7408761099321772,2.7340797767045046,22.551232980734767
913,2,1.2073624993255851,81.63669867321696,54.979803817225445
913,3,1.939677250488895,299.2922258994621,51.80276859412782
913,4,4.3000963414465545,197.22146895465448,55.661268490083586
913,5,23.415522447028312,236.30480969093009,20.77080329195107
913,6,11.607153584978054,226.16131228416316,74.19655308734275
913,7,28.458627856055376,119.51439711581936,23.89504946244554
913,8,13.283531943110887,473.83455277371434,76.8418418638272
913,9,7.601508086587467,347.7289457706304,121.75431553662438
914,1,4.618475025701859,128.8840440565021,59.392883104799935
914,2,20.83025903722648,353.7485642735785,26.547680245813588
914,3,9.44250616695801,93.7842646327425,59.167756425043535
914,4,10.283270112750115,27.067260161061,31.76217319319943
914,5,4.454597934797562,44.16855857348614,66.5095405567651
914,6,11.002901303262624,342.02617028412845,52.10908512974081
914,7,8.626806992623967,478.68556566936337,36.429219804971666
914,8,7.303861849511445,207.44125678553337,18.88790096692302
914,9,11.799371409053682,91.34449205040845,32.74730625937306
914,10,4.782929535657641,66.66833114805792,46.65116907995764
914,11,0.03351694292737939,371.16337717215004,53.00563715027833
914,12,6.6389737553244945,44.06090483125658,100.4425146077796
915,1,5.508234485578889,195.81717767875878,6.276929932850372
915,2,7.285018333334389,192.80082026009987,75.95761664831883
915,3,18.713525702697172,160.76792692198404,125.52240964983301
915,4,8.712667936188332,324.33127223847964,127.26030938907117
915,5,10.975158864651547,6.028993236630328,53.63615428830524
915,6,5.718499782565624,158.8351959541322,129.3990752998086
916,1,1.4406560374328699,284.39426919847506,78.81120287113332
916,2,21.964642785184203,158.9110318049576,51.69705702516851
916,3,12.97311273646766,52.569672465300755,55.423770183576
916,4,12.805583689737935,93.7217316559497,137.32735432142476
916,5,11.83243581070314,89.44100767584196,27.126577447835622
916,6,4.464797414349248,86.46631487919186,63.511105834084134
916,7,12.999392039563972,267.6206077874505,77.08113854083255
916,8,12.959007139974377,526.5378136094976,86.22714812822844
917,1,2.760199677721146,39.069308528407134,62.201827454621856
917,2,8.309121296824935,223.2532800710378,75.41266284287515
917,3,4.395953672030174,191.9578376768952,22.380289030175703
917,4,10.582297467288454,108.85649136218473,102.23179070940957
918,1,0.25376702539810303,318.01214472863853,31.157840548209904
918,2,18.680124865726892,395.1527934434273,20.119974386545962
918,3,4.905806034941554,122.34821485680503,63.26976347481123
918,4,7.875811217792067,258.3671842037021,2.0916044226765536
918,5,2.4977076244976324,68.66040435890696,17.32618142413081
918,6,12.991641220849905,236.86356528644075,76.33387774393015
918,7,17.57156820606001,259.1543048741303,21.289748798570557
918,8,7.075030274762364,157.56331352256635,60.31439226910453
918,9,3.395160517896411,421.99737951302143,33.946171059087675
918,10,7.684503248635021,170.6643798706189,29.380554862653057
918,11,2.146566755604269,386.16263328807423,24.611472405146387
919,1,17.25371048500979,253.0262028899735,45.228387772170436
919,2,0.9973654338430755,88.27095812971825,130.7426284953171
919,3,0.5583944331648798,162.29760805374613,49.34656950585521
919,4,12.243337525880882,24.575640373962102,56.96705025618401
919,5,1.8027382373017566,214.6143194293267,23.904083239616703
920,1,3.938915131575328,282.4688333155575,65.02400716733027
920,2,1.3594739616223315,101.04147606678785,32.38133673338411
920,3,12.47599478066929,62.64471431640348,8.452928631086067
920,4,1.7909130047721593,80.8553469127558,75.13084397926667
920,5,10.578950049406473,318.41035780794084,21.420736437946125
921,1,6.8666357413159815,263.83686733684425,0.7436486864279033
921,2,6.967263301833887,355.6263578656367,97.15275892728235
921,3,22.889191194021468,266.7590278899139,99.43043527756225
921,4,14.367211318789014,138.04592514160112,10.563281169443634
921,5,8.379753172367327,28.206346968509592,92.18376257151277
921,6,17.77946306895318,47.67116980618448,94.48582741746179
921,7,1.7378667035394013,416.6942669945736,43.53346261924664
921,8,13.211358648189496,417.40384575252114,73.87574814006416
921,9,9.064872331697451,331.20012459156544,11.301555135932801
921,10,3.502958371110811,371.90415714638624,2.5059702116083216
921,11,16.45295259300181,221.18491437062994,49.42011070967909
921,12,3.3849480848637183,132.45697293482394,50.54416293283416
922,1,3.0605797661522303,234.28216548078848,66.93849966405679
922,2,6.181022947943063,297.8560071139664,69.08492682518269
922,3,9.291763014058025,180.1773664797708,70.9419063148522
922,4,15.519297280092331,209.43498761099605,94.80757841627387
922,5,14.609681737014082,68.26959245902225,6.195867901685695
922,6,18.27564653315163,162.98403027936533,56.567032911898956
922,7,17.975033623614014,199.03831739422384,51.490704383573956
922,8,3.9188953704578973,255.49917608412807,73.46048875867294
922,9,5.954827140980007,61.69679325411997,155.05157020780914
922,10,9.349640711062019,97.44614905860628,78.26345781169047
922,11,9.644441753404756,37.13505151068449,69.3221428660578
922,12,4.028153216469269,436.46870032334505,69.78018519009609
923,1,11.090539922155532,235.40793600690947,54.12802927501433
923,2,2.767108926995494,247.38192393862096,96.57429088773031
923,3,2.0867953187825243,127.35442677886442,3.575202720020613
923,4,4.655809075067553,256.77791843635816,1.8419020240374948
923,5,22.154478944955457,210.40867555918197,34.528928649522584
923,6,3.2739391497866066,221.28215982087772,52.209780001664406
923,7,0.7273992723625007,51.186533354956566,118.84231012119625
923,8,7.271038189194012,206.56471585251438,72.11458831690823
923,9,8.920675312816488,402.98312120390335,20.728063561701827
923,10,7.021129822875068,138.26173445451084,18.24824969549961
923,11,3.8543400377781554,204.4226330787889,103.98911119978857
924,1,1.7536315440771926,390.2648108752468,30.597754272809084
924,2,5.681605441518087,229.33230850883552,101.679729378743
924,3,2.2557495241207794,79.46555261241022,102.58488014439784
924,4,26.128592129543964,455.8906943287228,118.63079958668257
924,5,13.017825737375858,219.86069462130297,126.07030909297823
924,6,7.718251983676053,48.448581498583565,61.33531408723108
924,7,7.475235464699009,84.74041870155644,84.02516057211392
924,8,8.24941694388811,227.6817026723984,71.64616194670883
924,9,2.3560710366088795,385.90502748106724,142.03745414942335
924,10,18.964663796704553,338.9120246510305,59.01753443062434
925,1,3.008984506781358,107.27969438797399,60.36402712058228
925,2,8.456260125395179,50.63561454940424,5.2156823913144095
925,3,10.25217691089802,19.188148809863264,50.6747545057157
925,4,9.403323289868,308.02506182288846,43.58350072020342
925,5,2.6361899101848714,223.11062611799946,91.77602486703687
925,6,6.3005073891075725,440.9698172426878,54.60022523337583
925,7,7.497466208783149,106.11492454125084,57.828004230073475
925,8,9.347853538042942,7.110795986207535,113.66695182227343
926,1,7.644581410179628,359.8123445304849,58.997766021480906
926,2,15.309657785353114,266.7992243263366,37.34663227040673
926,3,2.987377829648553,239.70768021702025,53.35570477384365
926,4,16.40609436253323,177.36498954162604,38.106338195379095
926,5,8.393504313528801,62.19100474918312,107.87639779281831
926,6,17.977401282310332,18.045525656292995,82.15792567890199
926,7,2.9150354475265576,347.7933849666534,22.14598195569298
926,8,12.51930390374776,89.42645343125076,2.0518307328819816
926,9,13.280920770745865,94.86377249258295,16.40148518511205
926,10,19.771031882164685,531.6438816909313,87.48055747277932
927,1,2.356835997854554,332.57290086938497,39.334436595414616
927,2,11.420885048048618,232.67822043373957,83.09099324030983
927,3,12.055661558576727,30.5557212897574,16.3492906706406
927,4,14.464571888344699,126.29560773541641,36.85862509757246
927,5,3.998581724405689,202.09936290516978,47.10008440959739
927,6,1.4494387303397325,315.6124602836982,21.450210999078596
927,7,19.984169427293395,231.72776875678989,46.50770703929352
927,8,0.561974813742582,281.04627721882247,48.406565594839385
927,9,11.19832933744514,397.5368908024822,84.78677719221176
927,10,17.80354536472327,161.76962635651904,41.63604475680771
927,11,1.143906348847512,270.81448206542973,25.28404164314047
927,12,17.374233561513478,435.4800545437848,42.64274843696184
928,1,12.395966479142656,230.41728025711535,27.524086791777492
928,2,9.310893343510777,505.0700074354142,70.37423722138105
928,3,11.576315282978825,411.7943008924492,52.58831220599566
928,4,8.888336129416953,125.04397272709426,15.698206435892672
928,5,0.7005427563628501,167.1369502682416,77.74024789756294
928,6,8.971845802333121,319.8361773189154,52.85981369830112
928,7,18.163190733825054,124.58048114916696,24.90685784086699
928,8,1.0624601355490473,125.33644054735981,14.7940389338643
928,9,5.8664931332529635,370.8041161730506,10.0438868014814
928,10,20.556950241405083,79.13308175625441,0.23959938655547575
928,11,9.031407618588986,424.8526473938235,21.508276108198622
929,1,16.30554796352373,94.14019431210443,46.506389563608984
929,2,5.505096138285469,177.2454754985095,120.48903977544343
929,3,27.496768683079672,133.05143113931118,29.545766097564744
929,4,13.024919331520223,218.08013446784892,77.24943880512711
929,5,9.125955400841429,172.68827274603748,67.66309267099449
929,6,11.69519064064452,127.69550214272383,54.955678898242155
929,7,10.88589703851309,213.87626537721218,47.71601759047205
930,1,16.321689859511075,340.7421347689561,79.41443306568107
930,2,4.340414650752304,369.88869633828074,80.60108780618069
930,3,14.835890989001346,537.3990187968212,131.7583505003275
930,4,14.8293963658842,284.77958087562945,93.26620727078722
930,5,5.912323612307401,114.52561136134247,76.93685628367653
930,6,4.004667376106994,288.91542282848826,56.2732866614476
931,1,4.006669267855169,326.6879669485519,123.6517431418342
931,2,11.762172581056639,165.6007944217255,10.51095600823195
931,3,1.368528885566377,123.7307571030446,85.38787881582215
931,4,13.202699491025257,165.06484320828213,39.6689420054923
931,5,2.9971093486808904,274.3379199709201,25.921898413580347
931,6,8.158774214979523,33.484081512034976,12.579570314999607
931,7,16.51982383627088,366.8819244233303,0.5085581836463078
931,8,14.160488638783931,89.01553005206159,30.056870067954637
931,9,18.406337616422014,157.07705549924685,38.22278075318388
931,10,1.4909549651436418,149.3095148835408,24.97765213186522
931,11,13.213705407036791,118.66866508795046,98.94862433585949
931,12,12.773128580096284,229.56159121728265,78.10575223802205
932,1,11.404579982448656,268.1612630530668,108.7030727821527
932,2,10.031796658459902,50.83363680092597,50.461023044074246
932,3,15.386535359062545,118.22759939347361,49.753081028800715
933,1,19.301227872194332,541.5693138138852,64.86825077571275
933,2,15.52814096697442,476.9696015965838,11.562220167777667
933,3,12.74637963901429,473.9993582960505,83.56966751286606
934,1,8.093910433204533,85.08673628859124,96.49947802318557
934,2,10.07660180348432,10.63240924870027,2.9015172646882945
934,3,4.323414362587067,200.31883132368745,68.69518278907154
934,4,7.696580000391025,257.74987838592784,32.5173405322554
934,5,18.567441411318423,582.7760141858533,34.29549071662304
935,1,1.2448739811927183,255.63168551835065,58.002473322650204
935,2,19.177618409066273,270.8118620864496,69.0264224567299
935,3,11.395301989863691,84.54166536921716,76.90980777147476
935,4,9.822072007654757,57.082046714978276,23.638439148931457
936,1,18.812633181043854,291.3792822763304,31.976338116081685
936,2,6.063775286497442,224.71178375251338,113.82519283049918
936,3,8.201449885255284,79.44563809287854,56.73013320146314
936,4,11.911757619013814,255.3779736751691,48.48493779460368
936,5,10.955477479851563,52.941049793858014,93.63865375408764
936,6,6.333922583008283,161.33155707513322,65.73230434269469
936,7,11.483477986681123,436.4454581693884,102.38036864208364
936,8,6.546862007811489,496.7252822365838,87.97349047868273
936,9,10.910356636148897,100.56563581936892,47.420496078954585
936,10,3.4155358825096123,281.4751409917342,2.7604210215943112
936,11,13.416494181620063,128.1444623326439,55.103271827151524
936,12,5.688190556592984,91.73789938803377,79.36708428732601
937,1,17.09679325724415,39.386657645271185,50.48753437934812
937,2,1.818016313612425,182.4342554238585,5.875273443703506
937,3,5.454944827818172,228.37073074518148,74.20901360507017
937,4,4.995586895389804,368.3451105975673,2.6163357472023137
937,5,15.479150487767875,137.35750770028181,88.22482571626539
937,6,7.068071434234546,95.70316063492135,74.37494441509247
937,7,13.08923872426489,118.79659321223733,71.67365726448462
937,8,9.074156615312386,222.09169604133982,63.486936161389046
937,9,0.1582335866682083,200.40123808108686,8.503403893054234
937,10,2.6576366924744974,183.62651373512514,89.10210281898529
937,11,8.365178601174208,146.83585760850426,31.931826994820195
937,12,12.74488716722663,32.11387428543668,6.212561658370291
938,1,5.087486963537605,103.68677147136988,27.768239794374626
938,2,0.8609576170165099,153.0094689563335,50.90405187295219
938,3,19.48799950994225,215.8653601887887,79.68337833666388
938,4,7.96049023049652,131.1960081766165,49.753630811594796
938,5,15.992851250470242,110.17747600020883,58.890021616392346
938,6,11.36512832736973,196.31147025270633,84.51980207946599
938,7,10.29474660807034,178.88401880852925,47.86353256040563
939,1,4.826434001907096,231.05307640862438,25.301253080101546
939,2,12.496714094363497,148.6991612653012,42.577663861358126
939,3,15.460744205693576,117.69643853001259,78.38804145343802
939,4,7.061065994489086,76.88872044481802,7.03924860063745
939,5,1.5967177532767316,13.936622380362223,20.939674153544757
939,6,3.0384326937842543,323.1508789898825,49.66743150128006
939,7,7.284869131692895,96.3065384886393,46.74990789999639
939,8,10.21146026354667,32.741642890820344,68.54233283318256
939,9,7.720568500015325,244.52213403725975,48.719456996146
939,10,0.07116974545673393,395.12743096964164,49.54178813113273
939,11,7.426117869036517,287.383394020714,3.7068692373537715
939,12,1.0200092145518571,283.48819995540873,95.86267345212157
940,1,12.00490923122587,58.140789716821416,106.70191130589205
940,2,19.792251755985262,0.4017887805093494,25.775206294644786
940,3,15.840721370584971,339.3233017925228,106.15037286182582
940,4,27.30394424902806,262.70377033864827,101.06628291014886
940,5,28.696722280434525,197.81219671481006,18.635643767639948
940,6,11.784323569514974,438.98443445007376,122.5272380765106
940,7,11.025959623679512,175.2325744439476,0.9731947007599828
940,8,10.558811364932636,23.221119826949433,11.11892219339115
940,9,11.653562518403696,8.381084273567183,64.21386863939694
940,10,16.642690800071172,42.047563749163174,26.43929831811583
940,11,0.1256435667335687,289.0461136935613,9.50722891216644
941,1,3.4298848884177087,159.97730701835303,131.98029272734146
941,2,3.2193290560530006,226.47585350967236,43.64608017362655
941,3,16.28038286591482,217.23458202232376,56.13763812368
941,4,8.440227736062504,74.99913911866203,79.7853218639599
941,5,14.582677575503505,57.25207645741827,13.121143308844879
941,6,10.886055147060514,236.01610731937222,4.053029906489492
941,7,22.321127526087174,416.76009933106525,69.4899743506058
941,8,12.151354201368795,92.52561767865984,20.37331053403534
941,9,7.933819814239567,92.08793757482167,35.99026660368543
942,1,19.09457097042406,163.65543809430318,55.10206102313134
942,2,22.010078871383357,35.21356131103687,30.944543718052774
942,3,0.1580220823073759,411.7394846454812,17.2347410848798
942,4,16.959386028028824,408.3320160320029,1.402612058456974
942,5,0.4691493935147655,271.8748892299004,81.02457196283025
942,6,9.50646272548321,203.83771449581906,109.19366437520753
942,7,8.320274934706822,406.462534819248,26.94718965770704
942,8,26.782960202632296,67.27126219217985,97.36517899839893
942,9,3.2347814866124853,317.98909539930037,49.69291528047071
942,10,11.945265689590592,299.8609950723993,59.83884274607196
942,11,11.104792036538392,78.70405097734499,105.14315668768768
943,1,8.005045907743867,290.22159913499576,9.431272918419332
943,2,19.22398208346221,27.41478727002047,35.12244239730124
943,3,15.8110847148543,332.4640473797716,68.20103795107721
943,4,28.955608992484745,151.66577408278755,61.13781349676025
943,5,7.66452784019669,520.2730831992878,101.57374963711831
943,6,24.752548567668242,270.9849612338548,86.48588108065836
943,7,2.6876684483685693,160.31054514242365,86.51818481227673
943,8,12.227719465912266,215.85565080746647,18.973248034614954
943,9,18.158299945385046,372.6920412607148,91.6883522613887
943,10,12.044265839000541,201.51568265838947,94.96529544928342
943,11,16.557603381146276,66.09405269218536,62.65390823386035
944,1,14.606359980636945,52.174972462949,9.408332452370757
944,2,12.187183993062071,348.57581366337877,55.73670211810782
944,3,1.0455314869779482,42.92428770255907,77.66063423461323
944,4,7.559484363580072,217.6935954804932,92.61672156607031
944,5,1.5845366666603127,137.86360161470688,29.08508746504225
944,6,12.487817755695067,315.93322674079883,9.210698275951266
944,7,9.961245485836114,330.3993656069317,24.191458058433412
945,1,7.811620276112468,123.45148059510386,11.253219932669374
945,2,9.599239025776694,192.03510505919408,63.78965151068177
945,3,14.30863316397821,371.2695649421627,35.85394867440623
945,4,5.335733529188331,327.89483400607287,16.358758315705856
946,1,5.8555542940226255,360.10320648742686,64.24161775952345
946,2,0.10318095802755423,60.78021592253228,112.04399196787742
946,3,0.012434770230763448,542.1499007112288,27.145512963528834
946,4,21.065704344052634,154.16543080357445,81.99614366004604
946,5,19.765231980844824,408.49307265215145,26.625378768281188
946,6,3.9982833007061167,187.81819853732975,2.0191848413591273
946,7,11.67484922927391,76.88050215837272,93.30839094171662
946,8,6.009213086473031,61.33884542200303,106.03659104677185
946,9,11.283576023323045,204.370233563011,93.77579139784838
946,10,16.101035516087098,85.72196839843618,32.008735758953584
947,1,13.14996507969285,79.3481298511825,11.212823801036649
947,2,25.54274388398222,109.33654002040386,16.242737703148997
947,3,18.360493453794763,109.69683246686188,0.7893734442737426
947,4,3.5915438008706584,135.32717864561192,7.1669588454012185
947,5,4.169022928936851,132.89013934817922,88.86299147066447
947,6,24.505643872313556,366.34828235966563,40.88988390955763
947,7,0.125878311777754,305.2212396830437,9.07025239091034
947,8,7.414225476454042,442.3856283235408,118.1759248419293
948,1,4.047743446273171,104.40027221760752,36.44225531761232
948,2,8.064392457651623,435.25651328715014,86.96697398574861
948,3,12.078438648370936,479.3587952305679,45.378286508990975
948,4,13.328389873996821,249.32204795633913,68.90182070209644
948,5,4.761046214571134,154.3343634867088,17.538723148016174
948,6,12.85360321472672,200.49911293747925,25.286753163181203
948,7,13.594865378040243,232.51046812994642,118.16909977971847
948,8,16.489094113948852,366.9255115324184,4.84636343939318
948,9,17.827570237067636,170.76554112372708,22.32331258630304
948,10,6.417918541975521,397.0055376766992,38.617070188840835
948,11,9.144466796669024,248.15553017969796,124.49199209388613
948,12,8.419148982049027,197.68509204725362,88.7459602581503
949,1,8.543917736357596,59.89503451943608,3.2609037442273987
949,2,5.160803090213105,307.04191091660283,15.521115047464804
949,3,4.351191095729961,234.1818465953932,89.85181289752174
949,4,25.37946015068189,46.14728451930196,13.19551926844828
949,5,10.957343803734162,32.11949872317544,7.348369270582751
949,6,3.746591322793588,119.93709169575692,73.67127817962697
950,1,7.472462643245468,217.27322057566641,4.532250249504287
950,2,4.6410933706298065,149.83356620032652,7.566427641931163
950,3,19.253815742652925,74.29894696377308,81.47194368468982
951,1,11.307853662720337,204.62779227656944,109.44654579860631
951,2,5.824202078493057,170.56926547653427,6.784786537382317
951,3,3.7299428639312637,20.790239936346268,50.689501400122836
951,4,4.922570095554882,334.49203847377225,41.44616608234678
951,5,7.726831516953399,151.95785742408611,46.06022375481844
951,6,7.070650255400729,72.31194536537554,89.56739535904144
951,7,5.631334647277379,142.47100754807212,67.17620320361243
951,8,12.23118872310077,65.98429064809255,80.19927776442987
951,9,13.763692378868832,226.69622512808814,32.74732597674033
951,10,7.15288516635014,169.7304345497586,0.7267223548893682
952,1,9.725120859821306,454.8132747376576,108.15364624865562
952,2,8.391427347709483,178.32076349464728,57.81946856112552
952,3,21.707460062873633,40.95051037340431,43.37031091523366
952,4,18.734824406144035,149.798773702856,16.58339091931495
952,5,11.164301818016625,67.4430480173254,64.86016896917837
952,6,8.2341553698917,295.393990505109,22.221408712607346
952,7,13.16809181640381,231.6167379396691,2.765269090689195
952,8,3.3895962572981313,384.41790518706733,88.31091820683494
952,9,2.110405177554984,134.68746131714084,62.62508055148989
952,10,13.730263374363247,241.21937114112126,65.16269202587486
952,11,7.481373532015375,226.10452762015828,10.822877428646926
952,12,7.43052154474774,112.70800976624042,7.720322902544858
953,1,3.8398591443398455,377.0735552871018,77.2849454153172
953,2,8.06125302115817,344.19986535601515,26.077417709384477
953,3,15.406242672414354,90.65336015808825,61.76775692685048
953,4,0.19072799605414303,355.3278205191476,32.217040558517
954,1,0.4167106248698804,41.585225377845546,18.709812593852476
954,2,2.331708591311161,123.59743943903482,30.823527173907134
954,3,0.5882598881514625,189.14215332261648,36.07056359809917
954,4,4.918470322297849,71.39358814515757,56.631183934849666
954,5,4.552795808594168,446.6596534338261,42.65396112809882
954,6,16.428900588950373,28.169356241354336,43.51454228131274
955,1,3.327836945321435,199.64931532781387,19.548468821221064
955,2,13.476216867731583,54.447486291152444,107.43956496676284
955,3,0.19175529704235217,208.91988910632142,38.64482587807552
955,4,5.080685944385067,74.0972062561051,22.07159670651887
955,5,20.260084890926045,193.91122456071525,101.69627603646215
956,1,3.921105712833228,89.89920998916513,59.86398327637055
956,2,1.3364464662203481,84.94465465093478,31.85559709875763
956,3,15.743840433802255,242.44143302880488,57.495944599750295
956,4,13.24366213072847,355.1175096359009,52.02272052833171
956,5,2.7600273032460407,228.18380343114177,16.384269434446296
956,6,4.48348792677448,228.34001154714005,70.6691607650321
956,7,12.428054764565967,275.80056273525474,94.58721924819221
956,8,3.216508892655047,141.79942660578277,1.483713231970384
956,9,13.145396169663996,384.32196730300626,28.22098180746163
957,1,15.056143367872874,163.4408665734403,31.990040790757842
957,2,2.2877007408761845,83.07322363080432,74.09436412151803
957,3,5.505881194355241,205.40575336923325,50.043618669327564
957,4,13.212721906459835,100.9609984999953,82.32917945036479
957,5,5.684468927032118,61.38803918731935,34.02655588337025
957,6,6.126774680011966,97.31207743199651,48.90253827830086
957,7,13.67049035547997,481.1839823455099,53.727067658250206
957,8,10.210794631381807,499.6822992371116,0.761334576733077
957,9,1.5787676090907254,290.34126174531184,102.61726744316323
958,1,9.71067346134106,192.9347438159681,15.764739744894698
958,2,20.509537533741632,292.13253732257436,59.369416432422405
958,3,6.9764692146128295,259.58124651974697,12.87257482487582
958,4,9.30192256619964,113.24549195188699,140.65958619926766
958,5,20.28963429333588,359.4571225974246,9.612440886166311
958,6,16.049099785988375,228.15000127129065,98.93840558064582
958,7,12.256765665888576,198.99235009425445,59.351371853462354
958,8,2.6394330413578135,84.88950917483038,64.93342154813088
958,9,17.97571850884608,117.42603255318225,48.36772480544265
958,10,1.2069471127277325,418.89662200306395,94.54966928932484
958,11,14.56471832997039,261.02092814463356,112.10196260587189
959,1,4.36492306079698,138.10871384781257,78.68440379467643
959,2,18.323308379601606,343.36347293924337,93.11265761550274
959,3,8.578842654185266,360.8819767916973,101.60260143506713
959,4,6.801591966415874,7.609930562408465,115.42343995905115
959,5,6.762284469120114,88.6120104165399,58.49165285916927
959,6,8.110174539687135,88.9347927583745,85.6727271228189
959,7,16.067514429109515,45.29482981281694,48.981555569420344
959,8,2.879493781132413,71.18512511253459,25.923772266113943
959,9,13.700028549525907,501.6781524816258,33.46989224185022
959,10,15.872712098080545,319.6444843308618,35.1907305013398
960,1,0.3049248479732398,214.04160889202882,61.74662503956627
960,2,3.310563660707464,60.73010086160926,41.984495671647664
960,3,13.058987860669582,299.55422706624086,99.81921432197875
960,4,1.3997725482519687,253.50987198653817,49.481709795202185
960,5,6.270443008959668,500.5486614485266,67.28372491663214
960,6,20.00252093932553,304.55891097958767,91.88273251004966
960,7,13.752597167471045,305.2728642053538,38.27856807371877
960,8,24.77479128639049,170.46887437723979,49.25203183055995
961,1,3.151557680551189,132.4071275320265,54.27627717165019
961,2,4.5723469710441185,231.81976059396732,18.015937002153546
961,3,20.710661245712043,32.168447883533474,44.048957653932774
962,1,5.845038166162863,201.60284045474612,114.95078107794262
962,2,8.699128686144721,58.07848559296116,24.316159842311436
962,3,10.566765023322787,38.50679062757385,127.19705118252723
962,4,6.390999647590096,85.53937942855787,27.53618218172386
962,5,3.1754919085036875,300.94480395791595,23.743147493275067
963,1,14.34310292541754,216.8880889860591,18.87805469851072
963,2,18.820124175949587,138.4014945892304,0.8215686110829452
963,3,9.728380132216051,338.4357813529099,72.1790503926796
963,4,6.375874538477866,465.97401493807786,47.01050136574617
963,5,1.986427879536528,289.1573556160838,44.50689491406523
963,6,9.481666280698956,333.322372351642,39.55903145066228
963,7,7.968771224214653,11.971317684496654,28.822302252516163
964,1,12.765025696121587,114.28684840228715,36.333474377670576
964,2,14.168623082029818,146.762201264471,26.184165085581036
964,3,0.695574085663317,395.8091920567963,14.8415099692768
964,4,7.791383218406143,67.20113934785084,55.81825285587213
964,5,6.868472164430321,212.56648241028296,16.37414783683949
964,6,6.824737980034268,2.0804289913839966,9.669513370177668
964,7,6.758155302962005,224.64360126483535,44.12150276614433
964,8,19.54540742657987,26.998587200269867,39.53620046062832
964,9,5.910778177524492,175.06727258954896,23.165272842392767
964,10,6.387746581867109,97.72936296364965,67.39651950409646
964,11,11.959579554790004,19.10573348488265,40.97873343655792
964,12,0.6452400660250923,56.1561420276783,66.02469635456308
965,1,5.866328011124037,140.00919093435988,121.24367981144832
965,2,7.922243275825144,180.6815714219629,45.39020871793036
965,3,0.5814639751684272,285.7697185122672,23.884955256626448
965,4,9.789505680721833,266.65594466266964,127.70230356141569
965,5,0.7756096881762975,329.74732775993357,84.74893024695872
965,6,5.532496590545087,289.92557720779723,115.73744605167568
965,7,4.645201535512906,236.22046957027322,66.1920545575914
965,8,13.73925198467485,315.3937641074019,56.652193130086964
965,9,13.594053304436017,63.27895248144151,56.560139745582305
965,10,6.6656111402364004,15.525664226886846,29.63421802252398
966,1,19.93254279532136,266.0049449900686,60.92188463456131
966,2,3.4439770847164706,239.34900574235667,68.59987023667536
966,3,12.200977328659363,64.8362838369458,22.530771139241196
966,4,15.057107206257276,141.79233515825587,57.10281670392143
966,5,4.717616410778989,197.6540117360036,82.2518723391344
966,6,12.114573308046294,179.10974854226788,8.01586209098167
966,7,2.548146763307896,82.79357741767329,91.60252103790297
966,8,9.620741011994976,303.6024872848419,107.38385844359172
966,9,10.86999375625402,326.8386117585193,95.40893278468933
966,10,0.2051578598984367,85.72892282033615,17.358713945050226
966,11,2.7370650108024837,125.20232845741387,39.77954779878078
966,12,3.1050880581174454,268.1850765950903,30.543505402120196
967,1,20.64842531656054,461.57417663115865,94.37770915639051
967,2,13.500585960110325,181.52555760087694,57.55634281258877
967,3,4.705959960111649,223.61470147798101,63.4138342902711
968,1,4.222563257497141,438.11822425297134,44.97044730460709
968,2,0.7297108409627331,82.80626974907995,36.887243020434674
968,3,6.043897826512678,216.99831950294168,80.0512581436233
968,4,2.7969427123854054,487.62432102586865,52.97881834877856
969,1,19.5051913458408,132.97675724127328,68.97379815486573
969,2,13.921427065176271,36.236452683646235,64.38511176800343
969,3,10.80863033132838,381.9342362520082,67.53294341496097
969,4,10.003202894072043,0.3415005441633241,28.656132315371536
969,5,18.859229532346845,259.1182790712274,40.38908671625279
969,6,13.881998226059913,164.43063431876914,30.043564157686717
969,7,17.091862245065567,371.1151765180107,36.852702485436375
969,8,9.708844169112194,108.03695629478258,123.78334152744245
969,9,18.428610076623468,78.17176548092505,74.20125602648147
970,1,5.136145086469477,76.31827232135907,75.98388997996805
970,2,19.550346314209204,219.42211683655162,155.36100932886777
970,3,4.13993217712337,88.6715328464053,19.76927190052667
970,4,10.60969262348201,216.5016899134836,19.208858714549095
970,5,17.863336502775716,240.17093922107733,8.607273736306354
971,1,14.29612292882994,114.5232757747626,6.776946236364481
971,2,0.8605946437254293,128.28684123198045,118.36766303972499
971,3,1.3778050207617465,333.72455517812284,8.850578004111384
971,4,4.724537647385548,29.831830149453054,136.90873806734953
971,5,16.695015200173014,305.20610175237573,76.01339770852267
971,6,4.3487720037493345,205.33832255259625,8.187303367266324
971,7,28.85907584455875,31.29542170147994,15.576299124289243
971,8,21.225454840848634,184.2857616834768,74.15806896176214
971,9,9.429281983879351,96.59665216539847,22.4614735844806
971,10,16.038225917762094,234.1056338824567,98.12043074765224
972,1,18.332797567671676,219.72161337450032,51.16722642710699
972,2,6.555628915928613,175.81648012308102,89.04908343986284
972,3,14.694940357794236,287.6345310310597,2.6528486191907845
972,4,30.20583643200726,357.6878315411333,70.68114252763488
972,5,1.8498175792195326,342.1595169101161,29.954859588026874
972,6,8.640104367548242,52.11689140889246,0.3406765623796275
972,7,13.069825491789945,350.93520129057345,77.39617679180141
972,8,14.555732977200641,190.28503145604398,33.73171938535151
972,9,12.022266004957755,323.2112484650411,50.194490197343654
972,10,18.471764139393834,167.73961042759885,10.788842588157955
973,1,9.927464305712995,194.63603981770817,16.446242136647143
973,2,4.09512134386196,292.83353608445435,8.911982472122176
973,3,9.559598367388302,575.1262094752753,91.78739794390718
973,4,4.080776863493076,549.6579665207773,104.68481556231829
973,5,14.642930470778563,220.17635318289442,5.17364330478253
973,6,7.38801544638479,97.48828227695776,88.06033117033597
973,7,11.298396572577506,88.48213310994056,90.40293219741443
973,8,12.327610877677586,445.88146394781734,32.24618566384021
973,9,19.751425265910427,233.7308505848807,19.018944584648054
973,10,14.156538679036625,211.1997818021955,68.23250292017345
973,11,3.095388551531882,146.57047055019,30.210207716462584
973,12,14.00269032610407,281.33142807835554,31.843775113690914
974,1,11.637515255682072,179.96141123062864,34.506046218693825
974,2,11.932221101985169,527.3946404111305,68.34755776875247
974,3,22.661707579348395,285.2645818593458,165.73414338897982
974,4,4.305017090543288,109.85431890713255,60.92760854728353
974,5,12.79528073349713,436.431543225106,126.17841248243919
974,6,0.9137790097931795,174.16627466270685,55.560816088283644
974,7,1.924603355350051,179.0184359021023,93.6343807572407
974,8,18.136654561444473,256.1752941792793,117.84089987205816
974,9,12.43944346438975,391.8735815217706,16.464691809094
974,10,4.5941554497552115,511.57183278359923,30.48644493739928
975,1,17.09549724879119,203.35672010964757,66.51199509978892
975,2,13.41773725963752,38.54099805903695,9.75871347866552
975,3,14.601407057057546,296.3137042984762,114.38750306737278
976,1,22.080404688681007,253.88586304619125,71.11200824274478
976,2,0.8405429910326845,302.6586810648924,88.42524412384117
976,3,7.264954592951211,223.55408502512242,79.02555246203872
976,4,19.177920865867634,336.1780353211815,27.584419090247575
976,5,19.549994633622216,125.99894610673164,38.80749912405921
976,6,14.340303793379952,19.09121170280457,52.1986920699292
976,7,13.87315337616922,83.63327400448594,57.61792288552417
976,8,1.4399010051180774,350.8444182609338,71.33354578775293
976,9,15.17118393003782,189.59418069916674,16.638279205446864
976,10,9.070901052292761,458.92223271754773,90.65491234933133
976,11,22.21712466394687,208.2980981613413,22.32376437643108
977,1,14.106341158601879,351.8810327639584,32.03113000061842
977,2,10.737808804229322,56.30949147916817,88.01660711460542
977,3,3.384004211881267,275.44223467816397,127.13597123406282
977,4,6.172350197091278,266.8163840457156,5.806652432226386
977,5,10.994352795458793,63.05868467727913,63.790570983067546
977,6,6.951178131581567,66.40162914219079,48.50109251679784
978,1,7.864281854915973,339.5072862942716,83.62405432067467
978,2,1.3716061202872112,525.7235069397392,65.90245213487138
978,3,8.374003797620805,379.80596356781723,29.11837406452749
978,4,19.148749495424987,23.561487808183074,41.12299399205308
978,5,9.388043802910733,118.39333406053062,20.53072451025578
978,6,6.592044514194066,120.15038184791176,31.236906588498265
978,7,20.03942046627096,265.004103636425,46.477408486352736
979,1,10.872213276430779,212.8932048663748,27.717442201729256
979,2,18.17973088603462,61.81689012797699,72.67605671540537
979,3,10.47085464029461,229.92503593878453,52.07508433275169
979,4,4.721592879103908,73.84651701764857,87.90925430174283
979,5,9.88935869371847,101.77198392385449,29.50474081008779
979,6,14.815961522228841,98.28589918210557,113.83532421176443
980,1,2.4406720566350035,29.36285228957604,36.61882157775137
980,2,0.21922011948494635,190.2209195114848,63.40559746958786
980,3,4.483018532732498,154.29299319960478,36.703343236913355
980,4,21.12138318022292,224.06651159389216,140.28333211438934
980,5,7.111819603951954,137.7599510193011,96.00350867203642
981,1,7.648578843734985,3.6769945553032812,93.56888933558463
981,2,23.702537211540424,312.0080521145185,4.129696250021425
981,3,8.649002738455037,313.3387838882781,51.32900811429938
981,4,2.655612121113485,214.9758945601851,29.331695901040547
981,5,14.213696140386729,40.74076055537043,27.365943771808844
981,6,2.8839357423637884,55.826687098391545,24.867513050550055
981,7,14.697707767155268,140.90913285057323,49.02887546990861
981,8,2.9649842855005115,202.97606521182814,11.759073211293341
981,9,1.678520875867882,166.1262626498519,22.94338722883051
982,1,15.366248378149475,227.80146550503702,43.90649813839198
982,2,10.018359721205698,193.1658865136884,41.63475581073424
982,3,13.619733870952352,266.4739978771889,12.870518929088618
982,4,9.0790646986353,25.87290990111478,75.42308813822825
982,5,15.373665897951986,108.38316535374558,45.32964178661137
982,6,4.78008207985572,345.918472113804,78.38694961005608
982,7,18.050596832162682,422.98162105056497,1.0356282809289894
982,8,16.21630941146909,421.895666662769,9.783114841169443
983,1,10.075219899032563,96.50383878777225,30.643900747682018
983,2,6.328698349004288,75.02100600590563,82.62767060727597
983,3,14.401957610928509,309.64829126754705,67.01867941509605
983,4,6.605031494356645,10.231547843380696,37.313590730429205
983,5,11.671866936761358,371.33706943213247,58.19836271044042
983,6,15.98203567466605,122.97531572701523,14.242924491137487
983,7,11.289899706507182,225.828486439571,44.50028904317544
983,8,11.996601379812528,128.35599425044177,57.965524974505044
983,9,13.28137678226614,451.3365837580574,80.63034152622609
983,10,1.3256506390220437,141.54379098727134,15.78150134770872
983,11,19.59670474125263,126.47506666533171,39.44164775654897
983,12,9.216544098750836,260.41521762353966,2.4160440095202773
984,1,23.1390157037681,35.42074525429547,22.86370449427477
984,2,21.862492321624075,204.6593512649145,45.03829897970495
984,3,12.165785987045506,265.3532698294252,58.529120920179366
984,4,0.5472940927244263,37.64000287098088,20.84104728564855
984,5,6.429277461069825,145.9954975569766,59.14253664456169
984,6,8.043026244310083,97.89559240929997,65.78847903215865
984,7,14.996789884309315,78.68194026260831,4.71764452820355
984,8,11.261338597595314,136.90211491782185,83.44337990755221
984,9,3.1035052382298467,19.131310784053994,24.666645186372726
984,10,13.638482025493978,147.25633249046467,46.45610284826303
985,1,23.31839913662234,178.65435052687633,1.9954900517514957
985,2,8.40272765659645,174.76016852470244,59.208850033667076
985,3,12.137413897572976,17.55622789112863,0.8040861164830986
985,4,19.49280615971633,32.88528230519597,54.452417761399225
985,5,7.303149768712337,119.61179054266773,39.04055183150479
985,6,6.222866198352499,114.05980727211148,89.94689345786267
985,7,7.17341808981623,17.204868242027118,46.64473804951048
985,8,2.5882684712092576,36.92409744598248,108.20988876728231
985,9,8.717763174876286,8.386060338483361,45.88237651255541
986,1,10.446724142932664,398.94773252893674,9.718038095506316
986,2,4.9883728243093595,348.4406814136018,37.79046910990395
986,3,8.738842383896424,169.68696403431062,63.90395083899142
986,4,8.415659085265268,217.11891115386507,29.857674983491762
986,5,12.462737129155533,247.0764547856851,125.9154335073673
987,1,10.011664449590485,88.18846434863272,57.51380450450549
987,2,15.132929790122956,454.75477093848156,48.67735775159162
987,3,2.14525180156566,119.42392173125783,33.19160018021587
987,4,26.091989307512588,183.93504996323728,70.35980442268209
987,5,17.61658080315595,406.4285089542526,58.230678504449656
987,6,7.552402041599638,126.31636834170288,1.312562371823688
987,7,16.216166374234422,610.9499753893529,104.07248672354801
987,8,10.147169737765841,7.237047159190951,27.82283994921452
987,9,12.818430685507362,148.9270668370431,44.9315243930169
987,10,12.695337297967734,231.92312801437527,142.96008205483858
987,11,25.937409851993422,153.60794160970624,91.27269892692206
987,12,0.25851732522397164,341.12447937807235,69.35457776146143
988,1,14.36512792934565,161.704844896066,61.79351250014671
988,2,6.675854673205304,77.54045426458873,91.41749918731296
988,3,11.275251171208774,90.1940102663586,50.05048205403298
989,1,6.736913592158372,153.57123929867234,43.74234984862795
989,2,2.7458627023638034,44.006671319464544,2.306169214098553
989,3,0.06482390700931973,71.58910107848988,44.106419095499774
989,4,17.70745362498393,36.45273430974174,86.61565888522111
990,1,1.2591488271498115,289.1146905957397,100.29897941976795
990,2,15.14118108995045,74.47510299314673,60.25806935345672
990,3,7.999372525166372,58.2489756242455,21.55531382163764
990,4,25.73420035261503,116.16415988678301,44.952421763371355
991,1,11.53866405475267,105.48674482530146,52.069733928358886
991,2,21.541501760109668,179.21638753535302,35.54658453233819
991,3,9.829425102529099,526.8807667863155,80.07616906612533
991,4,3.4649732380972758,204.21558558531547,63.297476446197635
991,5,2.6056279339480852,313.87049335138397,17.287648114225846
991,6,0.5766203713804963,211.42003307596676,46.713765620385786
991,7,9.992846684581137,85.30330735058183,24.995495285158356
992,1,0.8305571607714146,18.950799271939644,102.96567068424525
992,2,11.960848180646952,289.4113810032976,96.77890150589597
992,3,4.699125584864803,107.62690788675953,82.8385680906878
992,4,7.582149218142822,116.53820545195096,0.7990774530824183
993,1,10.875885000612055,140.43879778051954,10.606618664203793
993,2,12.046530651048549,278.9252872558443,79.63599186704991
993,3,16.571209757148324,75.74576367861802,81.39025326487521
993,4,2.0075191140925437,253.5738160911738,21.652025430869088
994,1,0.18330054225027226,55.09739416785297,52.201541408916945
994,2,1.4374574557341369,162.7249021585813,15.417548180323948
994,3,18.366543422774722,451.87396836213446,118.61226766588666
995,1,11.072806411546873,48.796690749998504,35.65802001446353
995,2,7.2177090219669475,49.19053042934382,86.9685877165866
995,3,7.658686070978766,166.0006695505833,3.1011330387818603
995,4,24.501450982284837,564.0601093332369,18.784056863826073
995,5,18.582604668183684,186.22799243936143,114.15078371252424
996,1,23.167362388389037,158.3629426765649,86.65483159348778
996,2,5.966224041793807,83.43706804553139,4.187233870483631
996,3,1.0126211293321354,128.80279315954277,102.31725354953086
996,4,11.839814797332211,66.55736136263045,83.22221678615543
996,5,9.968961922823443,427.48259933852296,30.328963658116262
996,6,3.6656335137901426,459.9446158736651,90.139036271931
996,7,1.9691791324432195,254.14712948813175,18.30119193734363
996,8,16.688201980532344,33.00144506540727,0.15364347938668033
996,9,19.712378126354622,262.0564926995962,79.4348172904424
996,10,6.611640324405471,187.87191361965913,112.71330225464209
997,1,10.597410033570705,248.443479401918,90.69049575036
997,2,10.315877743092758,438.54993157048796,28.609145337500152
997,3,7.841998839508481,354.85740057962363,20.143637834742634
997,4,15.836118238886643,214.68214235761727,125.92888207170415
997,5,8.941832063002753,179.12526579094475,122.04763307328098
997,6,7.469819264941139,358.43778334256444,62.30322916223212
997,7,17.61018123610924,147.6389564588455,45.738818841324466
997,8,7.427325925393694,96.07768754402872,39.397487274449844
998,1,11.40007867961127,337.79264080846133,16.500610987582874
998,2,19.630182708133162,464.58053480859166,48.844148494052995
998,3,6.224017569784339,444.0679136585582,81.82523491072592
998,4,10.573784432646853,414.0265729423554,102.83968754197278
999,1,18.011296150939398,272.29848611129887,32.183593804450545
999,2,4.457275399658889,290.0060000278448,24.362805212381858
999,3,5.554183536669015,317.5769789250925,89.29876789476899
999,4,20.505923998091728,72.9179546677164,30.046956229703163
999,5,7.607815261916755,197.29234756713035,0.8747572230906826
999,6,13.970452022948406,483.3995598779058,2.3065530292729193
999,7,11.319564141215515,388.24342705813524,40.49350822189563
999,8,4.867083514633177,226.73343560502883,79.35093700623368
999,9,1.1557681648184293,355.4442348799119,41.50005721573834
999,10,5.329825356516239,29.99437796387926,23.8783334791005
999,11,5.751755937900918,20.74735457934318,68.94595576692048
999,12,11.029413758118588,347.1161038431196,78.59236744220999
1000,1,4.7819601115122605,39.475610806934924,65.34624546288381
1000,2,11.160655657683002,108.76082621170788,82.2141871792189
1000,3,7.622362013130333,384.9124824244435,43.81731086054593
1000,4,0.9368445575210931,428.379955751225,64.61708454839358
1000,5,3.3732776898592283,139.65563619441647,16.818588621580744
1000,6,16.938555279904953,112.32729642520496,61.131841843550035
1000,7,2.0257981660955053,82.80081782106419,66.42198922955154
1000,8,1.5264997544060215,304.5896817740847,88.56563796789354
1000,9,6.870453881344414,273.2882146294642,108.94370371359533
1000,10,3.2913492927694206,329.2465545067445,18.881615221290993
1001,1,10.023911620543233,106.61376953038209,26.57630028512596
1001,2,7.482726081478935,110.12661194912437,44.746641812987725
1001,3,18.18037984702111,6.609019638349963,67.14290925338356
1001,4,2.451247488386195,47.40654177024703,24.208171180289156
1001,5,17.535403056360764,163.80247265290367,14.039172666613602
1001,6,10.908383659488509,147.65326286550356,94.05348146442185
1002,1,18.32960050403097,180.67759650491215,23.61721844476465
1002,2,1.5260894758614185,256.97467161312414,113.30207534867877
1002,3,7.277503076423482,300.00259375974065,49.58030600524052
1002,4,1.5043250165470319,173.09913208499455,23.412457078376953
1002,5,2.905665806427205,135.45028365495824,37.265954491805815
1002,6,17.045952465975407,203.536746813188,6.193724823639599
1002,7,18.446050311593904,257.76641397627554,61.23660702617779
1002,8,16.114678320471846,196.75926539098754,28.543860359079247
1002,9,12.426011474546232,293.4392939558046,65.25707651873161
1002,10,15.677136260777445,215.06784639698566,10.176499883009193
1002,11,5.5957763344218385,405.8910955107318,51.3092900618398
1003,1,2.1074806941223923,259.9866987127295,88.10343955674794
1003,2,14.334717354676911,307.6917013246433,23.585669358850716
1003,3,6.796970939039971,288.9032273884214,52.837384095273535
1003,4,0.8040451786895151,333.71245061170293,8.536278348440867
1003,5,12.273345923176539,231.09030797956675,97.2630965632369
1003,6,8.349583619626452,104.34442571186162,55.7317689762844
1003,7,12.32821560413953,361.043646777445,28.883811633879986
1003,8,14.922364231876035,334.5550499801829,20.7137795061044
1003,9,12.219011543885383,20.795722173869592,72.56412914056799
1003,10,11.556708011781767,14.195575854955877,34.12262958257517
1003,11,17.594576755058327,229.97725724285448,22.68815301621703
1003,12,4.625513180538572,350.47471727425466,30.358445450387357
1004,1,11.544303671606125,425.27837017879165,44.488520853086634
1004,2,5.9827987611175155,100.93230994079931,106.42761724558682
1004,3,20.21498131788539,107.88439160550831,58.501120601231264
1004,4,16.625941191310318,271.5596831673072,32.55852674119059
1004,5,3.3768305179994593,375.2218649974103,80.82746200049111
1005,1,7.872128467614196,521.622185001198,13.54477558054328
1005,2,12.54867401415436,229.91035227944923,65.04028001713932
1005,3,18.0883490695292,1.400713731499195,56.34093341727861
1005,4,23.786724193296976,319.73586512387885,23.565108210840112
1005,5,4.399908367487754,277.6663113044327,30.427480809588577
1005,6,9.000281458383165,88.48117554084112,132.9582793731688
1005,7,12.425180740460226,207.91544747960427,15.296229442796317
1005,8,4.221394920011231,190.85813707039023,47.61001649315519
1005,9,21.626239924945132,218.5666248244174,91.5319446180601
1005,10,11.255098340701908,329.1509768674937,16.718875309910118
1006,1,4.9106949728395,30.64711528763732,37.55721705106742
1006,2,10.413343903437163,110.45128866773797,51.12022373690731
1006,3,4.214486136250902,182.1507092121083,37.5324076676975
1006,4,8.55266411467373,312.7499815080107,10.027251332602468
1006,5,2.8071016420328956,324.4519790497478,75.87660443906609
1006,6,13.766605967779839,67.18470650751252,74.43561668632559
1006,7,1.0386192645220795,154.797829491968,110.68825439489132
1006,8,14.183362010849311,189.05916632308424,44.23951372813225
1006,9,2.2883837099422966,443.0278627907386,90.43233703075356
1006,10,15.586375056165615,186.079819595007,35.42770011521108
1007,1,11.970801060983003,24.1812337992055,50.862048482037636
1007,2,1.712118401468116,209.09470637307075,26.934781244759577
1007,3,21.861351486443805,192.4032251916798,46.40664138708409
1007,4,23.358357719323134,209.90920164871756,14.380205106319465
1007,5,6.984344521134283,491.7761636116673,14.189925621246545
1007,6,6.916154844753883,432.0061925366779,19.159621853453025
1007,7,9.332063836613656,402.56810324427425,27.04954886491727
1007,8,4.410126617148585,76.4514518933222,5.8830228182660775
1007,9,3.8161243425785774,145.53082884063932,64.29142320236087
1008,1,9.687595445651288,273.9908236405752,28.210639159456893
1008,2,7.270763006269737,271.2029651007974,82.27540716239795
1008,3,20.478546353465653,320.7802035308116,77.41522471575065
1008,4,12.398252796427162,218.12882134645585,35.16358867755931
1008,5,13.489179446398818,164.5322956088477,77.85934937922065
1008,6,15.056491036764658,270.5340444777559,25.109112723261504
1009,1,9.382007410607178,193.49508506774956,39.33723954514617
1009,2,12.13300326225197,158.70654506850295,68.14289789338294
1009,3,20.84864125394068,53.5748423257335,46.95911181773594
1009,4,25.40416122667401,141.45512842879307,90.54911597121834
1009,5,16.094368425968767,15.67571172385837,61.87233790542159
1009,6,11.537739914034937,677.3567756096799,55.03978029421481
1009,7,1.343879963849984,165.6925988954059,35.69496425274697
1009,8,3.8155413916010144,77.04173576936998,77.37095897806026
1009,9,4.118537178512766,118.83600738127654,89.88034407847655
1010,1,12.653853331285607,357.87535481532825,91.48565439656502
1010,2,2.9796381145383792,348.39671478503374,21.050785372754007
1010,3,8.579809080929726,273.0539663912979,33.15220052166606
1010,4,24.649998468598234,399.0042774464924,75.88015889442356
1010,5,3.24480254704555,189.78445631343007,81.61680679052088
1010,6,2.141369031001303,172.9288653142974,86.4153539924393
1011,1,11.677384774909346,138.56537482149784,103.988499241259
1011,2,8.832406963742912,149.16220517356015,55.969002749138184
1011,3,11.902045536774025,200.00630238563787,47.13536363897307
1011,4,3.677676142591439,30.480167614452455,73.08322621474986
1011,5,17.05481632992359,391.6046473330515,7.746020370081112
1011,6,4.138108153887725,424.4480369288159,34.762555853407285
1011,7,14.323982540513311,705.1158027601894,91.99233765599178
1011,8,8.485619258573786,178.87433578905842,71.06443582889305
1012,1,2.761952665115685,16.906780588760142,101.86113887003609
1012,2,10.504660566575886,221.17033624378556,95.37868805867987
1012,3,9.224360420202547,102.52187220818836,56.84822977328975
1013,1,13.011573024398817,115.08594870533695,66.37390120995441
1013,2,12.993882203435138,289.6980599887782,65.06713147818301
1013,3,0.6450535109714064,79.04469849313764,83.99771544594779
1013,4,3.7092575578233618,243.8910862258405,45.52479603723275
1013,5,15.947073072306516,262.49317791061327,23.44078881166152
1013,6,5.034549731888356,121.58247905046213,73.20252189482511
1013,7,6.1154957568867125,223.6069166535592,14.678616510905307
1013,8,11.335847084650798,251.67466797550534,16.493063317147488
1013,9,8.411935010995581,223.33555352003702,53.518003811005904
1013,10,9.144593328188247,16.86687202789824,7.2548787741383265
1014,1,0.3536687407230481,370.5234258446826,53.46952639571949
1014,2,2.424369215351602,291.4912154924603,48.9208072364823
1014,3,22.190458569643635,144.69734063337023,53.02660236088008
1014,4,9.306424744502019,130.86351885775218,60.77597634704507
1015,1,12.918777035835971,233.1084033625129,40.13234865497575
1015,2,12.720641086304349,205.1688598135433,2.910613279977767
1015,3,7.671182742491636,390.01617766104346,17.073836420403538
1015,4,18.102339889606633,299.2440492256983,55.5718929650279
1015,5,4.825090628689486,240.87114441447233,29.587998603067884
1015,6,17.732315958081507,6.892227177339237,62.31984310523393
1016,1,10.201305237366133,264.91913082256923,29.751543785550176
1016,2,7.078886292004761,53.15196128861126,54.021721995805706
1016,3,17.003921373117844,51.36698850584003,98.38660567274195
1016,4,21.756725298266307,268.1963305171262,91.72454949191234
1016,5,2.1175025577740776,67.15208763731016,124.4409898600868
1016,6,3.068577193818446,372.7647625456654,66.77874664873087
1017,1,22.322247427573316,365.4056984697459,40.4192511453399
1017,2,14.22488252129624,281.020541841057,50.10680358826106
1017,3,4.9308830182378856,195.86685346167846,31.03643250580951
1017,4,11.843183987313965,263.3727255849937,28.824112827185658
1017,5,12.3635943663635,638.7920562722741,37.32995700058813
1017,6,16.922454103375255,311.2954467175066,15.691607825671312
1017,7,13.483927707526941,73.9061652449753,42.099407039319445
1017,8,0.21505952694828245,266.3419004011073,36.35867737924154
1017,9,19.417039886535303,3.9383843841025907,86.34785492497784
1018,1,12.067502678901771,52.72035657140725,18.13708504922795
1018,2,4.219903501431804,88.92029268046714,51.71569737701514
1018,3,9.068494241500423,376.1023291753056,34.801352146222854
1018,4,7.470769223967227,350.58383641720883,26.10768419398555
1018,5,22.415222064084944,28.37823026892096,90.8344059156232
1018,6,15.909113448448071,434.78487209318405,21.423924540944643
1018,7,10.294499869612974,27.250458227346,47.54788055093327
1019,1,9.283130491759394,3.7971538303765158,44.23996355484529
1019,2,6.0567519178979445,16.749277432434923,81.61544384620447
1019,3,15.92639152840713,54.569193164603746,41.35266143225091
1019,4,10.310230781507144,72.21426806917742,5.88370905576128
1020,1,19.003991054567464,371.66341021126726,9.74871998148906
1020,2,4.2924099714595005,65.50541588414006,44.35822521093454
1020,3,4.748430698532122,390.6497864363183,70.80363940002827
1020,4,9.897657600827316,68.27300231247068,106.05434610732324
1020,5,10.688509388959524,162.3824616518332,44.55739120264405
1021,1,11.050762046233446,167.7876531253919,32.593502544093056
1021,2,0.8074202634650796,308.44855371663783,76.13144745977067
1021,3,5.874790045387452,116.22552279529866,4.660502999281171
1021,4,16.92866750405909,78.58947906956108,27.184005057946642
1021,5,17.109277539720132,349.332383603071,42.81025260600026
1021,6,10.088327848431373,270.6494587733144,33.61234933088637
1021,7,9.301375970378032,170.5816438884944,77.48229277442829
1021,8,19.918886414002404,371.91789565070377,90.64966593770937
1021,9,2.3331816063768738,393.8494030295518,22.949598571504097
1022,1,2.474219774674772,563.7845035205432,59.2219535289695
1022,2,7.6075180321201845,2.929869338874198,53.28459483202388
1022,3,16.98532358773464,93.59567640302492,71.63799218508368
1022,4,8.156775668029855,140.2304980799134,69.57152158318355
1022,5,3.252304815488925,171.2975377465542,89.4822872808282
1022,6,8.70636972148036,201.05190190216592,44.69116998318109
1022,7,23.388329909347362,257.7266739339377,1.0422929215651209
1023,1,13.36979613174992,509.66022837574144,46.66286618599395
1023,2,9.797170174078293,76.45229072418957,54.029418985792574
1023,3,2.136526941037948,83.16535646410358,28.264132837860593
1024,1,10.464239389287162,263.4890897158588,1.4048776945860624
1024,2,5.372765034670177,134.13042040452933,10.733233347750783
1024,3,8.413148131505503,194.2332839722888,11.323914092830222
1024,4,2.9843113623980333,16.812730304437196,18.17957305705542
1024,5,9.957643431786439,103.49342515064883,15.211670375233645
1024,6,6.332297141936747,95.28304473985555,35.14516471929945
1025,1,7.6616173515036206,99.69721018135522,57.7330647520242
1025,2,14.82947154173969,242.8741510385504,20.159713252163698
1025,3,5.948395100305145,568.5640062721573,64.0708402862161
1026,1,2.0951914462516417,142.42791310243558,16.651308858850754
1026,2,9.181909972326643,77.76224852975301,40.27027506830269
1026,3,4.9701707539507485,358.2691724554737,53.26548150878187
1026,4,2.9791914012574594,326.11947857490395,11.669335358795479
1026,5,0.9485613223815577,199.54362688507888,126.29057697359916
1026,6,2.7936489024112117,0.3518117646354426,80.10102652643377
1026,7,5.503750202716278,291.7922850869815,16.500443722322117
1027,1,10.993735241864234,156.95381329089895,64.91460755830207
1027,2,4.218962188494172,49.121090692666,22.4322526501283
1027,3,2.088086777933013,77.33125543395704,27.99248671165657
1027,4,13.416833412174997,259.20051791102935,60.85093811203837
1027,5,21.685530563760572,117.14265468400346,67.31253829772294
1027,6,7.281740858597695,413.281207686167,17.660751874060132
1027,7,15.203396435110626,237.46425181247955,98.77323245571961
1028,1,3.6748235781963086,229.7590135282478,46.79039718547368
1028,2,5.28296387533334,49.31020529435983,24.372053841795193
1028,3,2.56142219050267,124.93693137060158,23.22107666564304
1028,4,7.561146614761311,314.2264640762005,13.635542419538112
1028,5,5.915665525874813,217.49625843007723,10.787988247398893
1029,1,15.334486065999593,185.06176681881053,39.890756265706614
1029,2,4.255313363895056,169.10355820549304,138.32236310036356
1029,3,19.11614697549311,69.34952322163491,60.70749609309153
1030,1,14.522275571474001,378.9076791309869,30.110356685493837
1030,2,5.228794043941734,262.2170433257298,112.75779820733027
1030,3,0.4665615976287629,259.87934168814303,101.63882997010059
1031,1,14.309487521777404,264.46092823857384,52.463247759467436
1031,2,16.602587531842435,82.99937253328369,97.6467370380256
1031,3,1.8397995898748558,482.5303786488462,54.1166082087528
1032,1,6.816862791297691,212.63248834196636,75.40932087418136
1032,2,8.943972812502608,220.08618035674255,17.311855853491153
1032,3,1.7963617156553564,215.9628984117068,55.60111288903549
1032,4,13.68983714090498,113.57154393407049,3.622171781626598
1032,5,3.24272871176856,358.3450635259737,23.335547511697147
1032,6,6.905433099373667,153.13796542533322,25.228953228528383
1032,7,5.147524207270167,69.33146530492843,106.02626298272799
1033,1,14.76070478340051,356.4208375992189,43.94707716462992
1033,2,15.697547664649864,222.33521224870012,67.13121715890554
1033,3,2.5421343934232077,103.44855344932988,43.47755105800514
1033,4,19.592410097839362,251.88301973548386,18.75553508194662
1033,5,13.064719338498241,68.40710915281679,18.387501953444243
1033,6,9.592996690730915,241.50712401123275,18.892716242736263
1033,7,2.2273544849984077,173.42710769780683,41.04384544765255
1033,8,20.03494808245388,206.40551005880369,97.15230170917243
1033,9,24.812992166474345,33.91161862406108,108.82376545778799
1033,10,16.527151859640757,132.70821957548713,42.48100697598013
1033,11,14.939011821573402,250.68112994173924,116.30146883309449
1033,12,14.132032404968616,14.467997359924567,81.70464189569996
1034,1,1.9981206839905408,338.08263788093626,59.080640079959906
1034,2,12.151082858903727,199.68882913852312,91.98937424756971
1034,3,22.882826355159253,312.44972291031826,69.8984923826582
1034,4,8.478552544269704,236.44551506282514,34.200281856688015
1034,5,5.688852312777029,170.57016697909822,121.5848524744877
1034,6,9.406735646784862,443.51165787186403,11.114894840241803
1034,7,10.97274938970839,308.1049388350837,80.88647126608936
1034,8,2.4190244453627443,17.634067886453522,74.77699054407594
1034,9,6.127150735575814,295.1678235735492,107.43188120767198
1035,1,15.460408983934602,247.3236489596053,42.176781341144185
1035,2,5.067237385557647,253.61773796211529,46.06487163019963
1035,3,17.999406519956445,297.45622002036407,40.89502498027339
1035,4,2.8712824733546674,252.4372048379454,38.02546451094947
1035,5,8.56915699863511,25.637234622962325,56.105893514021396
1035,6,6.448555938106093,138.95442123415376,94.71757417214496
1035,7,10.233733116261769,57.28546914790681,70.63874404180348
1035,8,10.497735516419379,20.445944542964384,45.855896879138925
1035,9,11.50456356970255,512.9981805974805,73.97470382282756
1035,10,0.9607519285292891,491.4770735670321,39.004823929504
1035,11,8.045620972425963,491.2837851706934,24.86157594159741
1036,1,8.900044376447427,106.23727748624866,39.719391038352114
1036,2,10.871620083634141,605.9300810898144,23.121464060425886
1036,3,15.919576783553795,419.5428140785999,10.194319511034912
1036,4,24.086902032591084,235.3264675664531,49.81035052081275
1036,5,18.55258539813323,42.63386077931807,108.31592117951787
1036,6,16.813536666405618,43.959503981132485,34.397044647334496
1036,7,14.79149178827551,116.75798292273831,119.60418520659829
1036,8,16.40284555564231,24.213295105896748,42.983271645886624
1036,9,13.638153021844193,83.06024553292892,93.66703635787312
1036,10,14.301544867123733,307.73463806920313,37.398880361786446
1037,1,2.8686243156455813,407.4978364792213,67.8391556484404
1037,2,10.422391878774182,179.99993498156581,47.088470034679176
1037,3,10.275973757188167,41.31870110323629,59.76157818972933
1037,4,11.060049880447064,101.3103579060815,51.31400771663633
1037,5,17.723220607058032,107.77778273556683,4.434184964823828
1037,6,4.941148251842797,112.97384013545138,121.62838119400654
1037,7,4.180300035539343,389.4136668709601,0.38157540537795853
1037,8,5.669319946501635,209.61389750708176,75.75815913603765
1037,9,9.511855074630441,30.929689881587052,47.780465535333285
1037,10,18.81503775686045,248.86182021061757,138.62839974646909
1037,11,11.199898921783886,351.9846078392933,71.00874798300947
1037,12,5.566910118091836,190.75090613407255,94.50903714365973
1038,1,7.5713844908740136,238.56139932791967,118.03364235747924
1038,2,11.951436918622381,272.470609302939,81.09387086874057
1038,3,12.257767186421695,166.97822195193226,81.235689518566
1038,4,4.871943305140851,376.50215163584073,100.40496675288495
1038,5,9.668890745503557,100.69116688174363,135.3727515801534
1038,6,5.0880940815656555,155.79011179464536,30.37264421773797
1038,7,19.62692739345371,15.353066372979669,69.50623903969486
1038,8,12.129316234849115,188.2893414893282,28.312759250830474
1038,9,13.084490858051185,461.41072959134954,39.88492855046356
1038,10,1.5890284345718886,71.699140306056,42.46998973737523
1038,11,6.8052414245623005,174.32753081613333,61.44091409562182
1039,1,11.084267705027635,307.1296108064574,58.5615177888517
1039,2,11.536682962519826,61.19964929553868,148.15588380901283
1039,3,11.529079522436362,91.16442775285026,30.449877449089268
1039,4,16.35888953565682,11.645970292775274,42.97639053221751
1040,1,4.4365883893845774,249.9254214728942,54.88994212784014
1040,2,0.4709284646620624,5.323835013900094,1.9871420932146435
1040,3,22.67368261297024,423.90839430374444,15.90804003601609
1040,4,3.8361602399701162,219.206636451878,51.877604649506864
1040,5,12.218418908918787,311.20608387159996,68.06815813583768
1040,6,2.1849232794982267,244.10616307460265,84.15294301342617
1040,7,4.931987938976389,244.9934703133788,27.88877130128768
1040,8,23.973188046588607,0.9759291699469941,96.23795746114405
1040,9,1.6956893299768847,468.95790278249115,4.338037303023619
1040,10,11.327700807925352,44.37897800452072,3.9992446808684363
1041,1,9.188479270009823,199.07984617512872,67.97558430334333
1041,2,21.339186579396568,49.328979137173945,53.79336415060951
1041,3,12.462560270482962,144.30076958181104,93.19863969980057
1041,4,6.597638831681186,301.18459669996906,100.38114803734399
1041,5,12.783719894662365,173.5723873535668,69.23023960169098
1041,6,7.220116464144403,93.69106854787472,64.64608755638147
1041,7,15.24908640626142,214.42037633822667,72.35193444738071
1041,8,26.14420069664605,383.0033256481719,27.41061378489725
1041,9,11.296741474971043,245.31009386548,16.382354182740755
1041,10,14.309334326583093,86.62605679392519,76.91116005545516
1042,1,19.0208402840991,264.4577565006742,31.221389736447122
1042,2,16.03852929369544,384.44436186845826,47.47682006435313
1042,3,11.035150262231308,222.66279217787198,26.587207086728
1042,4,27.28650276274503,82.63958613562392,87.11792100524868
1042,5,16.46343209236342,131.32092752279976,12.544377268572305
1042,6,9.254679772066286,304.59423927842744,62.27130143466811
1043,1,14.14769425620074,53.06918400447549,38.26126883957919
1043,2,14.30139362043499,287.66454275131025,126.58388071095034
1043,3,2.1279804799120896,51.61424576797529,25.439361902899368
1043,4,13.877526802921974,128.4382593261323,53.18864783267796
1043,5,6.764159477651135,140.1152515249796,14.91200759123116
1043,6,17.771539383006917,39.16513093695363,87.93241553606167
1043,7,13.386790467864454,128.27017295428868,111.64382920536062
1043,8,3.215441043722972,349.8387473888257,5.970714902689593
1043,9,6.794243909218867,246.7328344981049,91.85492235077223
1043,10,3.3093962154988157,285.5723250989596,32.44694270884334
1043,11,4.020165504166395,46.68407223565163,34.81137490825924
1043,12,1.0394223164688547,16.646282124518535,30.520891437142637
1044,1,17.897232882319,74.56850949516644,76.79407878632108
1044,2,10.105989496372077,148.31666147494872,33.042461728694335
1044,3,9.425335709430284,299.931811851593,0.8888453009607389
1044,4,9.539043952276776,257.6988466226949,79.76895557793843
1044,5,17.07175994347924,172.4809963962398,6.055167505815206
1044,6,12.842503167962596,182.1414703904618,98.19091463741907
1044,7,11.40035299094204,382.24631119726524,28.978327033676138
1044,8,18.5023997847002,223.5143845565948,66.70773245366077
1044,9,2.017591789908991,366.5548351973771,42.6495296186035
1045,1,13.46569994636439,65.94238208625057,31.77407178171038
1045,2,7.171103994285357,218.48783908309474,97.89681357819669
1045,3,6.706272222441436,258.20288348200353,42.63091110528908
1045,4,10.133791393890519,245.44428753690383,98.0636429959314
1045,5,11.731422981747066,187.23535836779251,42.035278566748104
1045,6,20.983723645957674,371.3124503996738,81.62514466809976
1045,7,18.255363608638493,323.60342690552625,96.39797314815327
1045,8,2.177479417839546,191.02112832297496,55.90216773086507
1045,9,10.37832721002767,113.4399073032532,55.85281614490312
1045,10,1.9016287836683397,267.97491687675137,23.04851954835676
1045,11,5.2322849989332685,202.47710176988335,111.9245898955409
1045,12,3.3060767364703185,163.54344253255192,14.884432220315887
1046,1,11.799379587047898,88.65984638115854,98.51103446814281
1046,2,8.957857163532143,135.91476727757734,94.89559768882374
1046,3,13.467434216285938,61.14673869648237,25.33505443328388
1046,4,12.25373460993762,59.916479898195036,131.18219153684527
1047,1,10.790151345568086,321.59928047502024,49.45477529430412
1047,2,6.279318103896108,243.04231281407812,122.60643056912113
1047,3,12.204781131711968,9.022939695873276,125.68525511204928
1047,4,4.29746729559119,82.43052889200462,90.33347659342098
1047,5,7.059948409677125,274.60434348093565,67.00481330270327
1047,6,13.08071032600933,416.6497002854672,39.27552593515536
1048,1,10.237157149841543,360.83195516497346,90.7222669623639
1048,2,1.5872660427713843,94.35316857497914,44.20642041879513
1048,3,5.018486004599848,26.018744802806538,66.764634906277
1048,4,16.977190511530498,9.459784818207197,91.51671474162265
1048,5,11.562771350861906,443.45499423594396,81.79323255169123
1048,6,10.909256659159754,220.6596639016637,50.08521090126619
1049,1,22.730045321938846,342.50272815912143,46.06650495140121
1049,2,1.5404882904718828,62.62908667172712,36.145132925193494
1049,3,1.4093898246941805,205.67825681866677,60.05806704962758
1049,4,6.306436643904161,310.7325993337463,56.42167961301137
1049,5,5.362731186011828,131.7135118602719,103.99836576109922
1049,6,1.9058375780145322,163.898105826862,57.937945925113034
1049,7,5.747062432526206,91.65894224538998,94.17938327123096
1049,8,24.292521301449458,149.84322869366162,51.01863760669508
1049,9,14.061537542031996,47.21676508013405,52.807970258172304
1050,1,15.782455002699216,169.83404725383795,47.61434387752552
1050,2,3.683329593111413,372.5759863348318,114.60478256318838
1050,3,13.075299095086912,45.35296277798048,76.93596494683959
1050,4,21.58169815132615,32.225765588304,83.83387864720393
1050,5,8.68394055552627,386.57678386366115,3.6891276517949905
1050,6,6.964329606400757,35.188278267195415,63.58148324849077
1050,7,13.871715754474476,251.59518027598267,29.371169657523275
1050,8,6.924103331599351,150.91954994121954,85.41258353486587
1050,9,0.1684646722077403,148.9161833003518,8.89305899751433
1050,10,7.135368482660229,197.8664906289689,134.01843635802078
1051,1,0.16494576158587648,263.1426082642568,84.4076639386133
1051,2,4.773518924505977,194.82425829862174,108.46498968932504
1051,3,16.533114900304447,61.61221041246583,112.16339027110135
1051,4,15.02846907085824,443.7693628072151,42.78961635905957
1051,5,4.019093359006972,194.0863930047852,6.434975212905812
1052,1,15.79602716487471,254.76765928140819,13.371983066837949
1052,2,9.280523022108056,28.379758471992602,41.92950503889214
1052,3,10.4255663152173,72.04022226167655,49.97306011704163
1052,4,15.628431683532105,53.11160550287073,85.56287071134295
1052,5,16.470903717509188,57.15780293908202,54.587937494186875
1052,6,17.630918277812796,163.21746512153072,50.01161171152225
1052,7,24.15188723588292,263.7392674321619,68.6070787902732
1052,8,9.942659423316941,171.20433691013713,47.47476819187547
1053,1,8.950858988207141,298.7879516984954,25.4470630511771
1053,2,20.79644267353852,218.72425149272198,77.16731819626554
1053,3,15.884046294619331,519.7593831892013,66.57853408645067
1053,4,9.634113499790015,487.0568888009976,94.31973229154276
1053,5,12.142599979970914,236.4621549007061,28.401999309641482
1053,6,9.387712288803677,10.365463659883801,56.787214666564836
1053,7,5.828317260842644,7.218190233780973,35.79605269872721
1053,8,12.156422515710066,276.3731444920984,45.62846461989497
1053,9,0.9784630230268014,181.82785058337305,7.370325732881355
1053,10,19.82355418313577,177.85573729274552,4.432769419102925
1053,11,2.64287438673019,201.04153396305844,52.326191101987305
1054,1,3.481356028054993,175.92412906265537,77.00953714881591
1054,2,5.410994400933076,150.75880771627544,46.23017262798455
1054,3,11.98615025598028,163.4487759244016,51.70603706815181
1054,4,16.452730071512484,189.7629830226276,82.66094378183706
1055,1,7.671488874879547,145.0279810359049,33.07894089577522
1055,2,6.751749674772294,31.10006967869407,43.22653912149569
1055,3,8.163810200532739,155.57823187942128,40.2018566816267
1055,4,11.770007721288462,68.09047651794518,121.63424053783683
1055,5,9.766941943079477,392.9645694592226,17.19596965954848
1055,6,4.15829244935688,302.9472207566345,40.93742897288267
1055,7,2.4877442883892344,75.79448479661221,79.32814688961459
1055,8,14.561215784641984,236.49810371288422,30.16375236856334
1055,9,2.2083698065913664,192.05276901549473,2.6127441458160092
1055,10,4.738911436047869,389.1875872099323,24.03343052525676
1055,11,14.742694788302572,424.12939271737446,82.65038877530614
1056,1,12.787490148985388,202.3401359911549,16.804953664878923
1056,2,3.6361822692553476,147.70092420860317,11.44442379785734
1056,3,2.737348246650283,66.36403933737631,42.23718062055255
1056,4,21.129437358330875,99.03204635381836,76.2145248509943
1057,1,3.1626429459111067,169.3396089029391,9.120658599426974
1057,2,9.840633301465394,156.19189546251658,142.92277308883666
1057,3,13.047759739359382,436.9576201172333,95.25148425434907
1057,4,10.264464198582495,133.44211956049327,19.609063248012916
1057,5,3.9033951453468214,299.4130186631321,37.91478459517188
1057,6,12.630742280169091,104.54127270210046,68.14059396389493
1058,1,17.675370900395002,111.60713892180335,63.21587448876748
1058,2,13.864695205047829,208.0217428066604,90.54721396643684
1058,3,13.683167790551938,320.8003950427991,24.35863115926704
1058,4,8.464504427170741,127.99314432180455,47.4878309900678
1058,5,0.40786335583889866,552.0432523798984,62.050149580543064
1059,1,1.9909019859967252,15.861213287233113,59.21538344981771
1059,2,5.2534245973269815,116.93366178358637,52.52763306220028
1059,3,14.804571199567267,278.8573834195833,53.986238043793634
1059,4,16.2098811477362,356.5872627565377,44.735705707150586
1060,1,18.12764889994218,434.67451609108207,20.881525410808365
1060,2,8.423100843175412,191.96058515706446,35.70264630010621
1060,3,19.231326823873975,188.47584484828013,14.741906592334757
1060,4,5.568903243803653,36.76000400453202,40.86644853226637
1060,5,14.707847721975554,101.82849915444669,33.87868141461692
1060,6,8.07664295363264,221.11137407528673,70.64331114542098
1060,7,15.650787995547578,538.3275474404782,54.939837240002895
1060,8,15.150551377858003,38.13351215174123,34.832680577378646
1060,9,8.107081745765488,47.4027666519344,28.56029074529856
1061,1,9.247606976410605,111.46018674338433,60.00221415439214
1061,2,2.060188055130844,133.78013037782443,102.30600383048571
1061,3,12.939676845341056,340.99975088086495,34.276772477303275
1061,4,21.66272158310609,319.54406019815286,52.73818170512974
1061,5,14.523261183759395,14.644533537402452,0.26422628891499045
1061,6,15.649267003003597,370.0719250492805,13.2079161124772
1061,7,15.981809687461855,280.2107963536092,18.2035331402886
1061,8,3.045188120397505,91.79874646804485,30.451070624584858
1062,1,7.223137723802518,273.34377685963193,38.12932470632091
1062,2,17.68445926336914,327.7158716183778,115.22682102328191
1062,3,0.9795628904079212,8.418336950876778,50.122569895446325
1062,4,10.821655689604468,156.62072111652262,115.6345996351618
1062,5,7.19478555886494,270.1346682226964,63.46437010634965
1062,6,5.7606019188510755,269.75484322656666,49.84866816790541
1062,7,18.670228994884916,374.48887155616205,50.8289496490722
1062,8,0.7659578722128231,178.2056307928602,84.52515094579041
1062,9,10.862046482653364,262.18808127599266,161.5670979314907
1063,1,16.61289210287629,410.91039196544625,25.056713896260717
1063,2,6.392582107083619,457.69210398194673,3.6418605834075635
1063,3,2.396296992472662,156.85785321876136,16.15886314852409
1064,1,7.328893118846537,377.1975184171848,11.53142115663072
1064,2,2.4638962124355013,469.68928287839293,39.75245213680693
1064,3,2.044649507468515,18.466816450443474,67.70651863290925
1064,4,6.667525325453658,271.76791446012976,41.131754910616806
1064,5,11.478965618176256,465.093448684749,42.53591419524029
1064,6,18.242246875994624,217.021261102187,3.972878388575218
1064,7,23.83459677550348,518.3539059391694,43.874473173457204
1064,8,11.062636056022548,385.9318591790512,42.607110385414764
1065,1,16.76538704649996,350.19819019512056,42.139407855238225
1065,2,17.439744483624438,411.6019045804027,87.19494366356183
1065,3,16.24264672040518,203.22246703351584,40.650074553147036
1065,4,9.957879444628434,334.2212095847517,54.54646580374589
1065,5,0.46630109586272006,20.86443011197761,30.60207170635976
1065,6,28.817143361788496,242.06724385603493,70.48110573061035
1065,7,0.3186922308293223,365.53169559252206,37.303035696587635
1065,8,20.532323623470354,13.584844525497573,46.24569838744145
1065,9,6.420017011824642,295.2609006040544,89.19781700894497
1065,10,5.59221322030769,320.7539679913658,106.75217002691647
1065,11,16.866807265344924,113.94087657036623,33.041406239956196
1066,1,3.559457828167581,106.67287099082233,107.09432237866335
1066,2,14.048213119248523,4.535854589316415,49.565620325031446
1066,3,8.893751469412178,143.80425064458058,36.23112851477933
1066,4,19.159736347279186,499.1792597152106,48.30012789990846
1066,5,11.14676566619146,4.6233359507736225,117.78658943997108
1066,6,5.389753836494817,136.5552951717794,81.6190229991077
1066,7,11.966140476561028,282.4039502389625,77.17753374226075
1066,8,9.942634574918888,332.4384998819288,18.28795936338213
1066,9,21.44949502202648,172.74765235251198,84.92811890787779
1067,1,13.448669365389183,367.4843561465872,24.163926568997496
1067,2,0.43701658258385123,373.22661515302354,64.68892499355765
1067,3,18.592008627725157,149.50540438266464,113.61900155875803
1068,1,8.828993259942212,174.06553472887873,70.49300216820669
1068,2,13.245491406750936,65.6038753149603,70.7438693783012
1068,3,11.250110445176347,293.50597724669433,92.67462350566358
1068,4,8.999819190484198,386.83823554701195,14.423981844278138
1068,5,3.3798331573944704,264.31582852033114,35.24929818779281
1068,6,11.831427952332787,498.94731797667373,65.73980294015902
1068,7,11.485186772048838,69.6169432022229,17.999192264973857
1068,8,9.492173693085425,360.03053699122944,37.08247971757304
1069,1,11.903218989313949,143.69278158492767,121.36727861254995
1069,2,21.42653080824075,96.65490307903454,77.78707364443471
1069,3,3.821913580468035,250.90036895387198,62.55428983096479
1069,4,3.0489687450257765,224.76531632229526,12.867504504902953
1070,1,15.187334328245116,202.75337849383487,103.80014961075256
1070,2,14.989475118217438,378.31238020026734,105.68399695415776
1070,3,8.326135893982556,303.3566215279459,27.28384016630889
1070,4,1.8672114243641431,275.6911530863567,64.52912838348358
1070,5,3.350807687595494,143.2314405268996,64.25838740523493
1070,6,9.969637827758644,165.73492581111407,6.408692967500372
1070,7,12.453331722430894,171.56585077979372,136.911784539697
1071,1,19.834723236157508,2.0200192718487813,91.65275670371378
1071,2,31.091613788476064,395.1787530692261,98.42820852897614
1071,3,12.415770784827131,43.23474480243215,15.529044591965999
1071,4,14.610525567516984,333.6192884066735,12.43470193840757
1072,1,13.181981762762655,7.207233313568821,106.28231590188466
1072,2,15.426723783528912,129.9192505595573,14.526788299171272
1072,3,18.385854183210242,459.1448636177041,94.76497831053098
1072,4,16.087559770092945,283.6431505254223,92.36258988143348
1072,5,8.166241121542347,72.19710857730604,80.36348665070292
1073,1,1.2674996465161197,403.39626222517927,25.291976642537172
1073,2,2.628544507435322,408.1608949621771,84.87054625323196
1073,3,2.8259335186869565,142.75213092114188,61.34351741541836
1073,4,7.711171737701552,392.65548238171266,84.53215765363917
1073,5,11.017172290146856,76.05676894282215,28.39406141296408
1073,6,6.707014066946847,266.9057923965025,95.39143780804567
1073,7,5.516164548203139,30.96898429189531,37.04162924736575
1073,8,5.155713050109972,304.53028530451655,44.991815396020776
1073,9,7.097152835786604,232.81267828497894,13.29243401276188
1073,10,7.54898833812015,98.24548103341446,25.75695632724583
1073,11,9.953063797277679,577.6565787609161,51.117622447999096
1073,12,4.5878305173152185,208.52762912208837,6.207642439556167
1074,1,15.27964694994999,307.2290051250916,67.47298868769552
1074,2,17.2652364033742,46.65522289492361,31.853837729227735
1074,3,10.52354584230064,106.69969711581273,79.08676886814169
1074,4,6.344594063078134,394.75550066701317,12.753623929992408
1074,5,24.923885546504323,504.3946033403634,46.209874147386216
1074,6,18.02319315648024,139.93579092370896,90.5314599292538
1074,7,8.768151679802605,7.1840152237273855,91.31272750715596
1074,8,8.119005877505728,241.8593763027939,103.21265704144867
1074,9,10.256375225059733,350.4365202076383,31.842338111138925
1075,1,7.639047213279884,181.871744851186,85.15701836976632
1075,2,11.190484404090977,237.1028380487689,62.647142559038585
1075,3,8.604401636891174,434.5959986160019,93.02346780361603
1075,4,9.58325300153223,225.64766149003103,69.23957409808327
1075,5,15.670469944776546,441.9052286062995,86.2710802700123
1075,6,8.779030880214972,77.36830212718573,89.68685352108537
1075,7,12.023236754987057,52.616646075634634,84.1340580167786
1075,8,20.614942840869492,201.0643373526435,112.66418363777035
1075,9,15.363323364751238,26.21185617669005,66.90226512051964
1075,10,2.3981194193835584,253.10575760494646,9.014572465453611
1075,11,11.346181886887,301.63254076958617,26.469921290184494
1076,1,12.327957493187498,585.2627050534453,86.72824506079789
1076,2,3.692795304684452,139.19036538819586,42.188263687226645
1076,3,7.7537319556488615,14.163295636916786,14.2786790830529
1076,4,16.536790527591524,312.07207242298847,45.53386093936146
1076,5,16.63666832046327,101.47564791888149,36.28680156281053
1076,6,7.447218181181451,32.71166134896592,39.766755402165984
1076,7,21.46516455034551,429.2839540762923,54.688611775866704
1076,8,8.46890119848413,465.3386568517218,40.13456587892122
1076,9,6.370640374410471,343.5658630783802,18.444094825954608
1077,1,9.223272433202693,129.00766868879708,5.552392945061982
1077,2,13.06694178005891,30.010794561286502,98.13436835840356
1077,3,23.69401645957819,237.3194201089272,25.24383527261017
1078,1,10.49795202400048,357.5328915432483,18.53381332116382
1078,2,21.20875396814692,134.0079477970839,20.631494855370235
1078,3,8.785445461174941,96.96888279034093,90.20347644240232
1078,4,5.6570716206069305,280.6732606110198,22.71025358211824
1078,5,4.079174921395687,200.12214727353572,71.27014308494063
1078,6,0.923048308803283,338.43987472867866,87.48286952927029
1078,7,7.868106789908847,171.45922814467835,55.94501041945165
1078,8,22.618544850331666,151.74584703933783,93.3578760644543
1078,9,5.764526527427409,200.4339381560843,70.9222394440796
1078,10,6.787579405440683,34.77917007798388,44.965006456486094
1078,11,0.09914241849486949,70.58067345777488,24.799806684802107
1078,12,10.552744312466038,103.55048544888137,1.2273614243039859
1079,1,15.08052485382671,178.46637369777386,32.612005621549685
1079,2,6.533896463384522,97.95186182666868,80.52814477102625
1079,3,2.9535894904084463,478.76141084889167,38.495498007400286
1079,4,19.166078582121703,71.3546549024021,79.25932084794395
1079,5,16.919890127582683,395.534545154665,11.121550911464539
1079,6,5.0809695403914965,286.476492913412,55.93767915376438
1079,7,12.053517497946842,145.9570091286002,112.03194460222764
1079,8,28.259258137958696,215.59698860136336,68.13684982021007
1079,9,10.393706219359723,392.6080098571155,83.16465137027245
1079,10,2.535336005542094,108.09469842580323,9.628128279764525
1079,11,28.863756325368573,295.2967675373103,26.17255095560871
1080,1,5.271135715626119,5.568482649150866,22.501733016399058
1080,2,9.335899992521915,86.35625503586186,57.93266330191351
1080,3,1.732626691272797,116.5598863947136,111.2254590757872
1080,4,20.015043483449066,450.9457169448505,140.38793383188533
1080,5,7.171953469650733,216.93899739333767,94.15770728767026
1080,6,2.1839751964718648,508.9362550473516,53.313766496143856
1080,7,21.44965821172614,176.84712717461787,22.818426822821756
1081,1,12.579018615225312,260.3789721303479,49.60753633591212
1081,2,13.012750259846431,258.0114543036971,13.426522933094176
1081,3,9.579178840823932,197.71401194767301,8.039265514143146
1082,1,10.412687660869839,76.30297864433366,90.01398223608905
1082,2,13.313095749336556,354.94625871298456,17.950798829051415
1082,3,3.178412336054981,183.89632988975828,80.82384601530902
1082,4,7.749362882297721,177.8864384089029,129.01751265975474
1082,5,4.907479469622545,338.8127017967638,10.76588293860798
1082,6,18.05113657781672,189.52828263009835,69.53335375112628
1082,7,5.50219076880114,214.12698554657104,56.75030791784938
1082,8,0.10467460604053613,126.00360515476073,60.68770060651559
1083,1,4.723648693579164,28.560780833864357,103.69200999910332
1083,2,10.803641672641161,471.84123897616314,124.47241098995022
1083,3,18.6075400835539,7.723675826359994,106.4408146908993
1083,4,9.114734872687476,158.3517848542507,33.181032539479375
1083,5,7.545989824263967,259.9109647788978,141.99123291945685
1083,6,1.475350585618246,491.5109859861768,110.36376552150182
1083,7,8.756042886076948,125.35116904052111,3.88316255077261
1083,8,3.643216243313838,108.92189555665155,45.87313121737848
1083,9,9.793082247243149,314.17071175066474,76.05440196035619
1083,10,11.670726268925955,193.45632012579998,95.7252842805114
1084,1,15.876766635324142,447.87048821648057,7.6824796686744605
1084,2,10.01629924356632,301.75156486831986,28.269300975535828
1084,3,12.3518009788459,160.8856202574504,106.07226437508102
1084,4,4.823686860225438,193.69277125863,17.803733666315452
1084,5,9.166754024767933,92.34276381808915,34.57784924057254
1084,6,1.975465277121577,95.59610237661953,19.971827513632196
1084,7,6.789479852674041,182.51437902314046,66.19413572645553
1085,1,4.604379346149752,224.20327823477433,40.55288406909205
1085,2,19.52510892649631,306.7741052896501,28.956492498397346
1085,3,7.156486203933945,257.1044795344671,27.097576297869086
1085,4,9.773390495308186,397.5047096772304,16.834792658784863
1085,5,6.86627943830523,153.8851481826025,176.32293704742494
1085,6,14.25769863755017,369.81025085717636,80.72502847513537
1085,7,15.847757061897095,271.03603059984323,64.61076800236368
1085,8,0.15521258127975557,253.67968345144092,45.66625630428168
1085,9,13.818198319946466,189.37112500393295,80.52657170911968
1085,10,16.579527998044263,236.82400369686462,32.64428727336167
1086,1,20.695960149803323,83.59332181415908,41.62606985068288
1086,2,19.919975796497788,250.87099977240564,17.798236296044045
1086,3,15.52888714202259,220.61220071847117,31.521218687052915
1086,4,1.001339485814988,304.4371111942829,6.531294238456333
1086,5,24.99527837096194,67.36943697557604,52.192314972158115
1086,6,15.260845772096689,47.44522220128917,21.618765711703183
1086,7,15.951479004962462,57.39317878858748,126.82531769851988
1086,8,10.38945376658025,137.0742716815146,114.88530600718398
1086,9,2.5899267073226113,459.4641115245866,10.704851558301776
1087,1,18.816416841895254,386.5167602974551,105.65167145585976
1087,2,5.6129280037591585,144.74592702307814,41.463161826063256
1087,3,11.582686887572269,210.8651845273975,12.973748328931983
1087,4,20.731375778238185,79.06507689433244,20.042818735903104
1087,5,2.8463880158687225,38.781824253466425,37.30466801371878
1087,6,10.424462417643042,412.179618966575,43.41208188568113
1087,7,2.94659126601883,411.4390163107429,83.57266568111535
1087,8,4.088294357132393,248.35124531092583,93.16090561101501
1087,9,3.672771794967792,218.25476117927485,34.460745007110546
1087,10,1.6524871849569962,224.93543011683713,67.29489496811124
1087,11,10.308036922013272,77.5669861410925,134.03131623739478
1087,12,6.572785604247119,283.760342470635,82.29354542110636
1088,1,7.436436311299339,153.98523863644013,47.76909431853607
1088,2,19.44089280271674,108.46502893239507,135.4878785693346
1088,3,11.485773871755905,58.57630991709789,55.406087617467236
1088,4,18.648675953664647,39.83946901978493,127.68862461675921
1088,5,13.725136245252699,28.395511463082755,29.11171986749041
1088,6,7.090301291368384,366.24352784681196,2.8248572611552802
1089,1,20.776230031740056,113.98677293491741,64.44728668166553
1089,2,4.546363988835505,107.2977391441669,69.00918326026519
1089,3,16.305896484858952,391.3891929168295,42.295423449695974
1089,4,13.242070744765794,236.41366038406554,50.70629780719944
1089,5,4.2879358435438775,58.51833661962178,76.66699119823826
1089,6,4.1702643408105855,66.53782372405402,48.729547068392485
1090,1,20.186682115048246,97.88201837769421,12.262088824090817
1090,2,20.04890857558791,64.88430434225103,48.98861706506762
1090,3,4.398513268697031,562.7237294508266,48.867765918988425
1090,4,2.295421389608215,69.78846217347353,134.86578456357984
1090,5,8.500492058171778,187.7471480900481,109.37623895223831
1090,6,18.91460418298054,68.25196587896124,18.1811042457832
1090,7,6.129639679620038,150.93235069137614,83.29225836109728
1090,8,9.391627485596876,154.06657877581048,50.200879777158065
1091,1,6.0426184631637305,500.0597727211445,78.84196522622972
1091,2,1.8802654456645946,206.06720155164655,66.0869555284514
1091,3,16.379139300974828,134.70189521454353,77.84943736908583
1091,4,19.696838219510198,332.97133425151264,97.72776897906789
1091,5,6.881151739982881,302.79912563024004,141.99111470522644
1091,6,2.440594611091605,263.30498206102965,5.39876455927876
1091,7,18.782962707812572,96.52683555890286,27.282764599546447
1091,8,26.148608877767316,125.81051478120023,47.558976057101084
1091,9,18.725251600775977,179.2057687151548,31.29347497759595
1091,10,2.5082846238515515,397.7173506126317,108.85843528982807
1091,11,4.05023215678089,57.576216411794945,23.107429367470004
1092,1,18.223032506017816,124.30976153345232,130.82920526900978
1092,2,0.23097686472217482,135.420487854681,54.03151962071122
1092,3,4.807326522694297,259.15455951556345,45.17639787796764
1092,4,12.309207878256432,66.63374625524955,9.354732037980817
1093,1,8.149753309047616,133.4878778911779,9.576366904248545
1093,2,10.588453678370966,253.25729098942344,66.43081356771584
1093,3,10.450546788069547,338.9256207229973,51.177467629695485
1093,4,7.134886782362268,60.951772703822314,11.95900846311715
1093,5,20.222906245555397,95.14180617690039,12.973314268508283
1093,6,7.077232401711189,158.24168201993055,115.54049743611094
1093,7,7.7029702783618035,595.0075348102465,52.5478881861273
1093,8,24.3991977427988,334.0893922146082,64.44149679379046
1094,1,0.44490017599524734,258.6976374003859,86.57566724467559
1094,2,1.1284357922072505,142.83037432532754,88.62726134053118
1094,3,4.0405256339864986,70.93124477332319,43.9368092140109
1094,4,19.207285295597273,337.78796810503763,102.6428639754073
1094,5,3.044544658799751,101.06585628959775,42.8632597840393
1095,1,7.8544652531900585,30.37936931713341,70.36273559716011
1095,2,7.262602001469494,168.9348341505129,55.79623737359072
1095,3,4.314510149759176,43.17045311805387,47.949215410626486
1095,4,16.747423918436848,64.76131116323671,56.15849065062541
1095,5,20.538550039844377,186.53526690892284,53.44377487183436
1095,6,10.386486475202704,97.64833611604101,10.265819262664955
1095,7,3.0751634147524785,255.227479551091,80.31489447730976
1095,8,15.635575669064963,143.21857193668063,93.73234163722586
1095,9,12.151546736572985,210.61133326865286,83.5742665041434
1095,10,4.278132718755318,28.164685335591344,75.08294028256438
1095,11,10.665233323510229,39.20204204223367,62.17450233870646
1096,1,7.3089141416354195,349.1813001350495,90.18673932386301
1096,2,5.672928001362659,141.97842487067956,3.541777819149985
1096,3,12.22358421967935,230.37379859670665,50.09336989968579
1096,4,10.704701762986577,71.42074926293864,7.154585604818351
1096,5,13.109405221243033,170.28058695691408,8.756071045029842
1096,6,4.9248183708651405,337.7815710984951,84.45786760208054
1096,7,14.640621801601739,193.80940715048547,22.718514911852814
1096,8,19.255987589348265,151.49051526671633,60.82374943044232
1096,9,4.046200342792427,164.2618139069247,56.65952967101353
1096,10,5.598738805317689,28.53823546295874,58.689352146819765
1097,1,9.039216217536996,292.95096043179467,67.8799871629962
1097,2,6.315477638232677,326.0526173901257,51.34142496372208
1097,3,8.241456205782024,168.78713027687033,3.377765949721578
1097,4,3.234990552582105,42.03629480342019,45.3284598720475
1097,5,12.393881405773172,47.32903410478471,33.48623714291259
1097,6,7.886999467463337,52.03422730711432,35.39368958997113
1097,7,10.558809711377167,95.69160155269518,13.347301121828707
1097,8,5.730635846538205,342.7418479323675,27.29036628298418
1097,9,11.174982809719431,124.89945955478784,45.739790032698735
1097,10,15.933018125178851,65.33549132543715,139.12342436137527
1097,11,12.500113218702671,230.59073826903403,8.04475841237582
1098,1,14.551936294173945,253.6738123433566,18.54064782973621
1098,2,10.165602585332266,29.717131298222796,57.34448682481135
1098,3,4.135750333172413,339.2441918050615,29.590375129146867
1098,4,4.227072636058185,183.0752017532782,64.61567276518852
1098,5,1.548676022121107,121.81001040146201,54.20649222773612
1098,6,19.368579846755694,179.30736464406624,74.60652814732953
1098,7,7.315041049157248,125.80844796564979,22.754921594569666
1098,8,7.452730914560207,293.1225801367992,28.528541153788996
1098,9,21.61014411069536,293.5800176438607,57.91888500611482
1098,10,8.837607175283635,378.47813057421536,103.44078747033261
1098,11,1.8703249692202881,94.7152841901365,75.38520825568109
1099,1,13.976518208613493,196.93421550798206,15.530425240755761
1099,2,19.868509786933192,386.36121186115156,15.992758903801573
1099,3,12.910644061203332,121.60499971264537,71.1333983657929
1099,4,17.80892930024362,180.44696735825286,78.46289459730524
1099,5,0.13564567382452886,70.94141723365402,86.03969806405135
1099,6,5.52718852235996,75.95801567278413,20.995876087742737
1099,7,2.451680020779081,350.70142182373394,93.14014742852335
1099,8,4.676156248111321,33.93618050826214,46.24684424723462
1099,9,1.8094370209324264,305.8722284616382,50.40887558741696
1099,10,7.459303942364784,353.22176000688444,12.26446968825725
1099,11,7.013797771572829,20.46594902052078,5.165122512574108
1099,12,3.654323580998847,78.54038406087528,13.921427669624151
1100,1,12.495033160589987,31.406166983073263,19.417994826660745
1100,2,1.0867281137325797,61.812267927302315,41.68753358781504
1100,3,3.72040999943221,45.23341916820871,29.501265212783796
1100,4,11.652068057493103,62.2963068959061,90.87375867224101
1100,5,4.075663856710375,137.52966686487346,96.31498164398812
1100,6,14.020707112156028,179.15470227844946,64.85764430540888
1100,7,1.1296832187174441,470.96400645822786,1.4073016467777606
1100,8,11.459308298496381,368.45716555982716,60.52043144061318
1100,9,9.640122148384414,368.8295582759464,74.81492759259842
1101,1,6.591558293148601,122.40723572632642,75.3456743962049
1101,2,3.4280721823395606,79.05096882821681,30.33911690664248
1101,3,9.14553023554463,82.60533739462677,52.53023922206978
1101,4,14.341459871891738,346.82087559229456,102.92985984815957
1101,5,0.7293039332277633,84.30041313384322,14.913009191153442
1101,6,17.077068742501304,105.09823200275154,62.282189449790174
1101,7,0.09520568149467934,103.4528854640767,14.125183719852991
1101,8,14.783886815088202,12.997025919468655,121.38562562430883
1101,9,11.508866753768817,90.76630036143509,63.65212202675611
1102,1,16.895925356708958,247.32822608134725,59.775460071160715
1102,2,1.0678054727264445,81.75797951669736,34.22721838187235
1102,3,7.381416075990552,213.92426412146162,23.544958380006662
1102,4,13.430203105117855,185.55861320856388,76.29856203233585
1102,5,0.3957144794490972,317.1375707131567,115.17172838889599
1102,6,8.883655793349874,381.0613522346599,48.88978255552379
1102,7,7.070890730453195,231.63685436492702,112.76798793542247
1102,8,20.42210037523946,29.6708840476052,8.85260720782071
1102,9,9.390310664261179,93.93758933722489,65.2944428805757
1102,10,9.03039207525399,131.98652343895733,129.09613504501922
1102,11,15.478942621284109,307.2317357932804,17.711515358479275
1103,1,9.73969188268526,64.94795493323534,55.2109187629904
1103,2,12.844401834254532,231.52693360337892,45.728809653841395
1103,3,1.3093860023869723,66.5688622565761,89.85727772886415
1104,1,13.294309357636461,312.85463564675615,57.49086427070111
1104,2,7.3712716211692975,132.85644954078765,48.909700353040336
1104,3,11.059741699579018,204.87483994201472,110.21134819033733
1104,4,8.095505969304241,121.00653247747215,29.490904983531074
1104,5,4.124977174939699,131.74664862602447,8.78378291902942
1104,6,14.294878577932574,259.8357254784942,8.161144140813377
1104,7,10.661604556090655,367.10599032482605,92.30643738011722
1104,8,2.7229889733585066,399.8854411841411,28.8209853210915
1104,9,10.150365061305713,147.22811970962917,1.87022109175399
1105,1,4.540964559053802,49.5798035068259,17.549090711962563
1105,2,9.725865316193842,160.4517281766311,109.28816834122699
1105,3,22.470566129661933,354.9433573526683,65.67521008052249
1105,4,12.282307577745827,279.7175712694307,53.444773866762205
1105,5,11.273984799656354,49.16464559226088,54.64637254110953
1105,6,13.490557455981271,250.74486911876716,95.92312024745485
1105,7,20.28519935559636,121.19636674569674,4.633374346507651
1105,8,18.790854978331673,299.78885401200944,27.090986124291582
1105,9,8.436450876251147,154.40610290724908,60.83297395818736
1106,1,5.224341925618905,382.9348549390923,53.53408258327475
1106,2,15.805925655022328,97.76166354721533,42.720877474404375
1106,3,2.3581019244144095,157.83469902823947,59.02311357359871
1106,4,6.076338507673408,190.9043877507468,59.561663851162415
1106,5,6.255953694640557,160.33227364711496,20.757673766671626
1106,6,3.4111824761247966,384.4219731956234,7.203003931388622
1106,7,15.977139121202557,4.663241327533086,110.45823544756885
1106,8,14.026927514373131,143.9439361018956,87.7568591623137
1107,1,2.6207593233095894,3.274449316630978,66.86280503694051
1107,2,18.870609703068567,43.643220800827606,46.41393359874992
1107,3,18.30977315121072,336.6333171844381,11.796001716584513
1107,4,8.565555497177769,41.35806271545056,64.9651460974188
1107,5,11.158658095779579,284.7617068299017,11.798858481143775
1107,6,5.106812345765785,348.2743954967691,91.23907991200682
1107,7,21.70586491102467,413.1620889594451,15.948188824171638
1107,8,18.56879729808508,194.83053888605525,79.09947488967492
1107,9,7.633310127402188,62.75319061187514,38.61151855777368
1108,1,10.452020468379512,100.58655093795862,17.706919557831633
1108,2,7.655398882472844,44.29443556852297,70.04442187333406
1108,3,24.599391819813775,34.40732718513348,104.99422885266048
1108,4,5.808880439806483,110.95158751199058,4.339977441997533
1108,5,12.400744698559869,1.4447567043090146,31.039623789139785
1108,6,17.76196595442649,434.54675794971376,11.992712619815471
1108,7,7.870433934126574,178.71397613160303,8.86113869530746
1108,8,5.982732818529872,104.8260551275227,69.54810333923848
1108,9,11.717034298385416,218.57923667835217,41.556785940087714
1109,1,13.228086404433906,390.7212188420566,37.84710213827064
1109,2,20.877497145443986,367.8909185093173,32.16488837430151
1109,3,23.467686230133037,267.0402972360018,137.71875904246951
1109,4,12.122275779983143,115.71052107340462,19.298534265863736
1109,5,7.509795816869426,114.30575869555008,100.85554227834776
1109,6,9.797180288148239,42.10340088436138,58.52017263486754
1109,7,10.878591301772005,129.7088568246484,60.70368087937083
1109,8,9.69123396809772,295.064805106485,72.99915754732882
1109,9,12.554319994793502,5.171614434490266,134.76066912569246
1110,1,0.8918999233261751,69.77923249485102,22.42295343191013
1110,2,6.41760847975859,369.39345667715963,49.788432599768356
1110,3,17.709287815536797,249.30617629073262,44.45684994753969
1110,4,6.322698916314483,271.83755617885333,105.94208134166607
1110,5,11.805932614907416,168.43680443903747,157.9588371928685
1110,6,10.60307365400273,45.75256601061048,63.11300650767144
1110,7,5.881210730338181,147.0432277209822,101.13813448000386
1110,8,16.144588245134166,64.3076540560944,19.172935551842926
1110,9,10.987530963562607,345.8859525622157,39.84080233387773
1110,10,16.85737146150084,569.9073066222124,97.45380818514025
1111,1,4.448412896616524,224.46519392061975,81.0016044716188
1111,2,19.74425762863155,340.7517521907396,73.30028844368519
1111,3,4.947430788165739,102.41172211365509,18.975649611392853
1111,4,12.700021277648442,216.97638837144456,100.9116218484713
1111,5,13.196620349361684,151.41599273326722,30.60976693275847
1112,1,10.143921076944057,377.55033112974644,19.894525946839366
1112,2,3.6344147830242814,541.3655072428162,61.00753667097199
1112,3,7.150747671261087,319.2277753232431,18.598919991918976
1112,4,4.719522385364911,253.21999216210833,20.768646638206853
1112,5,10.709728446909297,249.4101184757704,55.68464678263109
1113,1,1.962967884783879,56.11583394744838,9.156578859459607
1113,2,18.900323012600595,172.5116404643419,96.9339050464499
1113,3,8.138826242008198,382.7880908907582,38.89880839456275
1113,4,9.125392010480205,44.425803042270815,119.11874440840154
1113,5,4.723582282692646,8.43481432048165,114.80500706364788
1113,6,14.612067777847393,437.66596151017177,21.471277455083925
1113,7,14.236165959124136,410.0156644428672,4.296819114919977
1113,8,12.286135533857216,132.02468422634905,34.27112921839197
1114,1,4.252349254257577,209.3366551036517,93.73538207107448
1114,2,13.206091988013647,461.1170175222366,66.06040959748955
1114,3,12.540032980899426,164.94501484030636,12.055544761521347
1114,4,11.03108647926093,206.22735650232866,76.54254646094705
1114,5,12.13407323367648,240.38627374980166,95.42254996806352
1114,6,8.17210277350589,325.790448844058,101.53985045988775
1114,7,6.124796521512623,138.78376437407417,19.275981453209837
1114,8,0.49753388451441616,476.5766198483563,177.40377928639379
1114,9,11.473353866852701,150.40541538265836,119.51534072871885
1114,10,14.207172080934868,86.87346676947188,14.871136756463024
1114,11,15.732127765427833,257.4699214209128,94.89296732799825
1114,12,14.926369348988663,16.906785313705058,19.0548828863276
1115,1,3.8551436571718876,554.4297612369136,35.625882762347985
1115,2,15.01766497661185,373.6257768695744,7.533584348359774
1115,3,19.93013285723166,78.95193833721791,60.583375067497876
1115,4,1.1597808861755894,145.0255995682187,17.525827864572193
1115,5,11.865648055101541,430.2232212466638,51.31382182642215
1115,6,0.09412713338401346,149.2391932202851,58.54472009405786
1115,7,8.980361418744492,301.8125459226469,130.62406179468752
1115,8,9.588048840345994,180.46272181477065,21.153135887141016
1115,9,17.21087069020007,486.60124558782536,42.40650671537932
1116,1,0.5105656049098197,194.28302871049345,4.865042794283696
1116,2,9.48264821602325,128.910119076728,59.21070921544414
1116,3,14.37983959776168,236.16199987988307,68.04186168648596
1116,4,9.236771272203331,134.70219476515445,68.80474731158273
1116,5,9.219865288852708,189.0035326828784,65.90979861787447
1116,6,2.767490813842376,414.44166411416484,40.025736777749486
1116,7,10.869271311790497,193.3220828104133,76.1097261560848
1116,8,12.374271696795876,192.51140796957574,107.95016464547487
1116,9,12.423419264432802,386.4011570700421,86.80861620763838
1116,10,2.8507164296171226,339.3924826575879,92.33869782238155
1117,1,2.0862263771651577,59.13336253041075,8.541153149378822
1117,2,9.997512446574746,240.57264920051895,64.18117153521432
1117,3,8.13894742288194,183.035061040944,45.78789925040746
1117,4,8.371818127135391,75.27432515413506,11.736387990433911
1117,5,13.76368263573246,133.31926622197773,29.96663483978374
1118,1,18.864108466282318,241.40010835951125,83.24732171453607
1118,2,10.709803002845048,4.439980682359277,8.000146692126222
1118,3,16.359767451290185,120.0559097396096,18.818719463281933
1118,4,7.628266736876385,162.01349098283222,97.44814278840074
1118,5,2.2161756328887066,286.3745551236459,108.42876790300443
1118,6,16.617284741627223,548.568362696285,31.707846738286115
1118,7,16.245256280254296,187.09991655638046,29.244491185608492
1118,8,5.540430509693081,130.2852627734536,92.60342386061701
1118,9,2.009643428250568,514.6463481860284,66.39220187203854
1118,10,2.26179459673825,234.29559050233803,77.4708367156235
1118,11,6.57782538775748,106.40678567517149,128.96679254520257
1118,12,7.620811744322447,178.45579074869252,102.9351791560224
1119,1,9.490015655136656,188.72546553369816,86.30602885772215
1119,2,1.5348672908860728,172.74578649169436,12.13867234719065
1119,3,11.771406154230192,322.35518184036664,61.15529805790828
1119,4,14.961436513965667,385.84437515832167,70.1370321685092
1119,5,15.189079308486747,481.18946559924393,155.58929029486563
1119,6,8.901850313388497,58.993983317057285,53.16974119399332
1119,7,23.47334666467966,114.75559707747854,68.50619732192598
1119,8,14.620324747859751,320.8173054609132,39.96531143371442
1119,9,15.562228641203145,281.31883027317144,22.87939583528241
1119,10,21.38491620310156,301.5274713464593,1.3513956833888159
1120,1,7.398874412804348,320.3815325815838,20.16914366333301
1120,2,0.47414348112002713,435.4010855805066,31.064873510054824
1120,3,3.6603032906350608,97.40723550211366,106.41342201035762
1120,4,26.052906038901984,81.54897162202109,42.20903521867872
1120,5,12.252703159553421,79.46867614547779,29.567786315475743
1120,6,23.230484036819057,151.20491948796328,100.55086407766211
1121,1,9.525707116407368,181.3960152177026,39.19717688330593
1121,2,7.0452491175738885,198.27303413081458,39.18498516798579
1121,3,13.617704664211324,310.99029298549016,35.18366885788018
1121,4,23.99764520794054,114.45064172922504,50.72067053286755
1122,1,1.3562814744271403,388.3544963867255,95.49295173152643
1122,2,9.655369827657177,423.6174240403333,70.72245123902894
1122,3,1.2686952687084982,248.0322889504912,21.326217132189562
1122,4,13.478714357656969,345.5494076536802,113.76551911616629
1122,5,17.817467468152856,438.5095717766868,49.59118029281682
1122,6,18.093210157589525,231.73512917378133,10.652589960179931
1122,7,4.320671055092362,148.22041730248486,100.00357894554463
1122,8,18.514553189094322,102.97705805699209,78.70477080789823
1123,1,10.113680101111827,150.70209680709985,102.91922281671266
1123,2,7.3092476632320516,14.542481069614325,31.24778699156751
1123,3,7.489697798888726,278.91499182419926,35.059237785380624
1123,4,13.080675593802642,81.42735918664721,38.21293280821376
1123,5,4.50476006301235,73.00376154857926,100.99334229136049
1123,6,4.994092999785118,147.8592826778352,91.78417839797717
1123,7,15.250009773900707,446.1810824992302,69.31207458016712
1123,8,5.797204272197595,508.5716973433849,73.28322978221073
1123,9,8.917132628388337,208.619832455078,57.17126317802859
1124,1,5.465263961075768,366.5571740286192,27.061990332686896
1124,2,8.874209600539661,128.04168882140692,15.185680695537783
1124,3,20.792621888790762,16.1493417538002,65.89106924128095
1124,4,9.084434994269314,271.8074737339986,43.18317074213202
1124,5,13.447278602387144,242.46036170997468,73.5450766254178
1124,6,22.205267383253368,80.02968648295808,53.25048959343142
1124,7,3.0436591890683715,91.30882195890158,11.915374353241596
1124,8,7.954977559408782,368.32503677073134,34.88350685384306
1124,9,12.421348398441319,334.516202060478,15.934986587723202
1124,10,4.416539054927714,200.04773943708093,22.071541174126452
1124,11,24.064585276973325,200.84686874134053,72.38342036832347
1124,12,8.632151975190995,295.41241206151767,43.027948069384344
1125,1,24.221164135014547,290.6768595936362,17.18765357436616
1125,2,15.12474960069849,59.33309785482959,20.162759011607704
1125,3,17.64746326778925,244.22514531540438,42.11011951077669
1125,4,1.6579984201998847,152.7008623075509,57.68906419534482
1125,5,1.8409754903412257,206.3389063817216,112.01279007727021
1126,1,11.586322062219494,134.96347747071113,86.6899568821228
1126,2,8.925450113456225,5.326013930622196,96.73461102845204
1126,3,0.7927174046367806,109.73187367090777,42.01203672247427
1126,4,17.040800344614453,121.02727659646348,12.931313501196641
1126,5,11.138711500922772,167.90514151600712,31.304376038433553
1126,6,11.51539749541492,19.460567691030178,18.873621638627228
1126,7,24.9711107508778,215.6279140042366,56.96723527849079
1126,8,4.526074335260456,334.6548265241016,28.66058959416614
1127,1,9.503033814463741,181.71912438492868,34.47653280097849
1127,2,8.22605496651955,102.2438839657037,64.79121279080913
1127,3,17.716579231150774,206.2798217889578,130.33249266309082
1127,4,10.549817395513292,320.90821050834245,19.610138150412276
1127,5,9.194303919543263,153.44010263529685,1.0938267633817276
1127,6,4.620952836924301,253.60334587242068,101.35641270749736
1127,7,13.930569537439032,250.43336786711086,15.687188929756275
1127,8,13.398604069621944,105.12211139847288,3.1068657185303152
1127,9,3.7057893209736505,181.9918221628227,28.401558177439874
1127,10,12.013073338819325,143.33245898268535,61.11394636793739
1128,1,7.822523781981094,337.71868949051844,98.75765951591481
1128,2,17.50249314578724,267.8419411339317,88.32270878358506
1128,3,0.10998282551607375,185.96575457191346,23.254045039260156
1128,4,20.159766225994808,227.59515787403535,43.638831014307
1128,5,2.874691159388373,41.105887484991655,4.85607594171487
1128,6,15.21605832605104,289.6935778010695,60.0041744138575
1128,7,15.538044959582523,79.17206054687382,23.746720898227466
1128,8,14.783166546556341,191.56222952758466,83.31390837235831
1129,1,12.982617460101663,96.11504077893723,26.69420035226979
1129,2,14.353395901459184,365.1391882499273,41.01752129310064
1129,3,16.214296086554594,149.7180810234624,46.372033547261104
1129,4,22.26700151871091,156.2719919440354,35.977224297864225
1129,5,3.089856662451199,303.51097399714877,21.606345381827722
1129,6,11.030575077088848,152.7441368850923,32.16829138032229
1129,7,9.175893570968496,193.87214906608878,97.04316238540899
1129,8,20.641482996848055,297.60726536623815,100.86223653883425
1129,9,15.979032295227007,274.192115290373,108.20571741173778
1129,10,0.8406775835227354,97.33066981261452,17.16393892575627
1129,11,7.890284583523791,302.8850537126442,5.395861912530073
1130,1,13.244978169426851,227.2139554777306,40.965257433676655
1130,2,8.926949934019348,102.79447026074628,24.217033875772955
1130,3,6.170674906573157,158.1137786837446,54.88098417565847
1130,4,9.463756863701219,150.8744635974391,77.82824508687204
1131,1,14.317761592007894,159.035987369094,41.95436750101297
1131,2,11.942925918471268,258.0719985153625,98.46467915654685
1131,3,17.33405059356484,193.45972387033515,6.405748365047465
1131,4,14.78814441511361,279.1722613889416,58.68095709338121
1131,5,15.412401517010183,144.7129116889808,13.800975062191512
1131,6,3.879483449735928,234.5386955646997,67.75344184162543
1131,7,9.53782189052035,329.10535331016354,80.14240617600058
1132,1,6.5713476863312,48.736577547325,18.714431068186844
1132,2,5.677770094474979,65.30050022252229,16.107666274669022
1132,3,22.032932920438768,209.40919092665442,86.37403222021808
1132,4,18.396036315345434,70.62165431787906,19.227544010188176
1132,5,3.6519228831981057,194.84903698701152,67.03810213788128
1132,6,12.125822854977454,398.3517470265766,68.96482646301143
1132,7,8.253196578996807,94.69674055049906,24.815442056835018
1132,8,13.57953777416041,197.92254522015878,71.75852721458105
1132,9,15.516715002472134,162.47219124213748,18.039628595072056
1133,1,8.518927392468424,281.461928410311,105.45509015813461
1133,2,17.568945311525006,338.09532049017434,93.68408052269992
1133,3,14.123933461340119,211.6279638082263,9.996212579388278
1133,4,10.222642898094467,46.37289249174211,29.117503169030442
1133,5,10.45409447296386,208.95073431676713,24.829923255840907
1133,6,2.0664519375530297,115.8647586591129,39.79544896401643
1133,7,11.324588208378403,303.8258579908821,37.68757098736032
1133,8,7.306500048366435,104.02840000780527,47.187361945812256
1133,9,16.54056168384688,42.924379625163425,28.481520752176536
1134,1,11.464426179497476,80.26993925163339,21.468182338176106
1134,2,17.895992931851506,279.4355139929746,78.97490152614739
1134,3,20.162228456228156,85.33388880046915,15.43189823722183
1134,4,15.991614760319345,295.0645328484682,44.99169547919797
1134,5,8.924092096730575,54.35472187349316,113.1386566834658
1135,1,10.902087637713596,382.24782728394996,15.996474586974458
1135,2,12.576810398223436,338.19131253075545,39.968976537243414
1135,3,2.8182324765941367,169.19744426700672,8.34163330827613
1135,4,5.054222036815885,287.20986683562944,60.574640703757744
1135,5,14.984159287498144,272.57297484296697,41.75944226276498
1135,6,2.9301961370199576,248.5514872006855,28.62257786653845
1135,7,9.024803664916991,92.76477825750514,86.15672879438179
1136,1,5.687004636609428,212.90312734045457,90.02175829876619
1136,2,14.256962876399507,217.99224757458327,35.766602586021484
1136,3,20.66003205192091,525.480903025405,36.434023797607544
1136,4,17.296054315917857,93.98755115520463,26.49256185243759
1136,5,7.296285339510508,302.7024031409524,7.0034682264376755
1136,6,20.849749589029642,340.6808386059544,76.46060821715523
1136,7,7.9432973379811775,324.4231384785112,66.69451445212259
1136,8,13.086309544447493,224.01831014941183,25.448622608715795
1136,9,12.84377087912518,288.6337588814109,24.149309793367138
1136,10,1.6926000764354345,509.6583727776427,42.54585815590135
1136,11,16.829382416488713,369.0202886434513,65.75747255981071
1136,12,17.120689458324954,116.93325372470775,40.7788235327737
1137,1,11.564191090217491,13.986773238287782,69.59809171062041
1137,2,16.915690892138386,106.84385971528765,63.78927972147077
1137,3,14.659042909131552,331.7514050433142,54.408019550591725
1138,1,4.7932867420121585,321.28296181795656,57.465524125711056
1138,2,7.13016166758578,48.597534807555036,21.460742325699634
1138,3,16.158523815196087,372.95592086145007,77.7960142692244
1138,4,9.795745711544367,303.9325703076262,62.655040727714784
1138,5,5.7864274350704,62.60303399158943,37.45627448276709
1138,6,5.557576520362286,219.47552974659592,114.24805373514067
1138,7,11.959111220338027,420.37905979568563,50.0209111301454
1138,8,8.82559931565943,27.25442975569925,75.59161429771547
1139,1,16.364034835441725,34.94772146322879,100.10892357464739
1139,2,19.302354968031683,503.1181166386534,103.0710377565652
1139,3,6.223234951372876,419.8185410800714,95.20799980367785
1140,1,4.926834316806526,25.890099251017716,81.6563322994025
1140,2,15.641160623048144,68.00450907046067,55.82390027302648
1140,3,10.952344639340089,330.79450726508617,0.19726984064607933
1140,4,14.196412664977263,2.4846123491735455,81.08754950691483
1140,5,17.43888180933202,99.56129095401613,98.76515466166157
1140,6,1.0182307411315197,364.93751678158225,107.53824952650562
1140,7,12.420706359060722,170.67113284559585,62.49679280399692
1140,8,5.773691418882111,593.6940018744116,26.53874838262835
1140,9,19.22180818760123,88.81588738637868,113.87233118014598
1140,10,24.086300072286186,257.8986216529015,61.46629074268601
1140,11,3.30394682650795,38.649858564757295,61.91658420662513
1140,12,20.207347340267845,117.76962662764544,138.31716871176744
1141,1,5.728978422591134,204.50598852787658,76.91598094254616
1141,2,19.191511457873865,124.52627449767036,85.80266056330801
1141,3,19.14460405955041,212.35368004037167,68.74686474914839
1141,4,24.320537720339523,106.24533035189032,39.233450889932655
1141,5,13.89181665722585,67.08989877495921,47.05743723760954
1141,6,1.4680731288576219,83.94624970435149,59.61359165235901
1141,7,0.6672224322519344,61.76234797561585,90.9541073374867
1141,8,11.188481706952894,194.45529375201374,35.11365079863413
1141,9,20.770960653278777,535.7672689629851,74.26099811136598
1141,10,8.427842856008407,194.81959115635917,7.738730392963461
1141,11,6.8575445483139195,272.1619280042037,54.229725453727035
1142,1,21.37349041179581,78.2032756825654,54.30259337479181
1142,2,5.808253735253823,295.42689720158376,46.43147446721436
1142,3,3.1719272038798145,61.858418600013295,103.05954737551045
1142,4,8.46795348629399,165.7997423786827,76.76679557769708
1142,5,16.579680496279195,186.63699464126088,36.639862690463616
1142,6,4.3785229996324535,121.59539599649139,5.983306633080701
1142,7,10.539593768665036,206.93358414792658,101.01639741114161
1142,8,9.770743822663158,68.28078546453378,98.11669234385684
1142,9,22.257999142705316,337.48613725625034,47.309666425563805
1142,10,7.8438014781448295,21.264340138623794,18.395365612974103
1142,11,6.8615460064216665,1.358343884702407,36.60284162279535
1143,1,8.02874949882058,246.8206199546449,83.38388958059033
1143,2,4.998391340832349,559.0699013386343,5.77740011047279
1143,3,7.502716575669011,476.50645534003667,97.19279201460421
1143,4,7.503191736242355,302.046434310079,6.90455073609499
1144,1,4.325936042932951,182.580434338354,28.956963699333244
1144,2,0.9436217162965939,225.70699200853127,57.12326266642698
1144,3,3.187511111606641,119.81235985168206,120.52166767912334
1144,4,15.425899683896738,132.1620843936644,141.67837307743918
1144,5,1.6214381161984868,78.09579127751678,45.579433171682915
1144,6,0.717049457634209,468.546374694177,57.32608154837122
1144,7,4.470358001701437,267.1680427107142,55.84223393191565
1144,8,7.8674424111190735,18.722724976777982,7.44847702116428
1144,9,25.307606982102584,2.9102327664995755,117.91862077405503
1145,1,9.042582553239553,137.56856228597434,61.990641475638796
1145,2,29.315595406506432,184.9148108269169,24.37121852984152
1145,3,19.394764444413376,113.04693977478661,45.627568313720616
1145,4,5.5491517400687504,294.3336750812066,55.44908917123216
1145,5,2.298617387607907,297.07247887083724,17.17551973687413
1145,6,9.668174632765668,135.9285628453955,82.58315561936942
1145,7,6.788155498869738,263.67106189759534,5.3906695419716755
1145,8,10.442236576844204,101.05877718121141,97.68717736476106
1146,1,16.646251316227552,276.227794493768,59.671633455505074
1146,2,14.057757961352104,255.66870116833735,1.0462446307544653
1146,3,8.262795620240158,302.57081502861007,26.19080133306766
1146,4,12.499959802357637,365.3598792055369,22.243099623212828
1146,5,17.127725881616904,184.11242572549295,52.929732057569474
1146,6,15.92519528575477,288.9900774000116,58.75647987391318
1146,7,2.844132638019916,279.75979955738575,44.353995756769805
1147,1,1.221783728845386,72.23712431410623,122.11837821890072
1147,2,1.7977828884759095,223.38359425723812,21.668946466527732
1147,3,3.4421603279971347,311.2485624054889,41.778563533498485
1147,4,12.841205257937885,138.27185816877915,70.1247912784824
1147,5,4.955828617285667,81.8277926737403,125.38958219148702
1147,6,14.20709468546239,234.0916119019397,99.97675398959463
1147,7,11.732984969719752,80.20789847845909,43.00129558070491
1147,8,5.251436507655633,124.94706607629357,0.30814663436964906
1147,9,3.209855969397763,334.18782990030127,63.28301755212991
1147,10,6.47890863227944,45.79522033052973,33.78412084768268
1147,11,1.786948620769481,218.99458991365287,87.8188592797026
1147,12,26.56880862041316,34.511191615382245,86.15209783802436
1148,1,5.04951988011487,101.31838741025975,37.58053390663442
1148,2,0.953529273456553,255.09575089109688,33.295522145759
1148,3,6.2396026158777715,204.10954028134432,16.79914708957304
1148,4,5.147530347965969,172.05742909173205,108.58811999417114
1148,5,11.283758421132399,259.40699727991193,52.47823753924734
1148,6,33.86813826285041,334.8251729314608,31.323019968600562
1148,7,11.556099383535791,363.54396504970964,8.033956008590224
1148,8,10.734568516709873,119.29203799153204,15.814480339435796
1148,9,19.351789932707863,100.53494548198591,23.843383363620212
1148,10,3.6910965763571353,36.76075420235051,28.14095942678319
1148,11,5.828305763861894,21.820495809887632,48.905045896926744
1148,12,7.708584001348296,215.23534769474648,89.05237307428041
1149,1,6.284758402079908,297.74566625082855,22.347875480378793
1149,2,10.004810111629682,403.3346338841051,30.486040910585874
1149,3,11.575554286114972,238.9570696034415,60.91308543301281
1149,4,13.71121796926651,236.9433435412072,8.920920743882661
1149,5,7.105720416642001,286.3434697556588,78.18458157595552
1149,6,4.800079649737558,345.8874450406906,30.910812752167953
1149,7,12.328025305087472,229.27898115595866,13.47738335608932
1149,8,8.080137937994547,106.57558664599424,34.25471685913258
1150,1,18.63536030516184,157.87311183855323,5.486412548863846
1150,2,29.047934805429556,267.9713746506233,67.2742480303345
1150,3,5.8163128507104895,303.2230090370925,41.68868838456645
1150,4,2.6117529700271227,149.21259896977128,66.119687485152
1150,5,20.733214811524885,36.21746513512167,0.4476412619646126
1150,6,7.013921780307751,59.60274096875756,50.10039239338002
1150,7,6.557413519128282,218.70097065065485,56.699036377425244
1150,8,0.522717768291546,168.6773644502494,18.05202936937527
1150,9,17.967238684665833,98.05131585439692,30.198619062682802
1150,10,3.6457970453658284,195.520033858271,43.914191447067566
1150,11,20.372661657365615,195.45240912591456,103.81457320619393
1151,1,17.518095517422005,83.59869331420066,2.8914727917345715
1151,2,8.85383492908773,40.43704567198586,7.253089317328325
1151,3,13.791158743212117,125.76568331406189,9.468995495919259
1151,4,4.614011230399704,531.2611655095598,95.13236218250684
1151,5,6.838566577565883,213.1787017495906,30.458757516120475
1151,6,13.573197115538756,71.86784484231791,28.273071340927064
1151,7,13.187805881361477,418.07886566696106,79.6566037864842
1151,8,18.637397143136496,153.13739937332315,25.079583704922264
1151,9,3.5686679735734668,210.82975360119258,65.16188125425761
1151,10,7.89996222990956,83.49480108503981,99.73613759372527
1152,1,13.071390497259586,5.117603872985882,0.33842456237942997
1152,2,11.820163198957015,257.9743781879828,86.14668748455807
1152,3,21.631397789914587,159.5989923029547,76.83567583619713
1152,4,2.715667684247169,187.8355172982956,10.831525539622639
1152,5,6.6459176199119,522.5899402746302,16.520594812275405
1153,1,15.18748854947358,39.902410662017445,97.0979939614349
1153,2,7.685762732465607,39.091404311472246,48.72370217700598
1153,3,0.674643179780638,297.53305047658347,95.78578069426956
1153,4,2.991045986541396,174.74897480127075,84.86457638163017
1153,5,0.684002892225708,16.792293810595282,40.5190725151809
1153,6,8.047633792497148,207.32060125536265,45.79696908274119
1153,7,0.6914114797084672,42.252003898869134,2.724754357899613
1153,8,13.520263463853565,342.6611278028718,46.44049602067241
1153,9,14.97373818437617,108.77319469166412,35.314669097970004
1154,1,7.680093129826618,195.78530057075673,117.41148512860264
1154,2,4.2869105216555745,147.78642074274384,89.69423368727466
1154,3,4.865852215757172,120.61915343323938,7.658240799449217
1154,4,14.363081396663729,14.947807646417345,92.09449847275303
1154,5,1.2626404494252377,86.39993798708562,3.1035535049423757
1154,6,8.019589381799971,361.49046557497184,22.059265590580722
1155,1,4.243243226406349,314.5721308609646,97.82555208398676
1155,2,3.0436307188375213,89.7551069683394,23.644480162348373
1155,3,14.736473204375427,254.26139625911898,46.02936486471963
1155,4,4.54072781959461,441.18701494444446,89.10406594591475
1155,5,3.96766804824372,328.5079127090693,38.45315525404274
1155,6,5.789471397618968,314.93361418080923,64.03986936810797
1155,7,10.622979617960699,65.09944886110944,90.58840187948101
1155,8,1.3451365568302212,316.11916272442517,53.588543409684185
1155,9,9.749954908770375,117.32593859756568,56.58736546202984
1155,10,0.37066508745309257,385.1964218371826,33.880000686742584
1155,11,5.17157225415721,170.48083569056905,35.05503449176236
1155,12,18.703816395048946,60.00450446285504,47.03179035877373
1156,1,6.775649453373594,110.4911592729787,8.328777528140456
1156,2,13.136588268501614,3.359461303802675,47.94360664340572
1156,3,1.4249361615330933,363.65734578739824,25.408410435105814
1156,4,4.906766655092881,65.6605214323306,118.20809406339703
1156,5,19.29219615563052,208.15399843116685,29.92156696353401
1157,1,24.52939464676509,358.2953232403296,104.23037976198418
1157,2,1.5555306672732883,613.6588931904498,56.25944155318461
1157,3,8.2983078446326,225.2878951572226,9.027514768665768
1157,4,11.638384189878806,81.03424645331422,52.90569100029792
1157,5,11.013790651014327,111.10576357891536,22.14685412404519
1157,6,11.915971539425625,199.8424584016339,57.693878669192365
1157,7,7.049448217476833,101.46220680788763,41.39619399596795
1157,8,10.974055873365987,301.0507776317384,17.592919998017287
1158,1,15.538060682733677,33.913325098834804,27.38780930111277
1158,2,6.745956849604796,314.5604183665521,116.6154620697107
1158,3,12.127351763600318,193.1216658002869,46.75931459102518
1158,4,10.861928684479572,258.9671608892632,46.85724769096098
1158,5,19.144623110758992,66.75834948486343,8.76959238899218
1158,6,5.713428497194066,590.2805207967864,42.805800347290024
1158,7,18.041644375618773,369.49939453760794,18.755032136727806
1158,8,9.604237319580491,368.03277469364104,164.46865450575473
1158,9,17.548505970962328,148.63542812346958,108.4095471654939
1159,1,7.995748978255452,278.47354066602554,57.955120475948085
1159,2,5.230910229406369,396.66524634182224,119.75911768633907
1159,3,9.653844971368775,113.94343947646394,113.80481674400059
1159,4,5.361198412377892,65.8463980922237,89.1746244161126
1159,5,19.740805552890304,152.0709613466378,141.2119055467449
1159,6,7.112052312144421,364.209864999253,53.45661253584804
1159,7,6.593441171003574,331.6662142293221,34.39166938365581
1159,8,2.39075787320449,217.3172729254252,47.83236847609077
1159,9,4.536090237132213,114.0274413947224,33.47829984076034
1159,10,1.383737313935077,53.60272077886847,87.32357725099251
1159,11,0.033615156580379946,197.3294448887371,24.77212193640922
1160,1,20.542983567295657,10.297640242433943,34.108070142318326
1160,2,3.1495375797323,235.90713361142573,66.86054588625848
1160,3,6.510934131787085,338.8695565149453,4.570284284197172
1160,4,10.489418897559982,242.3830476113749,101.60383250733534
1160,5,19.0953357156042,5.028613907699793,28.21227250713767
1160,6,15.066740110183552,105.9340838061844,54.21539442433975
1160,7,4.984920729328025,36.59168638079396,14.145053943729707
1160,8,16.69007635065862,202.06741469463108,100.87526553622232
1160,9,13.642944864680938,440.9697847221414,82.72272771834943
1161,1,5.797370731787767,89.79975960043082,47.714800364980114
1161,2,15.877753706291685,38.56871154723132,44.45327691979686
1161,3,19.972731620489682,61.18300719168826,75.70091457302183
1161,4,8.540890868361904,82.96631966341579,27.826968516506106
1161,5,17.230074417090258,180.4649614772353,6.969737649928412
1161,6,3.93430469477149,125.14475039378763,84.71387429668367
1161,7,6.481955401151814,196.2837493836404,22.343779650691204
1162,1,7.210539523100367,59.86934023632969,68.11397945808207
1162,2,10.578841412808515,67.46503413805124,23.7741347713485
1162,3,10.070735414419932,524.6590494987711,20.992764705736082
1162,4,5.728227879006444,261.97357847829284,45.46896697754341
1163,1,1.1681299952714337,56.45957310362485,26.03096513539927
1163,2,4.416095334912799,180.72237640024542,20.486672091300363
1163,3,15.735366212768987,165.62702961488688,124.9429430011448
1163,4,6.069540192395957,221.10751980523355,38.445529753208625
1163,5,13.078446404143756,359.86266934955654,74.33123835708386
1163,6,4.215573886262408,274.9792415709301,9.564874308758448
1164,1,7.831615751086055,141.1138251640455,86.39562944733163
1164,2,1.888175389308019,195.124505375018,23.40381542451641
1164,3,25.291442614854223,15.93539189917027,22.96954995426384
1164,4,14.243746681764751,151.15085996683626,8.778529429649893
1164,5,6.558325756532042,427.3868435939295,50.120025671194746
1164,6,20.253049295121286,14.082809787707589,93.48507454373319
1164,7,3.220715892915557,384.0262911754255,95.80736400019698
1164,8,3.0361264201687463,263.3516878933549,58.275905437063344
1164,9,16.552804823022836,30.10816453544993,33.73827216510746
1164,10,10.33607422336044,425.7038824532419,52.38808304280482
1164,11,3.2033133052988836,248.1552808593026,9.394681667283315
1164,12,1.804174593951931,175.75127938933107,61.11072356501565
1165,1,11.34950780149914,169.91322296041795,56.12928980402724
1165,2,15.571746607202378,437.0587233523372,141.7751783799338
1165,3,17.732387011554753,231.86650771402046,52.81649440350476
1166,1,11.722744910476116,367.4542177751446,63.920700952507396
1166,2,13.204831342455728,225.19383442323226,77.30774043482556
1166,3,13.2695992997501,207.26472909957727,86.25226950646578
1166,4,15.608063733726308,145.653075401239,28.9682691093077
1166,5,11.697318179440847,248.99912062047477,32.38066069756624
1166,6,11.30689807042684,360.77603869555554,145.90086873180667
1166,7,11.028325710411062,250.0870522029863,17.04844499258426
1166,8,6.490255678163949,179.59360544427807,97.10872141562392
1166,9,15.732704292196408,489.4030016011944,9.609047026408362
1166,10,0.7338552054571927,365.3124402853898,107.95441505257955
1166,11,10.231896851696527,469.84057952933165,20.2588335240501
1167,1,12.348455565045732,258.4784654635264,94.47832294496709
1167,2,8.198045377311939,348.81418105181467,56.67732753865581
1167,3,6.82001186902062,296.51372860441563,100.10288573985343
1167,4,10.738789272259519,47.95569687881584,37.111833732742184
1168,1,5.052986562693544,185.7596318731027,12.671888720905478
1168,2,14.276361006091802,221.99068647995702,24.401053450161076
1168,3,12.946354188773782,196.45884445544618,70.08661498548886
1168,4,3.5340835189189175,151.38190655761008,55.48059221423696
1168,5,14.82280493875492,53.635462556261274,54.58580937725464
1168,6,16.945257964611937,209.26878707802223,37.309898227147556
1168,7,6.233543805831619,121.79618818029455,58.977476755827524
1168,8,3.898077187905038,117.90968864218547,66.71021664686634
1169,1,15.218594254104458,98.95370752781702,77.68671518620002
1169,2,12.358095879856576,578.3746912434794,76.02694941171256
1169,3,13.50420936004514,72.2635811386362,41.223247578914865
1169,4,11.835007136608972,413.3120546788724,19.23658696101222
1169,5,2.868205522471193,210.84520777187188,13.735393950505369
1169,6,15.666399618607574,427.46117076102905,91.23377678841204
1169,7,6.475372738080159,443.0608976825474,19.284440859295987
1169,8,3.121490893293613,414.4370060770137,35.779399065576094
1169,9,11.113481127023885,352.1937746280771,6.020979352657179
1170,1,8.368480769589313,93.43202795153358,64.87610430133407
1170,2,12.514838921665042,200.1837292953973,59.15412135746585
1170,3,5.417226774648966,203.17159224284208,17.404608209832816
1170,4,16.9300128789859,115.86707651934208,29.27923886693931
1170,5,3.4575018563196362,221.0065784235134,28.64794556967004
1170,6,14.407153652435042,42.520866666573994,55.52662623165168
1170,7,12.979415853457864,319.5309717340198,76.66934596606438
1170,8,3.6511663451399743,210.19535913479297,45.83421764261892
1170,9,2.6660820901620763,196.00581750274927,5.761986446746263
1170,10,11.646703082812587,380.8939755725214,89.94963149273099
1170,11,12.73945095547616,238.77719067387815,45.40922568306389
1170,12,25.12305341262385,167.900742637767,2.6674724315627145
1171,1,11.77966152718815,125.97046609395838,8.893238211465935
1171,2,20.289720526226063,9.018663343518853,82.54470882915919
1171,3,7.871082689473919,229.96961912544506,76.49849524357593
1172,1,6.805521551386182,558.5441757426042,14.848572780564204
1172,2,9.663980878256238,114.92175520808557,34.928360484810426
1172,3,30.46487563759774,130.5918968883383,84.04433489171686
1172,4,8.35217962099508,340.4825644381621,28.23361926516032
1173,1,11.7929246556142,391.6947498339151,3.659174794501908
1173,2,13.161531884527303,50.7281076047652,30.8171985690026
1173,3,9.724674053774105,97.87527661619504,5.726752610752833
1173,4,1.209122259301438,263.9000805339993,90.9427092999286
1173,5,1.1713005049904854,173.30455211479125,60.9812117722291
1173,6,11.892316671510034,501.2913602404728,56.14343297671627
1174,1,3.5035341493467573,36.8301391380011,141.24912365605192
1174,2,24.903867317573496,187.16950755125495,18.8746825503083
1174,3,3.4045434457972092,260.2431984037942,127.38796142574452
1174,4,5.10833144627935,229.87292448828262,55.94924206855062
1174,5,21.659720931937535,242.0998825176739,5.843958799521019
1174,6,15.2680004677057,225.649662261731,15.314263766160167
1174,7,17.420486195452753,153.07230268299858,63.33798223476177
1174,8,11.011401978124969,155.20778553990274,17.53393094675299
1174,9,13.916952220229573,16.96821185928684,87.13725221078849
1175,1,18.206793965980538,127.16735806345058,29.226012331129084
1175,2,3.6656368856225363,191.91900942512706,65.32130961364066
1175,3,12.32727880329636,240.37842567452867,39.42889921780192
1175,4,16.376407910530837,55.067089000716805,12.359588407421576
1175,5,0.5542073105870919,101.50157218938139,4.212540557788344
1175,6,6.020761779144429,91.70748935631704,82.46647356664653
1175,7,12.028025711260089,294.34349148878874,71.11997798484497
1175,8,7.738101633407811,165.72231170654123,21.285585717679893
1175,9,11.734201300480652,628.7951828012059,2.1487665562804565
1176,1,16.984471085092295,482.75444180087015,18.384631231907413
1176,2,1.4202169198437886,58.1421538300622,78.5013519764117
1176,3,9.079673761318505,49.0498688197853,98.3121212276037
1176,4,12.990855841404061,26.508762519742447,41.133940625025886
1176,5,24.928518721923183,153.55777258525276,17.761637812377558
1176,6,13.290623197025566,257.3936186043589,103.30620782891128
1177,1,7.25723909574995,168.9422923668891,22.378182030055903
1177,2,18.62163265099032,298.50664459950985,5.402126105630913
1177,3,21.626141793214813,717.5832180620968,21.98470085745187
1177,4,12.442310010043348,31.96533664924405,38.138428441292206
1178,1,0.26893552837736046,149.76799471031137,16.940317102857428
1178,2,14.113843067969777,66.26009371969872,58.58788998815492
1178,3,17.17561116001564,69.35784941995612,3.621397900147663
1178,4,4.670928679153802,69.49680237549305,51.61316190925992
1178,5,1.9094629822175744,440.9126101465992,0.2510786006886434
1178,6,0.5558331689446003,209.2060516519174,45.08093676042114
1178,7,19.598985941537457,158.929574789978,38.59916563100862
1178,8,14.5335403893055,342.12140968534663,27.790791874014957
1178,9,10.458272722878052,523.2610800148457,25.06573214739984
1178,10,11.05142008510018,352.9572222452125,69.45020297540302
1178,11,2.6441677753810913,189.88888315268824,0.40406793835903443
1179,1,17.582898393255405,15.726902322143417,10.776765853507229
1179,2,24.121593306769697,246.17225203345055,75.4667976464535
1179,3,18.064156119917637,120.82777853030636,83.00465439050669
1180,1,14.71480913616172,28.561552316093554,1.4446017420657498
1180,2,3.8973918770721676,254.61501141590225,31.70861373601219
1180,3,17.897632360613883,197.5026955233113,142.74899309916424
1180,4,21.99583993050279,220.8731858801085,4.328513008306281
1180,5,14.823218233947845,33.00630312682216,11.019967394541268
1180,6,7.241982478311536,138.05768558677494,72.10515403694073
1180,7,12.291703333521241,48.61782411774854,38.17156213357717
1180,8,0.4813886792558648,260.2786757953536,24.407006150471602
1180,9,8.35683528090287,103.09863377410115,71.81909138557862
1180,10,4.33731200520474,72.50276273710745,65.857056871372
1181,1,13.14716132883786,196.23843550158864,28.29514051512295
1181,2,15.896545271551261,102.25349711136346,55.56474939740649
1181,3,5.215340471699599,181.737108810234,22.2405584788411
1181,4,1.552473282876253,103.18496347843438,27.810956537311483
1181,5,8.379808307489387,198.2205151002077,75.0781919150962
1181,6,20.373418177972667,210.16302187120053,8.243170339780228
1181,7,15.429879965355864,239.75193584904193,10.100149978997806
1181,8,10.52858102329189,301.4000701405277,16.186668786570507
1182,1,6.0496799226442235,162.68170005662427,58.05121159071646
1182,2,3.764992789608227,23.267176149559134,50.60524309394226
1182,3,13.992741586407531,91.87176550923658,30.035860367838364
1182,4,22.894854755218745,271.8841327504932,111.50584134761992
1182,5,5.561685337479907,131.314135250834,88.6693328137803
1182,6,14.364642487648279,185.84231359104723,0.5006323707401918
1182,7,18.097963735588372,576.5342221291567,12.874647531870124
1183,1,7.338933291222819,284.05761224107755,15.144192096129835
1183,2,17.59984836031927,3.6273962386288474,57.87105081067999
1183,3,9.044181136655173,201.95136608148104,76.04600933604553
1183,4,17.007376717803602,138.17752395476822,29.65693955931394
1183,5,2.0174388646820614,142.69483938701092,51.370982396755416
1184,1,12.627229123993107,311.09593842928007,101.62687182301576
1184,2,7.505579028081181,88.78821117665977,45.76549103699359
1184,3,18.87333115951934,34.93565197075361,50.82722042999203
1184,4,15.634754282733173,246.19664688082003,92.92557263269151
1184,5,0.7452687512997098,363.09266263981164,25.031452980636722
1184,6,4.665963582641629,150.97880922846116,16.443083815323476
1184,7,8.851415012646449,27.987730824805226,45.07238132949046
1185,1,1.3724314908393769,153.1514039147653,70.65775961902364
1185,2,13.260507474744244,435.81895047082173,35.06179194330332
1185,3,2.914275067572822,379.4999657426353,57.807812564430165
1185,4,11.975315373506376,315.06355881598756,100.54574361474646
1185,5,9.838860110948582,376.48274499921035,72.0854505656714
1185,6,5.410923260844007,165.0142291747233,74.66976093594023
1185,7,5.038226650292732,332.9688653204679,56.32734003388827
1185,8,12.671327673698727,416.07579853252287,64.26267510304791
1185,9,10.499882977407191,187.61173053378164,44.61372160877032
1185,10,12.18609554942525,404.4984476174622,25.52894958663324
1186,1,3.7885274194418566,414.12475675513235,140.44449590954648
1186,2,16.418303609373734,345.94376270624025,48.29542688010256
1186,3,5.60314007645449,89.07705715230497,57.27615766524711
1186,4,7.892331862553441,233.65293882985407,21.56726051879067
1186,5,0.4398448939423929,26.16989384161883,111.26652238454972
1187,1,23.54736658132306,180.53815723898268,165.5690661900286
1187,2,6.762590782822819,186.59351807140135,58.72618393683136
1187,3,11.912085309087274,356.47467750015,126.8501897956113
1187,4,4.392626147269409,265.7969622128466,43.42352599970325
1187,5,12.312406528679377,366.5560398613285,115.10666792594282
1187,6,16.122499532240056,247.29691106228074,91.05352201688851
1188,1,4.1102256246730375,112.20275226635201,88.11193281628192
1188,2,6.065461371432234,167.96466262110425,28.09529090245303
1188,3,21.886584977762613,287.7322056134485,4.619308986350902
1188,4,9.990543646874604,260.7879873214125,5.0807813310698435
1188,5,12.480141831489561,177.3650533842873,0.993138368476238
1188,6,0.5716602950085914,405.32595640895045,16.448725821444363
1188,7,17.056146276561407,298.50096038031546,25.065028494737533
1188,8,13.49277966416512,249.22716895316898,86.26612554309469
1188,9,11.223576512636798,150.21191886102883,102.94855729721655
1188,10,15.116828054229892,103.50807324802115,42.94324893654318
1188,11,19.0980207766561,424.8039435307297,42.87154682581268
1188,12,13.41286204131875,254.13293518100105,5.988073611122495
1189,1,13.568527066767707,278.1246164349476,71.03205240561974
1189,2,3.2460905419596475,64.1983815551286,8.988090825319503
1189,3,10.935953019038127,461.3411576057944,70.67617135331878
1189,4,7.340951931141708,307.61572412651276,74.79683418725415
1189,5,20.126499272589463,325.63594261352563,50.22351208547082
1189,6,0.5437682510510964,402.44866844516895,45.035268471869294
1189,7,3.7795991986540365,97.64154608783832,4.018455234378365
1189,8,12.816577179080392,141.58696246933488,89.67105543930177
1189,9,21.336758625527477,120.22857467526904,9.288455493446122
1189,10,10.970699467730146,422.0456660325737,16.488026342438296
1190,1,11.578350384270115,32.75218623749902,87.49095156009291
1190,2,10.674065778925481,263.6723438559723,4.531262604493335
1190,3,13.809847385419296,211.14391397934023,6.595128984680478
1190,4,0.04327906816265781,205.78680604598293,77.3882403105329
1190,5,17.428099291382296,234.93545368362217,17.744859248962015
1190,6,10.144701023865627,253.28937661113736,19.426796105375175
1190,7,6.7001107075979895,204.3367422628773,58.87324917831252
1190,8,1.1940327701304874,117.2363252311584,55.607135431262805
1190,9,13.477618571548168,220.93944109029172,61.679107590500394
1190,10,11.795266072958016,76.72763764668134,105.12105349102575
1191,1,7.308031619102393,32.79762105374999,34.29522978632036
1191,2,4.749900298941034,110.42095770573948,66.92381697271632
1191,3,13.271872229676838,261.1432393042667,15.109359084723017
1191,4,10.907458539061876,73.03576148779268,108.65378293637252
1191,5,3.5214243989683096,129.19763207578325,52.32247825518398
1191,6,2.8503381778573846,295.04409472478517,94.5633804729623
1191,7,3.8175835159092477,98.19610086099618,97.76008106383176
1191,8,11.013000935184465,166.93507466234556,19.51496588264709
1191,9,7.416251142431747,178.0309276496365,75.58005855927055
1191,10,9.980892048312185,63.4748279197627,29.086588326551098
1192,1,2.1736968837508,35.21081107946219,43.23917207947126
1192,2,6.0537230279980285,13.282239576683395,74.87480289964013
1192,3,10.00583724194359,73.1763538408149,111.84719185289862
1192,4,4.9046822385411035,107.61761250931664,87.6630249304022
1192,5,12.997385862278794,363.7811997598418,37.1999450039813
1193,1,14.01359640481559,18.197477796177594,94.39767883837477
1193,2,9.336259654021507,68.71950729668026,5.797165297225533
1193,3,7.479413919983536,462.77123593806374,25.465481288980797
1193,4,13.356670522112942,265.06935030835353,30.93119905973571
1193,5,9.20648720722346,139.87662597413828,58.91478395558905
1193,6,7.276294472357867,156.61739147805127,46.689357358061514
1193,7,14.375004205297826,289.9044098495049,45.00736641624407
1193,8,8.229112400418465,284.4771601095443,15.609731053911837
1194,1,14.887190515772051,338.0157018516664,38.99179338365784
1194,2,17.77587275418578,160.59404273826271,50.961380807417
1194,3,12.737897159069428,55.987091900011364,4.355523281553609
1194,4,11.958501411108447,88.7100111328802,1.1711931045253152
1194,5,15.382980864807223,427.52571437147094,84.2906012006225
1194,6,1.7079164851758737,226.7392687634939,37.621071819255924
1194,7,4.030242437496963,212.76894356983792,47.29875546397119
1195,1,8.37123613628382,268.01050747528916,50.04679018396358
1195,2,14.14147255952823,106.09489936020093,83.1309391814696
1195,3,6.8219980362334605,111.62019903769915,2.650181135289351
1195,4,17.042064043522373,502.12897229870924,104.7229299252916
1195,5,16.307237286103742,339.39399825965427,85.79669556312953
1195,6,9.114703831796744,142.78689875965964,11.054261835699613
1195,7,23.0336278934487,169.92257156543178,55.69853524324072
1195,8,2.137458174884082,83.90048980729527,10.619074710411105
1195,9,7.485239579186831,295.6521803422388,68.65254933840085
1196,1,11.63772398877109,299.04698217731436,95.43325802279867
1196,2,4.728871713818051,141.5556349552648,48.46300364377269
1196,3,1.3199577991984643,309.40726025720505,38.98201946618642
1196,4,7.300262525284844,103.5553067081385,48.6378000254613
1196,5,11.090348522893077,349.4075916039691,90.96585878351952
1196,6,2.06429333544117,269.0825401771459,99.19610540872944
1196,7,8.441657890949918,174.5077923110992,34.12936038733689
1196,8,13.767524682254566,243.10102362448413,89.18587457181823
1196,9,9.22161852275649,388.99979118147206,73.90037437093447
1196,10,18.23437770992683,110.62361375196302,112.70599001845895
1196,11,6.111605221648095,123.70463459086659,34.25367706407136
1196,12,6.497835114519362,484.0329711772765,70.872828998009
1197,1,9.917434178222509,72.14798148726798,2.202074436881375
1197,2,13.461337505847688,135.24215997937245,55.78020198211318
1197,3,11.4030802190377,246.43813365837389,45.20301557579424
1197,4,14.538564929079184,187.73936755099433,40.38959584510939
1197,5,15.171082267264637,204.0044152694629,59.29059518650549
1197,6,16.620584443945315,263.3225730069787,87.2756517200429
1197,7,1.0670156645484017,596.4689473098443,78.82170566416718
1197,8,14.19171298753336,179.30211521534918,9.998176206683652
1197,9,15.030735937574473,366.3597894887164,18.20733765786899
1197,10,16.201085905141547,431.6013761741496,110.14907633922316
1198,1,13.89389601043724,333.5705133852406,39.027547599006525
1198,2,0.07083290368533213,18.15542995667286,61.455507949629805
1198,3,16.911289906573163,367.62128773761776,56.723703016431266
1198,4,16.77109696326996,486.8523826388001,97.61390850945168
1198,5,16.4542653098306,79.01642253615739,88.50478481712013
1198,6,13.22862734522123,297.5968442550708,100.44425115778047
1198,7,12.509904938577336,184.61805040078053,7.205367693563204
1198,8,7.924385776482726,231.9278400744026,61.10477360730114
1198,9,11.707134090692268,343.92647896415656,84.61458800868485
1198,10,9.56538230980382,72.9106838816078,65.33431747110288
1199,1,2.356439913664275,142.71513448119651,38.96973185460317
1199,2,2.54420007627996,388.7814727794537,73.9596911697052
1199,3,11.444182462645959,296.8308849114025,18.769412933845487
1199,4,2.2327295531780784,382.73114682866856,145.27281750175328
1199,5,10.381529522944772,537.5670649567483,50.04681402580447
1199,6,5.03955733713401,347.03922051275725,36.02921197796948
1200,1,12.13981637397096,92.12932056343749,147.87918835380614
1200,2,6.402906725148278,428.659750926145,64.63927118822578
1200,3,2.7692512151215123,22.2743435766115,105.6180483433059
1200,4,5.98023060622433,11.005725667099398,39.24884655470886
1200,5,9.964420582055524,255.6468181158621,62.76762492357921
1200,6,4.872584581885352,200.24004351480363,118.70059714967536
1201,1,2.62226368441279,138.2540190962128,95.29652375474583
1201,2,4.233542563135117,514.712778326279,1.733057861665742
1201,3,4.0659336375686,202.9104243435336,32.8398580816783
1201,4,5.670387730955363,296.225784753128,12.975240265997002
1201,5,13.988612322689804,324.08831502182403,4.888063997530139
1202,1,17.185195486464746,10.131154068918477,24.006273147734156
1202,2,8.676413971170543,38.20302752486904,61.03898442614259
1202,3,13.149457031141088,419.2822708292287,50.10856248859702
1202,4,4.810190906887399,113.4290276442753,38.626471866704364
1203,1,19.021569388899678,86.51701189292183,46.88503789281232
1203,2,7.762963739826716,3.569112950634576,27.13791359229568
1203,3,0.25031049568688957,14.4807664255963,4.362220485341204
1203,4,16.67415908758103,423.37475950392513,11.443187081529075
1203,5,21.061285663921424,31.010874055918066,79.87520375889432
1203,6,11.809909995364137,295.377731706928,3.370277887561514
1203,7,2.686500978704741,79.56373848011431,67.0747459984263
1204,1,13.645285607659336,92.77125964953653,46.83044828648043
1204,2,6.27845153077299,105.92549698631042,57.606625173356065
1204,3,2.707516812632983,121.56297417451043,210.62310350275527
1204,4,0.7877196355770568,142.95613393877275,61.5243270278156
1204,5,8.742773693377739,85.41641117476377,88.72075959065324
1204,6,11.045646358404449,106.48285787917473,84.29078168756709
1204,7,6.308615271293917,68.76635813305924,73.51197989568519
1204,8,0.8506285550783748,463.6773267794881,110.64354907227724
1204,9,13.828252179487215,112.67241823612595,7.287574704941939
1204,10,8.009364810198665,442.39574667455406,11.222515305336309
1204,11,12.478701344183456,229.84710978094841,16.900441554796814
1204,12,5.768964106989435,30.0424443533347,81.72339397970205
1205,1,1.6792003244210907,344.11449717364576,16.023450659884844
1205,2,16.136706119553025,207.64206261161786,52.66104813771945
1205,3,9.653751004719977,70.31482469101803,48.599092778146584
1205,4,12.559388365657375,261.81787344545205,46.002965053505875
1205,5,9.20783464661303,181.91732624104688,39.7512362299486
1205,6,2.35295349436279,121.92660843334552,8.448054422571687
1205,7,8.86596659009711,62.391004319568765,63.796326349372414
1205,8,18.317943996180478,152.0425763681975,60.88842622742689
1205,9,6.687944334692164,184.50691302067838,104.43077536789659
1205,10,0.8168054105213116,98.85987817528559,54.22457702645071
1205,11,8.831239804018097,143.73355348256393,2.797609864984608
1206,1,13.027546157396415,466.3382049520955,76.47542093616136
1206,2,9.531094578086993,120.55311268972741,44.64686867201287
1206,3,20.388115433002184,8.044945453355297,17.239675341636236
1206,4,8.467092795265065,75.15267956798904,33.64912060631407
1207,1,22.643641768425578,273.8215772250315,28.029243485254952
1207,2,3.059764074490574,77.02583864226301,39.9823509895802
1207,3,6.257075362642945,416.4939429965895,28.960099740606672
1207,4,6.249041235202692,259.17139346771654,61.61398131248172
1207,5,12.310195626659329,69.62053844681415,29.786029101769795
1207,6,2.9206012739084217,344.3620831573088,9.832324188915734
1207,7,17.3570662948755,117.32162654063802,53.238550261075055
1207,8,20.94895860547987,110.78733443607416,50.936645883026706
1207,9,17.193671037846435,349.9046011309821,62.0941791824247
1207,10,8.72660453007239,171.18014041355733,5.603543878555612
1207,11,2.826169806130917,205.4057536906379,60.939347313189415
1207,12,27.99546418804229,317.1108180488543,36.04388669814967
1208,1,13.572778309906633,216.9047763570449,85.23509884182812
1208,2,17.533129991470155,325.58177875454425,14.095000967531817
1208,3,10.412305553238872,434.77487722550785,13.389373318916391
1208,4,19.437610310975916,50.5844995415481,61.75061150336332
1208,5,12.889495818783203,228.4869554854206,139.13891576810315
1208,6,7.894176696700952,45.92318123854625,64.25788270107381
1208,7,8.809720106928783,283.22018123287586,85.28380967494931
1208,8,9.764172298068761,265.44656459634473,55.769517289481215
1208,9,22.54321210852298,144.4157370698502,22.517192079605483
1208,10,16.165116321778598,60.62302769859252,65.68631222330184
1209,1,8.812875924315922,513.2589671097817,47.66511552944345
1209,2,3.931820526771551,280.36304277516524,83.40957999821603
1209,3,16.53586646062832,371.6275905509848,89.79686883717561
1209,4,13.640267904051388,295.38436081756925,66.430071789858
1209,5,1.1254222507135072,57.77379026705137,7.8693430289138036
1209,6,15.73858703277676,134.35079693202772,55.44814095500895
1209,7,20.943056235608836,362.55259321996994,36.91836591321602
1209,8,15.111312469421891,208.42206884800473,23.767058457829012
1209,9,7.707482884984785,152.96636406672806,2.4662088079607187
1209,10,11.711788410023212,526.4875571450052,90.6376436138967
1210,1,4.183657418490581,148.0367233053223,138.99334928984524
1210,2,22.347107614116524,221.491568497277,97.17576732347327
1210,3,1.6780152597138542,299.7416610850492,54.273179857201086
1210,4,12.950599994917173,1.671365797729294,11.999495888326635
1210,5,6.077181021273403,5.043252675084574,12.022734581580352
1210,6,28.101835776499975,384.7373183321614,63.857210145232834
1210,7,13.151157668691416,262.5512467823156,42.36281348306396
1210,8,12.264962537787621,342.0431303274835,40.76990177210998
1210,9,20.106746531989454,163.49106377389484,10.30492055074933
1211,1,20.168488936297198,361.54041070396966,78.43877626442931
1211,2,10.660842048661918,449.1120527238045,100.34473716250005
1211,3,20.83499248154407,304.3250720670846,54.91183405004327
1211,4,7.205845902896406,9.66142363011923,70.0818246186538
1211,5,14.09750134356923,147.53280021390142,74.54724112466533
1211,6,7.674755178805994,330.1141537020441,14.715708274291245
1212,1,3.4496300753856195,312.5731777029485,14.914985402691087
1212,2,9.547566663166489,6.938346673450582,48.07713553673682
1212,3,15.658841448071193,227.75026461761246,25.891877590191612
1212,4,15.016365051781872,210.32923107929707,47.309689714448844
1212,5,4.175284516427,274.1344911544361,51.235964564968
1212,6,6.74173883633309,103.55256347394617,86.16973314995678
1212,7,4.453846337583522,166.70719276108275,52.8409993159012
1212,8,9.834891315896826,193.43795569709607,52.4674139024159
1212,9,9.996209238279414,556.4785307018567,21.705893843078712
1212,10,4.4616377914965595,192.9386810051131,94.51726008208885
1212,11,16.676539393609676,355.63069890979284,48.586511562727225
1213,1,18.687374104597264,529.9060838098866,88.18532856697735
1213,2,9.314267973831575,368.0068527397263,109.3255913650371
1213,3,18.23558723616021,179.95477112602111,45.718920503194795
1213,4,5.392191856773127,163.21773485642203,18.02833650190028
1213,5,9.549100259325781,196.5286174055625,15.456935693791486
1213,6,28.797753902047287,244.41413949717798,101.69792730873914
1213,7,18.404311640579504,491.4485270853027,13.719360688164798
1214,1,16.855579879822486,316.79165010823783,68.47287084051364
1214,2,18.1035419678162,276.4389598277737,27.83531970292476
1214,3,11.835097322538967,317.5009183080216,17.62931147765172
1214,4,6.026911841518922,229.5709759428586,77.48997236853327
1214,5,9.837205020087874,238.68820292721117,49.47732623701556
1214,6,21.19507129286364,316.34160933013663,79.11089768216621
1214,7,14.49567230750723,309.6077647897912,105.64225278476677
1214,8,17.832730069596465,264.2171527897509,82.22711228564359
1214,9,11.943976384351568,85.86918094436828,29.671593039111933
1215,1,7.0577016160200525,247.89291272582105,7.2607848267078765
1215,2,6.715509752367041,88.78292686863213,78.11374933028713
1215,3,7.941579191853558,13.467011776022872,67.83424741733583
1215,4,11.446627454900801,218.67564851827748,5.9039370372405955
1215,5,14.114225688913397,183.03595511635007,43.07665951585114
1215,6,1.1944922235877158,16.727529016938973,213.9780133173568
1215,7,1.9279582278082774,116.07356164038885,34.582541034593284
1216,1,24.55262216590087,161.992825027999,95.40589837746955
1216,2,10.361464056288012,19.76348385721326,20.505267612234903
1216,3,0.45374203186407414,249.18860306785334,113.88483899928599
1216,4,3.6042796384731215,325.67731609491875,42.73114220853229
1216,5,2.5460511489601325,253.19163976078715,113.65742129589935
1216,6,9.471745162699287,324.4318250646992,62.34597247336151
1216,7,12.172575634232178,79.53452535382303,69.63260008589229
1217,1,0.23230016573480405,128.2149556524644,50.29046325846645
1217,2,7.215878269043499,362.53866183796606,77.66764404592624
1217,3,13.127152229549663,353.4207962349383,63.92594155510087
1217,4,8.33005655682443,41.30182925867453,124.53489719968067
1217,5,17.860704845686723,18.604486275074407,79.29320377066688
1217,6,13.226639555037796,58.50819138799059,105.41220473976065
1217,7,11.157357213150078,27.8050453153013,1.2925357404452456
1217,8,12.911800524693234,56.770832079299396,20.599703015454978
1217,9,12.972453330934627,100.90955296766946,31.206836271200178
1217,10,4.470930978026552,300.87505700174904,99.53938727637268
1218,1,1.944802134836877,171.88931979607156,41.22906858744463
1218,2,11.992185160099094,324.9493877696184,26.58327861936229
1218,3,5.303605141659669,55.41677160238393,100.03575154767162
1219,1,13.507270998997658,328.0869815730896,123.31335576668992
1219,2,14.0852641303287,552.7108649186127,97.77007698583796
1219,3,8.279774564707825,27.084855583995704,98.16916021989466
1219,4,0.9571052025794398,223.28771815605927,78.89847215935913
1219,5,2.490119105320569,105.52702543193121,7.437764268008877
1219,6,24.452551996321983,310.16484976544,21.055832693688
1219,7,0.7812486166998021,69.24546043290295,24.871250761706545
1219,8,6.115474071363576,318.7839516155071,6.433028170432813
1219,9,17.61128423243787,70.97742659033355,47.000355945885055
1219,10,5.1269864500603,349.1903203949505,107.61772340108651
1219,11,15.661456096217606,266.389268235083,39.25495026547003
1219,12,19.388923490145658,49.90541360100616,67.88553748686924
1220,1,15.301929848462242,29.338427236237408,104.01781010456409
1220,2,3.385056768691288,238.4279306239444,47.67410286502575
1220,3,4.35158897197539,370.2974633805622,18.23347127663581
1220,4,19.931628015920353,300.20355029106963,20.019036254655298
1220,5,1.6109027383651124,359.7791772365631,4.356345591981032
1220,6,9.068101033692498,304.5207371774092,68.5428680186107
1220,7,8.580110331844756,90.55229457839403,78.88389398835437
1220,8,3.1666713597303993,238.9325392565022,1.867152860427197
1220,9,3.8593696269435993,255.249089241405,20.014689728247404
1221,1,18.10108781863859,125.10639810517893,65.56856667972343
1221,2,20.998783150964066,129.88994308237193,111.55109164272756
1221,3,24.727376708955596,147.51397005669116,34.97421515754768
1221,4,7.475664428262183,209.37349785318298,35.67283612872696
1221,5,16.18924222972514,32.32469205891729,28.615116188155522
1221,6,12.304222711505648,330.51267607407675,137.81140254722965
1221,7,0.9768234065834118,102.19363787191159,40.65626292909349
1221,8,2.2309169485299503,65.33879454010639,29.148104197426857
1221,9,8.401440851508582,270.41813597563424,38.05601878720313
1221,10,13.289559562885078,217.11112506409142,8.667071769992667
1221,11,1.8039159408861458,287.55229998440984,115.86011940058027
1222,1,13.07220779046158,194.2166739020602,40.60367187756755
1222,2,18.89543693099241,67.57607177706649,53.66676550390068
1222,3,3.1238863896769455,195.08976401002357,60.55803322679413
1223,1,13.541154252034882,221.9869514802644,29.01292802859553
1223,2,10.435657400922654,7.111880307277914,28.662397483568178
1223,3,19.209436982777486,229.24322765736053,103.38820528964371
1223,4,5.760940190707998,162.7551018659891,58.59720051227871
1223,5,8.637181899220252,9.141395825037279,72.67419834980082
1223,6,3.1008741891385005,198.43661057310868,35.21926974009972
1223,7,5.459857524854268,181.0635094069372,72.45254536654014
1223,8,1.351985560990732,66.32213600154705,120.57168274910067
1224,1,23.75655851081158,64.87850786641681,50.80747878665815
1224,2,3.568931614095783,63.91513112497671,72.52908509493537
1224,3,10.296598467297532,239.17940655580747,17.658174581336255
1224,4,13.190074773020287,165.94752650696176,0.1346014954126673
1224,5,3.6303906537183295,435.8210948153258,32.51697214989011
1224,6,20.69142476407214,56.19707969402228,27.027819648666934
1224,7,7.089319344835289,316.21811379875476,59.9318918375864
1225,1,20.08510877751978,388.4421853795484,24.998520888575403
1225,2,5.473938461348695,206.70376739934255,52.9867618437384
1225,3,3.2637184947390185,162.63039876521853,8.144130794128372
1225,4,18.906244934377252,64.04957692475193,20.85757687570991
1225,5,13.04527618158351,14.468564324891872,29.961401674618404
1225,6,10.442210027718314,301.29512448002555,41.15671528204503
1225,7,22.454202580958558,199.9341517010136,97.6317883303497
1225,8,11.949890462565454,519.6814637010997,92.33454015696753
1225,9,10.304288428308293,294.32460753612213,39.56736577876273
1226,1,8.103701131514176,307.7169227928398,52.0090300768227
1226,2,6.970958951717582,157.05138071031848,128.0493241105311
1226,3,10.889120804920498,77.38171859181982,45.10942969283517
1226,4,9.873092205212362,496.55383796282064,42.30560674531331
1226,5,11.299150879990208,111.03920314786502,134.37999545232827
1226,6,21.00661362474714,93.41846932393918,84.14678641424979
1226,7,13.136313510797704,83.62103174183483,10.268529833383042
1226,8,4.210114500726599,296.40847809991266,4.376628633002525
1227,1,12.168957983151767,229.41557497385014,68.14920131987988
1227,2,13.524155035988533,343.60309141841464,97.5044517518007
1227,3,2.828263705686118,6.4992895069960355,51.70352509138525
1227,4,13.826244159828097,74.69982220483229,60.58578053143362
1227,5,22.757739908482666,0.43698597905574843,50.236488480967
1227,6,17.271257882289234,170.33335636486066,66.51460223110723
1227,7,16.370796417318648,154.745330271548,7.553288458025726
1227,8,9.294007727292426,35.79663453814857,27.98364783574457
1228,1,13.093636992798935,255.52285988942566,82.6365314997806
1228,2,10.137624550606015,42.10049437530853,77.43325983197121
1228,3,13.406866664641008,119.00700052760313,25.10337874166178
1228,4,9.68041483592948,369.96185029749233,34.962745391083374
1229,1,11.27510000776012,376.44598721794466,69.50031509521759
1229,2,6.514993354589107,239.31266895356566,49.20798668598116
1229,3,13.643712622972783,286.42523824495606,102.08877834746778
1229,4,9.025004379638789,69.67630203233477,3.0029830723240707
1230,1,10.122035131068955,94.1923974276695,44.09607365599077
1230,2,2.025678077312234,426.22676379975644,64.41995092444304
1230,3,5.180442549002502,173.07849560548465,114.24332323130768
1230,4,3.351594893386933,33.15531794209062,3.795566510897359
1230,5,5.231057913046748,424.2589254058758,27.605265019989695
1230,6,7.080799675092033,230.24786271511215,48.75365665640398
1230,7,16.786348140332915,323.1934495232674,63.091274180739205
1230,8,8.391437166519843,343.9727745673407,18.511551598325834
1230,9,4.041282679429976,138.80843782227774,96.46996953024966
1230,10,4.141564186705242,109.94306987442705,56.95891774120648
1230,11,9.603456637614114,143.08377630545917,68.68150017470064
1231,1,6.916212389477713,46.95569192915684,152.69322245173106
1231,2,0.20175209051785004,265.9891714676706,28.36679562066379
1231,3,13.757770419578916,163.68850528565608,84.02936758799453
1231,4,7.202815984604168,213.09727028073982,38.301780982183246
1231,5,0.3768220327386427,33.13347148392842,110.65619182221849
1232,1,16.52433278731002,9.848483461150948,2.2012041895793146
1232,2,1.8810730443141246,175.83978713396135,92.4414161946373
1232,3,7.317497599083583,252.15437452664256,89.15335579574264
1232,4,1.3687047458462676,476.8348138068914,96.2928154972507
1232,5,13.597249024322982,338.6141795804109,88.84305213100279
1233,1,8.789831822924844,241.60405823286646,33.524468841601816
1233,2,2.3197719326909363,2.9689879634285603,25.20124598757461
1233,3,13.051207979815603,238.23597417238867,58.12441553466985
1233,4,15.57841050852402,191.66249847747264,125.80143247775725
1233,5,12.640454064643114,51.959153585708606,3.533867244120998
1233,6,12.328002818152012,167.78246332167373,3.769279982409145
1233,7,8.897004622876615,117.35947876143615,32.24655569132611
1233,8,19.501343973380195,307.68589035750915,91.90668822264745
1233,9,22.018870608538645,218.75249193019945,60.09714333825747
1233,10,12.286239890903442,366.44675593241163,92.16625683268225
1233,11,5.892170642991929,28.472370169419236,6.9922436724770165
1233,12,10.362134762769784,15.07787871619604,64.54192318108609
1234,1,28.236123857653084,290.67343402616393,50.70752259673597
1234,2,6.25316106842762,101.72775968793717,52.02443388688857
1234,3,3.485778778371297,301.94765719171187,24.174305310546508
1234,4,17.03468860112077,347.388107196693,47.78257283503231
1234,5,14.06211560898484,294.5545864290197,8.493264365792015
1234,6,22.12185092057537,161.63844285692684,77.82294053662801
1234,7,15.065364577369767,173.4305637303113,23.722832210021224
1234,8,15.882581742982392,209.33786891528047,77.55877345352279
1235,1,20.836217801982784,221.8708832348301,56.98826561481427
1235,2,18.868169184997704,247.29071422397104,29.72394632975524
1235,3,8.202965817973382,153.83839339006437,0.33886127484691997
1235,4,16.140551616683258,133.120586510443,15.274627008878461
1235,5,40.09200300609132,27.043666149805887,46.48856013889264
1235,6,6.103528015642805,388.1449778816979,38.70214879035544
1235,7,15.718439364619648,58.50935383680513,14.626972097961556
1235,8,4.7780870239148445,401.8218051260724,73.08760533249968
1235,9,1.3151469940029887,162.9349660728701,37.15124015049824
1235,10,17.6466030354334,86.22244271261475,93.05241429330886
1235,11,10.888791801690008,462.91526926093536,22.85148153900505
1235,12,9.579691984216797,101.72097091500072,89.41402839196428
1236,1,3.0865920652839467,241.8472899122765,23.739937150174974
1236,2,14.26729985812602,178.4005006611743,94.09103787559204
1236,3,8.236570737970613,87.72333162288015,55.41989692541919
1236,4,26.411804559131703,361.610242333222,17.944779019638688
1236,5,9.975447968006552,100.14812719778018,15.171621149034777
1236,6,10.1011393925455,161.24012254226247,8.359261042322537
1236,7,5.389923967743283,208.0750366265051,26.872186945672695
1236,8,9.89267506382739,95.21979174964119,68.7229171242285
1236,9,5.192012678250536,295.12306607753004,38.30048248990974
1236,10,5.02046730034607,160.4059044953653,70.20244708094123
1236,11,6.1310587060570905,170.57641221295864,74.97981115313371
1236,12,20.63921544463234,373.04948805274825,54.35332545023217
1237,1,0.5150904274022263,389.9306532163709,102.64086033260804
1237,2,1.7336107809573207,142.62173345064798,111.38117811560605
1237,3,11.534360695799284,50.09793731191172,98.72849618034589
1238,1,10.81249430441029,15.74568109976562,23.582488243516583
1238,2,21.696178289781212,252.14007153989496,52.599834943992256
1238,3,19.428202028199394,257.5396821775129,69.1030444558803
1238,4,6.688828743741391,104.40074665863773,2.4450779892567596
1238,5,5.792373037710257,157.92148788514214,63.78875790067682
1238,6,9.742691094687075,145.23958011984666,13.532929924130023
1238,7,12.793887655686472,125.33508694492386,64.15186031967957
1238,8,3.3929047671547536,250.46317444548413,79.87627611184955
1238,9,14.336716015546235,170.4919361973958,86.61273261697508
1238,10,1.0892878193090691,186.61909021902048,42.26416795357204
1239,1,17.25479782328761,198.0512522576175,36.37643989820049
1239,2,17.66908666446331,276.5771889993172,35.28343274121457
1239,3,1.3729998686132046,59.488450568070846,71.09207609899866
1239,4,19.760242455800284,229.09240154755906,42.78957143471907
1239,5,22.845607085642822,57.77760113931123,41.92908697522664
1239,6,5.1328159230778105,512.114705810041,38.434558418304455
1239,7,11.295767317847382,443.12244611733394,93.37192935833525
1240,1,12.56869914518057,67.21844977869247,20.226042182020304
1240,2,13.370881273823603,38.148867087162415,35.74435177911923
1240,3,4.657229086314491,178.6691020085852,41.37414499180155
1240,4,10.914052937861157,269.77157905476633,88.6642769023183
1240,5,17.292593565135682,164.43208946911517,26.363593855964595
1240,6,4.485640452852143,151.6404757205895,10.486738218319182
1240,7,13.287564553788936,353.5196089374598,10.98484984479149
1240,8,10.066396945279138,433.3930361084082,9.264321756095988
1240,9,20.340633188615243,71.02931620851072,25.712663402923575
1241,1,14.322950084256345,348.5178936586527,23.331230800494414
1241,2,12.29628669030353,199.73675848633897,108.73708447336652
1241,3,10.572418868327352,280.05831903014393,43.3190857298552
1241,4,6.374371086596639,233.98966697379058,27.29938282252691
1241,5,17.237863058346022,376.3853804058997,52.87964404548578
1241,6,6.910976941147851,234.14705018786407,0.9756813644137381
1241,7,4.700803066161376,36.31683218213851,20.31731591311332
1241,8,5.7068403423830905,7.132153828616907,39.35378870506671
1241,9,8.647103042598525,285.91797509644795,54.22237955237937
1242,1,9.729346577245403,129.90715981966895,11.929226631636709
1242,2,13.031466805359791,104.85086595573863,102.24347480993258
1242,3,13.404232736308476,430.19835330306853,55.47880163154287
1242,4,17.544759328135086,269.41565679473257,31.960743511848143
1242,5,11.310470129388941,74.90206003115958,132.75117731897487
1242,6,9.293944232062104,203.93154372779765,65.59943446534075
1242,7,2.3913827297829062,398.2056658499863,8.986817969277958
1242,8,1.2397060634702424,175.02139809454613,1.171899911583374
1243,1,6.361602668460603,359.3093026587409,77.55215218300148
1243,2,18.0699708074986,91.33559838643323,34.574577173740735
1243,3,13.692210207758775,369.7224659046898,58.873516444651784
1243,4,3.290443585697867,377.9166301582866,101.83243285693976
1243,5,6.15577542604051,327.6206287057371,69.6838617839102
1243,6,3.760411111862682,333.24830593757105,48.27710790648954
1243,7,0.49332432646678015,334.76462183676585,134.59205843719488
1243,8,6.122766170497798,245.87257254857144,60.65408863478706
1244,1,5.534249069918163,318.9996552520187,19.639932822166895
1244,2,4.201345863435204,255.6232857766911,98.56910937712536
1244,3,7.316699443257971,141.44420401395104,75.40927116315164
1244,4,9.925451735450187,302.0001523561931,15.014593360852459
1245,1,2.5191086337435262,306.20917721639114,87.26076769983977
1245,2,16.318342908213932,10.509610387422157,87.5809490591669
1245,3,7.821519876535292,11.475283390230828,136.30512680307748
1245,4,20.589845140756374,297.76229453040924,70.96449882120505
1245,5,20.961971700712176,126.87806028888201,149.30683332455544
1245,6,10.295367403830323,349.34375634230116,71.56666697948287
1246,1,4.7196486277315515,391.3846076826041,80.44565250611001
1246,2,14.433369763281636,264.7867822460201,12.78494484882178
1246,3,7.16095270530019,324.93776046819886,1.7251862450020994
1246,4,2.7145742622288678,245.92961371488587,18.41869357363587
1246,5,15.767260475905367,86.8673065615182,59.775205794525874
1246,6,12.29650095255512,127.68579831537848,40.41413481381626
1246,7,5.239919639720315,197.20929415216452,11.532510396482934
1246,8,8.43544573952059,312.2736511692824,4.52995683757316
1246,9,6.590514116154743,277.7393614977424,33.10579126722649
1246,10,22.989088254795362,356.78868710464,11.53342320949281
1247,1,11.549778349010346,21.102716209385335,54.06837825571999
1247,2,22.24772291650421,519.3479802246072,104.01354078122148
1247,3,2.807905045908706,156.5488876859908,30.029717257946285
1247,4,11.072529425902875,398.97561848753753,48.15529577019443
1247,5,3.5653558716767524,374.2230512529954,64.86669178498897
1247,6,15.403024292004059,351.567146406128,36.43745326033216
1247,7,1.7314567281044315,232.56298422399928,36.25228535006625
1247,8,10.513872307757012,412.5439085965736,57.98267740282035
1247,9,22.879615811865676,244.18804231561933,38.5589829796166
1247,10,1.17661863602609,233.6112529018501,13.352178606117455
1247,11,13.73593335650663,183.00774291158714,44.160242494114684
1247,12,10.596063481459195,234.9660777210108,48.63190538143131
1248,1,5.61332010720052,309.5688463479235,74.8046913563875
1248,2,3.21047011047742,192.799638771463,26.18894306825178
1248,3,15.931851917819797,188.39941474753633,24.072714641504568
1248,4,12.672328014107746,286.86277683545217,42.19298406939034
1249,1,17.00013469939634,67.68321545689952,91.18005451818885
1249,2,18.152085458235184,243.315406751353,116.50965102659129
1249,3,8.844495192540714,341.0314245633472,44.478805109766895
1249,4,14.710286827753029,402.69700572837576,82.26645698207855
1249,5,7.384886868738822,23.838135723083923,96.3408198666096
1249,6,4.2032419107499885,95.68234392364808,39.53714203193525
1249,7,14.703435456836278,382.35884419170605,131.55673803546662
1249,8,11.169260631583409,249.84650079062283,69.65535965194915
1250,1,3.244877049760426,265.79131165041974,34.02029129787429
1250,2,8.199464257235656,327.7648703175175,67.28133909832037
1250,3,7.771625676572217,32.512095633195,103.14645619150363
1250,4,0.6191459865062008,294.40503539017266,13.895757768254612
1250,5,16.425113122015876,351.5901279325353,26.50443372753871
1250,6,13.145345368815544,254.9755471624782,78.12197218744105
1250,7,12.556681925128231,55.65264608146663,41.310681301205165
1250,8,21.652525755037786,33.827978607564006,62.9143183340469
1250,9,18.058777117685352,51.387078670903264,6.671465884632532
1250,10,1.137283664442128,259.24570423645997,0.9841509196677691
1250,11,9.052479715575464,405.690709445483,47.94767502365476
1250,12,4.555310482874374,218.81145090700784,47.25308583726698
1251,1,17.18197220685507,116.59390864991094,114.99715305622401
1251,2,10.796934772786726,45.96283531725021,54.754345276777805
1251,3,2.977849080588186,261.39514710073115,61.12482756196106
1251,4,0.6617985455736317,415.6631053456687,24.19656186770553
1251,5,2.730067297008576,392.11665625676613,74.42407440205746
1251,6,8.207849717202155,207.26181707125085,45.33781094283192
1251,7,1.104341558966908,9.737968638374412,88.09202469049623
1251,8,12.888810943918397,337.3164255068682,98.306401937563
1252,1,8.012191410937518,24.97070076596097,20.38253731082373
1252,2,10.366660310080457,240.16195370883634,76.085087237747
1252,3,14.72267794732862,227.90320393325243,69.68831705213543
1252,4,20.73120463694667,261.6304242700663,48.657902628411065
1252,5,13.20719664532541,322.3484238712733,111.97859851180851
1252,6,2.336075555906328,45.91700668042449,58.292783024416
1252,7,0.11700885189941523,162.62185031187644,122.43840603303816
1252,8,10.02419172843252,202.16265655200922,33.97799150916013
1252,9,20.535332081592095,263.4959034975956,31.2799054916904
1252,10,20.359674858511248,227.77702395669354,33.400693687293234
1252,11,4.616985622876436,220.61230222499316,31.94466208699956
1252,12,7.7968883714727095,144.35963705252138,23.224076902744187
1253,1,2.7879112596986353,364.8544898872235,49.671243960831184
1253,2,15.848772413778487,112.62296061374568,46.06657358963626
1253,3,21.292102506712183,432.9083908486125,87.67888530369095
1253,4,11.416924511032933,277.6954141323861,64.8255319458157
1253,5,8.831512444421175,139.3445285839403,94.89471781204503
1253,6,0.9306071577270512,423.1037415872963,38.98228773008743
1253,7,0.8016254671162208,118.17427134550817,15.02368451634905
1253,8,5.9702795352730496,110.90697219692525,24.652209144991083
1254,1,5.177786745753871,226.98948410632659,135.64214138904418
1254,2,8.376441042217307,132.98915774943492,57.19752354973737
1254,3,7.69057615109059,148.32125069578396,88.49616349524557
1254,4,6.5201919025043065,147.33621226152604,90.00765588423943
1254,5,0.003344807334036304,147.95991228244534,16.575599024609573
1254,6,6.508064728512153,147.39327696586378,36.645770922861374
1254,7,7.268190960192925,242.12476650253376,5.284612260838308
1254,8,12.730655647184506,124.0784176244124,80.32734134851826
1254,9,9.563662136821925,111.21279880211121,2.416402239116181
1254,10,12.07530353171434,171.16533633470587,108.50749511355636
1254,11,20.769663804640356,127.06497788278755,44.298356569956226
1254,12,16.20574243123881,120.17999468777494,35.998426863522326
1255,1,18.16481328676857,115.71025689746898,54.55722019606612
1255,2,7.630419194892663,293.52967227317697,66.80956938040495
1255,3,14.333833352156123,273.52107955836374,162.08834642072702
1255,4,22.49008364802392,323.80946602897353,30.590951075644426
1255,5,7.369774825744475,372.37034830989484,97.51468109633313
1256,1,4.044398875361129,168.75512899482447,25.463722490443608
1256,2,10.5133918118936,200.69466578778366,40.126842126963915
1256,3,11.842082937545484,181.1328761847036,90.11041322309103
1256,4,15.840909562883713,2.275880145606635,64.9021671612307
1256,5,8.053938540208968,54.54177714238932,63.23421086795672
1256,6,12.83669167041817,614.083742940997,38.80449695469322
1256,7,6.714634018602311,576.5425870487161,19.887061589896312
1256,8,12.54846154541903,230.52390544440286,53.43658619897654
1257,1,6.048562115861181,106.83672220070848,79.06483289364496
1257,2,9.825662774775218,205.55106980071506,51.54766006571189
1257,3,17.801359481091126,148.65859595674345,61.3805554354588
1257,4,7.968576360436375,87.12559512040761,19.794543282666638
1257,5,8.459767684534537,80.23728445982086,101.61850899757349
1257,6,15.824384146192777,171.29273564082612,6.450228873626251
1257,7,15.7530884058139,396.4772617490627,91.36778683190659
1257,8,3.2189211150954113,70.26819787059694,116.23645035376856
1258,1,1.5351027095212757,120.81631763995156,22.085212667006815
1258,2,6.815123788573164,374.6598245886775,30.182102274629024
1258,3,15.181796514964251,205.28654316978398,52.48968127947322
1258,4,21.20318234124901,70.9074908478135,55.318023548912684
1259,1,14.881144500787208,226.96394909034933,72.43077437439193
1259,2,12.715281562372674,363.10398224121593,95.27309981232426
1259,3,3.8570444244439894,275.47856352480835,6.19883200493674
1259,4,2.38456365943341,154.49315913637415,18.02020322152626
1259,5,4.55645999440116,125.85975469410909,49.19833965786002
1259,6,21.49820405414833,204.8044895024772,51.39510993432495
1260,1,7.484471109434699,102.95764298397461,50.103125290083526
1260,2,15.099153818479772,366.54360500495625,23.48838372845977
1260,3,14.266299179394789,73.17638599822874,4.860832230719922
1260,4,20.99635886977653,428.76847227129747,37.795251306656205
1260,5,0.16379248264768798,32.814596414882914,94.49827842650191
1260,6,12.93487464100161,40.197146686109534,57.28815320465362
1261,1,4.585995270616404,444.30953619295093,8.48326788183094
1261,2,5.659569541860562,92.49106414040322,62.40645145769095
1261,3,10.392906175880908,230.01022451942242,14.77571497835335
1261,4,20.39427781287276,131.8932339168145,97.503597975861
1261,5,31.973797980969408,68.99959192784331,63.695395994851864
1261,6,9.078774532208563,504.6322332384246,38.77384290059601
1261,7,11.740840342626603,234.030247926699,45.98404920208635
1261,8,15.288316375067915,214.0094600682567,69.27406952180324
1261,9,11.495218933998748,109.31934114340423,39.2415176109916
1261,10,13.887959969200722,282.70404528550193,99.8003619524678
1261,11,23.014709034870684,121.83966841384863,55.39496633118557
1262,1,6.697069438764689,250.33187587001635,27.205763913771385
1262,2,8.462315119912299,485.6375055514942,46.93692355252565
1262,3,20.069526052131415,28.31575467716945,19.331706390506156
1262,4,14.080909606560088,84.61319813954826,49.05603092163114
1262,5,4.836675661786762,104.82103029679547,50.570407741629104
1263,1,6.609012090816678,509.75006348090596,22.99122009873047
1263,2,20.363673356541817,225.24734550492394,33.0118669827568
1263,3,11.247054563478848,305.48335439491103,14.73629389554499
1263,4,8.053738289465219,122.5841062463771,88.71924507110177
1263,5,6.934373628385621,142.26120280973396,15.079820747866926
1263,6,3.332462598377391,52.76539318106603,2.247656219534953
1263,7,1.2633978813893236,424.0589711230798,105.74599531912116
1263,8,18.032480052599205,210.98973010628336,32.976983282930334
1264,1,13.641546849303554,250.96002839449216,16.46136279602638
1264,2,11.165704211717342,261.27340400960065,6.871018232369046
1264,3,9.114123096484665,235.16059435658747,36.636072962327674
1264,4,6.945368400285882,410.3359033420022,25.871075894852268
1264,5,8.135500589831647,188.11568340847873,26.3871990427848
1264,6,15.038539952825113,98.85880207853205,95.4630681657652
1265,1,9.916853171788915,74.1553129985727,167.5771201637755
1265,2,3.8214083278076973,162.5750931820088,43.60829790528967
1265,3,8.697648966117098,99.23190165249704,84.9923406354487
1265,4,17.98621950661864,343.2938376317337,53.563845494341535
1265,5,5.874657530304215,172.16638340046467,46.54141053943954
1265,6,3.1370013428996693,226.7235802157472,121.98111045869086
1266,1,8.811638514470978,493.44033353387954,125.54674675299468
1266,2,10.607158282153552,182.1828672505509,14.621283872163538
1266,3,10.538447395350971,51.28472340473979,43.93090551078565
1266,4,15.207149768831966,355.5224309988683,108.30514679032493
1267,1,13.235814542185267,439.94311785191076,19.485271362222832
1267,2,0.5292098870194106,12.659655906176255,59.60293703860132
1267,3,17.887926023649257,163.4222268178288,11.645809756019212
1267,4,0.2613976024152258,437.8499922782403,30.596360509164917
1267,5,0.8004319974542025,196.08302141977472,50.13837819102329
1267,6,16.193732221117116,20.99777445395887,96.52198903525615
1267,7,19.217390108106812,213.85369006726748,74.24996505029061
1267,8,15.685547730451997,109.96913423149832,5.5236851348947695
1267,9,5.87709235238736,63.609908286834866,68.90937963613406
1267,10,21.194589816906124,71.04023970543611,31.525135827210864
1267,11,8.235403439107923,509.47864740506526,31.818727277528392
1267,12,17.833622109572495,205.4207715215033,76.79149632239057
1268,1,6.4906982756034814,74.03276471110314,60.85647521138857
1268,2,12.411520326433822,218.32150743874263,59.09971071008403
1268,3,2.070418459589586,65.83145479629195,37.34309625666931
1268,4,19.69084551145913,374.3832361703389,70.67963158459025
1268,5,24.104126727227992,276.46495770511865,75.43819467281871
1268,6,20.358473764004813,304.34996950758773,115.94425118414881
1268,7,10.199599401400315,103.95083637442882,46.18439661256929
1268,8,11.66405680644249,64.28461186462505,21.5054142975546
1268,9,7.039733744622962,35.24747311485123,26.475794079852694
1268,10,15.144369582104828,319.1042563948424,6.103440926606858
1268,11,12.163221930031412,189.60584185566697,92.04289713776157
1268,12,8.115468602532644,14.069672674319634,30.535454044701186
1269,1,1.618808023023739,408.24833068818305,0.4591410751824654
1269,2,8.698285591805135,280.07498687187746,102.34198872716716
1269,3,4.454928955390175,176.3777891459343,93.14654864045147
1269,4,1.253535795016532,253.91648653755925,66.86358800542584
1269,5,12.764206028701107,42.22551573166595,31.567551731314584
1269,6,8.088895432574642,0.7076914386119313,54.91514240506669
1269,7,9.38061443536112,245.3981645966408,67.96883914915408
1270,1,7.359943611377105,481.1955283508468,14.187302572160121
1270,2,9.171275300188075,77.7235694509901,4.749618514837202
1270,3,4.475408797399186,276.9575786764634,86.83958435602216
1270,4,14.961152178252643,20.854542179460537,72.0421001896265
1270,5,9.164280336554542,112.75552528239155,41.26191714397586
1270,6,21.65942961902484,158.67249984870168,80.56570425502247
1270,7,17.227177371769614,332.0553982020331,31.708663571568916
1270,8,7.1791304756836025,241.14108955391217,27.834719623853495
1270,9,4.039258483289831,214.88155186172585,17.778277537688567
1270,10,6.97817742438909,158.86812483915466,27.798021804573064
1270,11,8.208060341127542,135.35944014027734,131.72895038536163
1270,12,22.380415340858097,136.17006918351936,31.711052975432093
1271,1,17.409136368631493,132.8743876778645,15.45039317113158
1271,2,16.626595797146187,81.71103380228374,55.02865267341573
1271,3,18.981852011154487,377.4205627055687,63.6653454156354
1271,4,1.7915532732425774,125.38941654804474,146.64582320445078
1271,5,16.634102840150206,165.3347770978022,0.3786562021383162
1272,1,3.299900875205992,188.87806090001231,84.2845113493662
1272,2,6.963697577615316,268.55614516701826,78.31802496894525
1272,3,6.389417026628554,98.39962638837461,30.89640002127553
1272,4,16.087090794414806,308.9443890432621,49.69977600843656
1272,5,7.050424347963707,264.5734933943251,112.282958370624
1272,6,9.30039087122314,256.1786485834314,54.08501633353283
1272,7,6.3407454788092075,1.6808627362165396,0.09100657835874415
1272,8,15.510579986614232,218.06306196683343,20.505939220945546
1272,9,0.010220310878212402,316.00977432430983,10.20591675210865
1272,10,14.732504175136079,180.36004185848242,48.29755687514548
1273,1,22.25352396022504,403.6598636588372,14.178836159675825
1273,2,18.07773230223505,355.0049112953682,32.13089870325696
1273,3,7.73599169947932,260.92133966245314,82.42664936160473
1273,4,19.174838498881144,24.47991709891133,53.19672413472769
1274,1,3.420756113787328,50.74452206159742,88.5329168077547
1274,2,3.2132776971849992,4.788407414386654,8.400553711348508
1274,3,5.7246473464168846,83.5546746666609,19.065598576390826
1274,4,15.465766167549106,174.3276667221506,43.394852782504834
1274,5,9.605573050356853,284.62315518138047,17.23908589983933
1274,6,13.922701028995524,216.90678178868757,11.692424827244324
1274,7,14.263037001650638,208.59070053375655,8.13786531367132
1275,1,12.437919883658852,28.23285456245503,66.41689099620272
1275,2,14.608323855264253,366.5465191906799,75.20338099606006
1275,3,9.112832403412115,174.5865030705187,47.11677284924389
1275,4,10.750309304926322,390.14756612092674,92.9055819680483
1276,1,8.59366862693778,130.9912138510954,49.54909523542469
1276,2,5.29439368227319,60.537391302141344,18.686385614528277
1276,3,7.8206997154101625,334.10405807627467,80.95745369217092
1276,4,4.735090796315088,233.03676177975296,104.30399260864365
1277,1,0.10749415466940171,212.32565137025193,8.236510706199041
1277,2,4.134938215590468,122.07178062194534,42.75789891068795
1277,3,6.050505643111779,214.31586656641514,99.82402385491469
1277,4,16.066492839994396,427.03217631671316,47.00021953892769
1277,5,9.501997211622921,231.1837186766035,11.327169389328525
1278,1,17.239757235277317,149.02065671051133,92.07854486062726
1278,2,1.6568956710778728,208.43173224571095,116.34742802921339
1278,3,13.406623243195378,337.0204646324788,53.17310843771501
1278,4,9.85000907863239,16.914622938037525,43.76485723631278
1278,5,14.716184563889552,35.90033394472766,11.481382366403068
1278,6,12.934958037375198,324.0063497552219,130.603334649573
1278,7,8.080702663761258,162.93871456362248,83.26348188606238
1278,8,13.994113156033599,161.26246685298375,48.86671711799813
1278,9,5.602186018639293,26.590793602237625,44.594592228645865
1278,10,20.65851159832739,92.21440448036952,7.400478727704893
1278,11,2.9740412021657736,279.74230130936957,67.15153870742192
1279,1,18.89513748582266,359.2348531709167,61.90321280758851
1279,2,14.553870102899658,87.59212183436763,77.57046579302866
1279,3,9.238218911872583,327.6085751701142,66.74743805997139
1280,1,6.686501432476615,410.90675959400863,22.618390012771105
1280,2,10.8288924222617,363.1292664462773,6.290001630888753
1280,3,9.068796156483648,315.16793659844564,56.03431325141415
1280,4,14.680013476373306,319.92159695037026,28.84372146455469
1280,5,21.331134661317755,73.92881584156224,104.2793433532654
1280,6,12.460819687644891,107.560062625479,15.499864830364636
1280,7,11.966476646520244,167.01574433767462,69.53444132582352
1280,8,8.414121273478806,211.2350320492649,70.4723958101517
1280,9,9.560560166684713,161.4920232695685,64.24345187419374
1280,10,7.4340665898216765,300.74048348636535,68.18869553184732
1280,11,14.891091337232087,303.9146833833167,40.019962499026434
1281,1,3.5661603789186422,134.29635258047824,25.015479790437944
1281,2,11.123885689148198,128.07831074475558,68.03805867561142
1281,3,4.485884857991242,514.6163381767492,74.59803334140442
1281,4,13.609786103852148,293.97617989125365,8.161940330273069
1281,5,8.272766703577265,169.47570657873035,31.120410084063785
1281,6,7.570216613638986,324.3922148989248,47.65148192405875
1281,7,12.097042339976847,53.33329012169858,19.932027379403394
1281,8,3.3924424604195247,445.91765780700507,130.34299771444375
1281,9,16.88107221975718,140.8477369357285,67.06024087821737
1281,10,18.835278030813484,478.1617612760955,3.9997349094881827
1281,11,11.42872257888538,151.61090660680892,73.44221083478017
1281,12,10.365955927694573,49.951500806972575,65.79290965371477
1282,1,13.390378524615864,347.4462288363416,8.871648500079836
1282,2,6.781913216958618,277.26439252202715,26.13081326119133
1282,3,11.260553519518846,230.20441792980142,98.97916530556796
1282,4,11.194566543692913,279.78918561054843,68.5915129836616
1282,5,15.548467734969108,115.02917855516708,62.146657498595275
1283,1,6.326244825509331,0.14297509882109694,19.665920629526866
1283,2,0.5622360309662486,403.9140376530355,93.2179330731675
1283,3,15.176357023154594,282.67128527792755,99.93368643265488
1283,4,8.306040513046433,263.3993215218584,17.52433878464008
1283,5,8.92586013291202,267.5115759751085,73.2457129510635
1283,6,5.662024570556984,224.74807096612744,46.899357362345036
1283,7,6.833225719781287,288.37279082112167,21.691505071677824
1283,8,1.446647780094242,377.56491594343333,91.7059410374879
1283,9,5.805956316781624,189.6958145469955,83.8395874942818
1283,10,10.308240287115238,279.53114103070214,69.02267174906979
1283,11,7.765808479916352,277.38860040221084,11.40225495901528
1284,1,16.75458937891646,89.59877721115942,17.212287127885084
1284,2,15.26542060671117,121.49414501186494,56.70104611724469
1284,3,15.087094006448034,304.47544952488056,94.04709777742531
1284,4,6.149407265002243,154.42370199338436,64.04982489737318
1284,5,1.0015972442954713,79.66297329567843,14.506990665483315
1284,6,4.6978586735772225,119.20551849104679,50.461992446668596
1285,1,13.593062651448815,169.72562368547278,6.057499419640266
1285,2,24.138567602591703,26.882163363624613,140.9841720818281
1285,3,9.350334206972907,334.5810857847829,58.6087280252203
1285,4,3.8562188158166038,399.3327548651017,74.63764017126152
1286,1,11.045440309312813,148.63379751640295,78.60251343627067
1286,2,3.0770952301790038,389.22076746194307,24.33948741456572
1286,3,0.7939034738790092,185.3283600359793,32.562263381528
1286,4,7.184834304192151,202.32109095043427,6.497222547979888
1286,5,6.86560014540939,36.48862872589018,76.53999495975322
1286,6,9.914608156558522,18.019287496133927,106.58790383729
1286,7,12.200992807817167,126.17657807011146,19.77275946121294
1286,8,9.593973469627002,10.636459756935324,102.84838786398547
1286,9,17.97222110784677,151.54674555832412,34.460312973748216
1286,10,3.821020650215102,240.75940250603884,61.193854438836624
1286,11,15.018144813469696,243.6218202530655,14.42710934980036
1286,12,4.939183185701946,222.13468138046548,22.320797990007968
1287,1,9.41938598900045,406.3738859851535,72.6257571798856
1287,2,6.204618492215291,288.43918270169945,47.69530492966044
1287,3,2.8646436662897514,213.75223622528642,32.806346755402856
1287,4,9.653611753636387,189.46251626686188,41.12214726335738
1288,1,5.8948704102614675,168.34474676393756,86.87625369243436
1288,2,5.498106980597191,133.36071844096966,82.38072637020409
1288,3,4.588138689907604,150.01508927625693,34.501915836003406
1288,4,4.5614705597349126,23.37891719747705,84.27499556934426
1288,5,9.743927853800987,343.45280707779636,114.69972966954016
1288,6,1.4291044542818483,150.30848578259935,45.57997837455531
1288,7,20.592575643034728,37.96492925584866,63.1325752259122
1288,8,18.993125988506964,333.5484222917825,70.45385558214063
1289,1,15.016040678189206,34.04851151522223,74.13555373059255
1289,2,2.8463955915634553,211.18627864071865,0.5234510562478008
1289,3,10.925006300339296,196.8684078617149,5.882820455754192
1289,4,0.4911206105657886,312.59578761454827,31.879981892864734
1289,5,17.08421673562642,118.49094052629911,102.0871894247684
1289,6,3.3612731150851856,420.91198362668126,56.97487452232249
1289,7,12.798577185380978,49.39630798333593,79.16860731723148
1289,8,15.347496926878208,151.33477137121793,35.359815680028674
1289,9,2.206700038606428,32.977900791206196,67.9741127016539
1289,10,6.7447736233589985,133.15854255916244,27.347509205543304
1289,11,20.285031944753708,206.80279412447715,57.909613423331876
1290,1,5.664273419934078,199.768646037342,137.66904855721563
1290,2,10.655682917044981,358.67594465041793,24.948532087336545
1290,3,10.205496892017422,234.09329702523573,67.75155479191558
1290,4,12.885723096495346,16.274156884467914,169.12830202086712
1291,1,2.2658246647089433,449.4132294148581,101.90678545893047
1291,2,10.183422425107034,311.86696369583757,8.65581318154939
1291,3,11.324299837533992,10.428683643909807,42.83765955562917
1291,4,5.248855605893576,102.31875385761813,17.503507860073597
1291,5,7.199027415172045,114.22211439885214,75.33228264520932
1292,1,11.3910469184158,88.53945142254138,4.622122496629558
1292,2,8.850245508519137,233.63497561744788,50.57307434859017
1292,3,9.11656470227461,165.44125384591482,107.44869236758058
1292,4,11.32331549837906,230.38893553773042,41.17489366815461
1292,5,7.018139196452082,482.36051623744345,72.52818443199794
1293,1,15.440152063367012,326.5367539219731,9.317016935260597
1293,2,11.816238645723493,156.46729495785684,102.1466193116099
1293,3,10.751159566262206,140.3184640175897,37.56430482394615
1293,4,7.421802044420551,223.64111831001375,62.88004897957303
1293,5,8.588112051415209,151.4533591426856,11.796254016555501
1294,1,8.703553349251028,165.58738068802472,64.94443020010486
1294,2,11.82204019380604,240.32582719839147,102.87003682009754
1294,3,8.544482013668842,358.43407804774097,7.419037657006555
1294,4,9.102017209843524,189.94413171823228,2.3311073656170294
1294,5,10.315185792144078,217.36988997809857,73.89377354380792
1295,1,13.374873951084687,59.34370242119945,75.60951229091977
1295,2,1.334719864220414,273.78337927719207,106.79451845372151
1295,3,12.017371641274046,278.810724308297,93.54498154621294
1296,1,10.668094545043258,464.54393003011063,22.9318666561108
1296,2,5.5839358677769395,261.3224870977891,53.74930319092317
1296,3,4.388823842379601,165.5631229141674,148.92070386474813
1296,4,11.72838940281068,290.6653999998181,24.242273282994297
1296,5,11.702989031774386,198.1507702647018,94.75257726955633
1296,6,17.60900620745879,261.127421723111,52.83863262378179
1296,7,1.753752751272291,57.09331556432403,53.2764365359007
1296,8,16.12243878023159,399.76190854342565,14.410449985055159
1296,9,0.564670155488951,339.9438729341873,17.41232931606563
1296,10,1.039477873709707,125.94827628213488,29.556041331030187
1297,1,2.1060763192094996,284.45432852974267,44.132431746188
1297,2,3.2420721730117723,260.04508303331056,106.56913563464454
1297,3,17.45368164118048,199.8580331625805,32.88284430042647
1297,4,16.095986229684957,135.89807213100076,48.25736740599407
1297,5,27.994643248546456,423.06304585699087,42.80004184479854
1297,6,14.795766556741095,439.12866385087625,68.71494555784795
1297,7,2.365553439349058,251.63300964098283,40.910668049508
1297,8,8.556597941324192,99.65206016067631,6.000419709646749
1297,9,6.037173130581335,314.55641601887095,89.72094366335094
1298,1,24.941280815935976,22.056347628390967,72.55597286730239
1298,2,12.094175025269388,234.5738464564538,24.14806123680397
1298,3,0.7973353240971637,342.4164013344819,183.49527649929223
1298,4,1.3415385461344655,353.0347702056076,43.151135250149565
1298,5,12.220089987007459,191.04075063450583,137.80862353606454
1299,1,8.491615278779735,316.2298755101154,111.80124861795849
1299,2,10.671169243126265,85.97370033041352,86.04207874616012
1299,3,14.796623344156426,120.11796629625987,42.47227521481304
1299,4,20.21083787009612,440.8148631036761,18.944595431397296
1299,5,25.656796874522225,272.5945825770384,151.54573492765223
1300,1,0.7393972763779733,62.594665333044816,140.3062756155383
1300,2,6.267838088942679,159.4651873688461,61.90162162068548
1300,3,0.5556876680202283,276.27567682480174,63.65870599335547
1300,4,7.5548613923560985,241.0890961394425,67.13130051295877
1300,5,20.046334986102096,575.0392201970128,7.539960494613105
1301,1,10.31687350341778,86.45041239868377,57.1383453139229
1301,2,1.0472175354712707,307.38686963754424,39.75284815205086
1301,3,17.897706973682464,277.60468667607523,65.75051300131986
1301,4,4.443683355249358,210.52893067003598,80.22392782232043
1301,5,10.81590350431523,3.6380259246479625,89.41788286439139
1301,6,15.291203223708333,25.099766502887576,55.03393563221944
1301,7,15.706981543501474,110.06440590492944,3.0012526419741974
1301,8,2.4768492176338572,183.66709862037138,87.22472579854264
1301,9,2.388909918268568,38.03666728223794,37.862869070296455
1301,10,14.813469897863513,463.0703060506751,53.51662539220028
1301,11,5.2766222186914895,80.54584067972658,104.88673611358021
1302,1,1.15996021131971,171.43511452083246,94.56579125946159
1302,2,10.233849831288259,569.0441207939905,28.96323194177231
1302,3,7.403417318109176,94.62457897674565,16.784923504164098
1302,4,12.840036921131656,306.3081166589384,34.733114597543505
1302,5,10.291857356752205,231.68967882785452,101.73671356240371
1302,6,5.761784759693808,226.62560075432944,67.28604802329838
1302,7,12.868551652379212,211.243366247245,90.91735988151869
1302,8,5.137711517841589,174.14308314186033,26.374578714460185
1302,9,5.38821778609603,217.48151018650657,89.71528758053454
1302,10,4.522748662310258,337.9846374386906,36.714291072364844
1302,11,3.297162277414201,100.63498948548232,88.30550727785464
1303,1,10.404338098617043,166.63094285193853,14.433627429628558
1303,2,7.000262350245428,484.5463914037966,57.471320554935616
1303,3,14.282612414958884,13.063398133499618,76.59919129335772
1303,4,20.537340401105396,247.7033880290586,1.7529691185224934
1303,5,14.483461844830986,321.74261330314687,21.982548531842593
1303,6,17.4817208111471,267.6785191026835,29.709762087326425
1303,7,5.884160538241841,149.5548789780678,47.71804232704938
1303,8,9.968828666692627,318.4036573167245,82.9743465262228
1303,9,21.309055583059944,250.80843714801313,109.0554184802505
1304,1,16.517737954239443,254.7985665248327,5.556307279702224
1304,2,14.537696897282128,366.5871957884367,16.951677573373374
1304,3,7.079275131206343,105.4068310774189,92.15547452505501
1304,4,10.382954439218352,145.0947429796354,75.90132607131804
1304,5,6.6347488508872825,169.43451383603482,5.401962727318654
1304,6,15.870530563323593,36.206565547784976,107.31767508555724
1304,7,11.672901549708715,176.49262368917178,49.476076287384835
1304,8,21.969663305966925,1.9237787126628234,0.8821347796859769
1304,9,16.71573368645347,61.797300143175704,20.431989629293042
1304,10,6.898463779332094,368.8207942856385,82.38184976522015
1304,11,9.011739061281778,260.0773746958032,65.05322226782087
1304,12,2.9823232278570915,59.825123845707964,31.467772681141085
1305,1,20.43418944060496,571.4145834511266,5.124550398024077
1305,2,3.952028081879666,334.25619794240845,79.39489243278193
1305,3,2.657772738560068,177.6931175458787,121.81766848928281
1305,4,16.24785578727129,31.410080893648313,31.12985719805218
1305,5,21.326250075138017,72.64908338003147,88.7283836155905
1305,6,14.975976702826113,196.34959405830202,20.031198971423457
1305,7,20.431614284675035,136.53756871401959,93.844981855875
1306,1,17.161926961791362,169.56340367434638,86.42673492239625
1306,2,7.341403750562517,366.713893526607,1.6031236843910932
1306,3,2.4894219384517493,94.3073765763116,93.35420883325747
1306,4,3.774901055987396,101.61668311454686,11.532491278968841
1306,5,11.787763606016064,311.5412502331502,118.17298063042523
1306,6,26.7987224985074,297.5271129781954,64.62616747477473
1307,1,3.3327311777480713,172.5384342236492,34.55659837181571
1307,2,12.102776493383393,232.54102128949415,120.34261400538884
1307,3,20.494310216042784,27.222043705180596,64.29071086644183
1307,4,14.957328857059577,212.6077021569916,29.360548352882784
1307,5,19.651008170062703,249.52387469492956,8.263246144576144
1307,6,16.832155884488895,270.16129759389,24.253528056159915
1307,7,4.6557353330830695,80.5803865005141,97.35008202004322
1307,8,14.126277110756794,343.43431107489744,58.17992295674344
1307,9,5.229140189825317,80.84953181465102,92.92594751076459
1307,10,13.123602658154498,160.14597849102185,50.85417675751024
1308,1,14.776010653537227,346.7712452249914,5.9313114469639885
1308,2,8.471275840283187,283.0327516697707,61.919239119189804
1308,3,12.6658449488105,20.96930612990232,16.97400427631444
1308,4,8.939101764138105,153.17015437962166,56.57595918212928
1308,5,2.602697884743632,346.47872405680937,2.3107214999691195
1308,6,11.613835341844018,78.0234055186496,39.39318545345693
1308,7,0.3128009493570332,174.79842202507277,76.6145036185982
1308,8,18.860880919642803,185.31650581282256,1.273251439988421
1308,9,15.70772854122621,252.0475557143921,43.23910832254959
1308,10,6.214213175103636,181.84598004140688,51.15887328155222
1308,11,15.66706628730853,72.824227751443,22.940142299912353
1309,1,8.355842951257362,325.3349192575995,8.573135540219283
1309,2,10.456343077228293,340.46490334979364,64.58533574200341
1309,3,27.56623554692373,115.26267664381601,77.77206605573828
1309,4,16.158258033954937,167.1101142499669,12.642247571390634
1310,1,18.126707933967747,300.0202507580293,1.9163193097163926
1310,2,10.631141713780291,282.6295717869513,75.78602866885736
1310,3,15.739952837667447,280.34243537361635,54.45346254108729
1310,4,18.68384935052628,192.15924170330518,49.58776804219471
1310,5,21.05838324752952,219.21479234264865,73.02049589329377
1310,6,14.26362616115087,136.88542770154177,50.74908672843922
1310,7,9.906437504355221,167.9823397795606,47.47065501682616
1310,8,12.665878439989326,111.10634350069947,49.81843195382498
1311,1,0.5553628191102362,132.87406589557276,61.26539214991488
1311,2,0.5773374589556362,82.83340031123657,21.567860699541185
1311,3,10.43380801776163,141.17341018575635,60.46399826480257
1311,4,16.14478777414081,93.54086856931076,55.944043717482046
1311,5,7.088217071274444,228.52437404857724,77.44690392847278
1311,6,16.448650535895485,300.54561789395575,66.55942515715975
1311,7,0.05850708886329414,37.81011056811661,17.032868807980357
1311,8,12.510341447652674,6.3492631414190726,63.5008931267143
1311,9,11.851284799928541,90.3533658279527,6.49588712929792
1311,10,17.30712902399725,304.611372259237,15.984240112202635
1311,11,2.7559731020988494,167.55200276178704,108.85190750885258
1311,12,10.287380579017317,482.5586083017801,42.33315652110973
1312,1,11.9781250922271,283.45234540985274,44.766414416880444
1312,2,16.61575347425356,261.9770964694029,155.50877167918244
1312,3,9.831439038562968,137.34889520255837,101.12410041111997
1312,4,14.758998043460178,78.60289747972953,84.95997655960001
1312,5,11.41828646396504,213.0610501417249,67.45580333499284
1312,6,15.678392284614437,228.5058154130961,39.45332313737813
1312,7,24.620604274599536,193.978193364846,103.47938317704956
1312,8,6.06405145363503,73.10305276052578,88.80402937738215
1312,9,8.224127779423371,90.97034830418386,41.79773400149172
1312,10,13.549048925188034,95.54415001271775,17.233981189475458
1312,11,11.353498741124541,28.83642244603712,62.282450077644455
1313,1,20.13709881439818,74.08661114434497,91.75350758334825
1313,2,3.5310814188781325,152.16564005121364,80.28856717652725
1313,3,12.477406304791728,60.28047306751694,71.22340568685777
1313,4,5.206182642503986,19.953199881678643,119.8225697107971
1314,1,11.517553545749502,297.48782674628126,53.97970203477308
1314,2,0.5819786189280656,251.87402402460944,88.24126300688073
1314,3,16.644953923833654,363.8471761475406,52.015758183033185
1314,4,6.576377482426455,301.8466340144097,52.85961743102443
1314,5,23.96236638479681,484.25749909309826,94.01520914260982
1314,6,0.36392635078098934,33.705714412944246,70.89663706150017
1314,7,1.842419682193512,332.6292952390662,87.02390178495165
1314,8,20.92684104043837,363.9786115253206,34.51023237882872
1315,1,8.919620559008433,214.98250623017069,78.85203154950808
1315,2,9.634525237673099,166.83940045713797,24.992816181026978
1315,3,16.610860021420343,206.50704347919694,91.99802134725076
1315,4,5.993119120000554,53.90030157721296,94.05684961851222
1315,5,2.4954308942548113,117.15151687727992,73.60687648804804
1316,1,22.63290972923555,195.97062953307994,145.54181511261714
1316,2,12.603192215402684,225.9815253537719,27.67113881702949
1316,3,15.788971737699217,195.4771884713249,29.245363384661488
1316,4,8.541201266643347,149.92117747668084,46.79454332999353
1316,5,25.77741950784116,296.25480015817476,42.640370225422515
1316,6,9.601956921343515,9.143442570128059,22.221372078128795
1316,7,15.21676459093755,308.7742945801915,66.21372586648329
1316,8,20.404341938989933,232.87067338291104,82.6456997520524
1317,1,9.48470825280808,119.9664419742184,52.174125176146426
1317,2,1.3983880856251272,275.87336100005956,3.24112672451605
1317,3,2.447084888292606,26.33881099043134,38.64724664756103
1317,4,8.363125492182155,370.2072167540083,110.88637429415732
1317,5,20.486495855539513,372.6092656471085,133.0171541015275
1317,6,13.18752891149395,270.4908349723809,123.08115983222511
1317,7,2.1995899567381567,340.9744377180564,48.11344662755662
1317,8,19.332326398432574,377.26827848832056,43.426418981313134
1317,9,1.5665499217856524,402.43028615868036,31.074719318821398
1318,1,16.085203247438383,212.42343367457565,72.66382937959987
1318,2,8.875926677114027,260.71222143624476,64.07636266514834
1318,3,6.436855620560209,146.6930185179092,74.00508689404873
1318,4,22.684614660489807,381.022787196398,4.835357755303988
1318,5,2.120927825418626,119.65529768476048,53.956853515103774
1318,6,10.337793798820236,386.0420415392523,101.80453223387102
1319,1,7.599123613769943,278.54499055323197,14.552448148816971
1319,2,16.58544045824386,280.30983331435067,43.538746936165154
1319,3,16.146694473016282,123.83754399995122,48.356747880698386
1319,4,0.5030819803322579,116.28597664376291,14.983506046682798
1319,5,2.301348727310277,176.60580126368274,45.446347380489264
1319,6,12.078778771293342,286.61313406860506,40.95523664625849
1319,7,13.48485883985708,334.2796844227464,93.91803266010542
1319,8,14.046092302894293,273.2808246003,10.610600300952704
1320,1,7.519052799493214,122.81348062562438,74.06334343899657
1320,2,12.250700308471838,87.55630037702066,118.61276024916114
1320,3,22.914179454798496,217.80519418153847,74.26821094400557
1320,4,26.326477778995258,290.47535115445794,4.294584687913485
1320,5,10.301850464379562,148.15727164277666,32.29046179087512
1320,6,13.103965558549168,127.82237020381541,83.38789882414736
1321,1,8.48576205073554,89.77745386511863,45.730431657787264
1321,2,16.33129464070135,369.40923278948037,5.006365961815256
1321,3,10.804580842639067,15.139811344209818,85.3686868390909
1321,4,12.95668730408207,61.822155357390585,111.36582280204655
1321,5,12.34509436005171,233.7788720699943,42.835540706161616
1321,6,9.943734459657403,142.77762478658178,20.351660151349854
1321,7,18.603914113237757,126.08861155014768,28.943678490731113
1321,8,9.094941368957823,413.67717212822123,95.24663574789253
1321,9,7.236061413027592,384.0178138338016,54.324806817133556
1321,10,4.096023123943754,128.58059779948906,104.93015477134911
1321,11,24.579916844983792,247.97251381298037,27.338513532679247
1322,1,9.125577726282375,149.6684230980119,116.34846506005418
1322,2,1.0745825550573347,120.23092349019932,58.706222472895824
1322,3,7.769874010554954,389.817636057904,45.26601201665356
1322,4,14.984606835762598,36.19701777348811,60.575913431796835
1322,5,7.803511989316907,49.78145022674909,68.66223074554192
1323,1,5.584982041833637,188.25665905254453,93.39639520187296
1323,2,20.0538760906584,56.19030077571557,68.61730286108387
1323,3,13.105586374562973,120.31906718884211,55.62994241772355
1323,4,8.299170133058722,28.104215587388637,25.06074585629781
1323,5,24.12194369295745,243.39452722658376,1.5354218144673268
1323,6,2.126959047072279,433.59089311786994,30.425419685136912
1323,7,7.383910724682272,318.8795522126676,36.39198162303407
1323,8,6.2770360413336705,233.3069040142554,21.672279262873587
1323,9,6.7219669732015515,439.0291264588153,17.073168337523057
1323,10,8.256779101887409,520.5126839700919,90.29597587738684
1324,1,13.198936200333897,325.367422389921,7.77167382204145
1324,2,3.6261907435586043,57.276529011180145,33.69293546498615
1324,3,18.371630404593354,157.9372748025218,60.190933958875696
1324,4,12.9253315839137,46.46437097434705,108.39555327513082
1324,5,5.346358798140563,433.9687183949421,44.95295994145139
1324,6,7.637476916708256,33.38162245155479,57.89141164794323
1324,7,25.780676758251573,262.03824356030043,60.81747487795618
1324,8,5.333774619475892,288.797562291767,56.30471228491797
1324,9,9.560158676809692,274.21921764927646,22.6338391527957
1324,10,9.296328553233753,20.445823232194357,51.155939932797736
1324,11,4.930604370566517,101.62402241581943,3.3376513114280186
1325,1,17.809654798727745,98.33802525981821,25.030455054649828
1325,2,20.714305498206926,285.19361491498756,31.38556952047928
1325,3,19.697521202052705,447.1835962548954,112.1750435302539
1325,4,14.677324701077914,34.74353601034821,48.03097970607232
1325,5,0.13911711668127857,70.09759167468948,5.5645310414909375
1325,6,5.610786813673366,224.59308353171943,32.20352203337947
1325,7,6.584967712970153,156.36583329147973,109.97890718207526
1325,8,25.146288516455623,132.3955730271215,63.44296809987828
1325,9,4.111054262103476,315.14769572847615,30.941997522890283
1326,1,28.554355773191432,242.16008571845214,86.0425461577894
1326,2,12.200838701436599,176.5061266654597,25.421147358023152
1326,3,20.365923308858495,488.1664000576476,52.15809005665931
1326,4,18.483463637157136,331.10792149280076,42.44790325079964
1326,5,10.405377543120487,134.54653950560822,131.70459484961967
1326,6,15.664192735481206,204.7172366638365,30.612107109084963
1326,7,13.62075833739674,4.863701624760381,19.73327645105854
1327,1,8.596051634222077,196.55219551651385,94.08612425089373
1327,2,16.64203619081009,87.51679180954842,55.38559620499015
1327,3,17.68417033381469,127.58080896729372,59.606250037854075
1327,4,3.687038642902319,166.17450893272982,39.67740534057128
1328,1,14.390404680200934,160.35620078192295,104.56394939292665
1328,2,3.5684580791821015,298.6217812742514,32.26560496916972
1328,3,2.146094007701885,122.71843687571062,59.6468684609305
1328,4,11.801718598207817,147.45809242553221,52.132495163541606
1328,5,10.926027444037727,336.8855097392171,102.42694430265486
1328,6,10.013083744260442,1.4600537237737683,75.60864107501581
1328,7,14.780707692638225,333.74889581993267,11.632105469508616
1329,1,1.7772822727047917,477.1737504697323,71.12397049105334
1329,2,6.333416822155061,195.1224736412032,21.45596350013767
1329,3,18.101253285361196,92.44155873155728,70.40111126577054
1329,4,2.8689550832381023,137.89878573211098,99.70755489083567
1329,5,1.4376646414923844,177.69366496720403,75.11082702908747
1329,6,13.249186502410696,210.5278999667544,69.83054049352793
1329,7,5.7242323107699775,489.9193782999496,14.42471411567341
1329,8,18.134495210301424,228.42418051752742,74.68436925457397
1329,9,15.561822123086177,283.34429051948644,17.55912957764116
1330,1,7.996112173578529,17.738450058824725,38.0601709595431
1330,2,12.257632963659098,291.0692413035055,65.65737379977047
1330,3,2.285628190010941,115.67391013689077,23.510020425298897
1330,4,0.8288244672964922,74.60998983443598,50.051167214780385
1330,5,19.896519645448993,57.04035061865065,4.845422599772078
1330,6,5.8036928944881225,250.61995806291662,98.94831561434172
1330,7,9.394437646170212,16.881811892801693,0.6766868687979866
1330,8,11.31796972061961,349.28815920140846,122.6296769936513
1330,9,1.7231941556808508,220.96615719264787,8.806198510192033
1330,10,3.7096132709076137,52.50324015877382,36.629553409018634
1330,11,3.8240463981927055,571.8269085400201,31.612968668573114
1330,12,16.914446776016447,101.07084880478021,139.3296211947291
1331,1,12.373454869931804,332.70227256926523,41.34012880759546
1331,2,19.313100914132832,209.4078567146306,58.79531440721962
1331,3,9.847800930876673,48.52431971720256,66.44010122563054
1331,4,5.310190327535104,247.6816783261534,16.616460375063653
1331,5,15.213386778104857,265.19917219975315,98.91090631337389
1331,6,15.069699630690463,191.57501878394186,111.4721028733878
1332,1,12.683404348863622,382.4365387124092,28.120809060333933
1332,2,18.374731913883153,200.6050893661078,106.8774927277089
1332,3,19.93959151196698,196.46653318272325,66.6944544348963
1333,1,5.083069771179441,43.52891707599704,60.029170921308825
1333,2,0.2640266480530524,513.9618829844187,95.5395426558218
1333,3,8.938989922710102,600.0944191027513,24.786607864438537
1333,4,7.252907631822177,139.32034576096908,47.44037619750376
1334,1,12.0762367888291,34.91816253299962,55.50566561825439
1334,2,3.0365898044669883,187.84416944439494,57.64813770156541
1334,3,7.530025700180268,46.07662943059822,2.479246662019321
1334,4,13.207705351760351,116.38367092296694,72.43399011137586
1334,5,10.067909041420979,170.3252163334284,63.90574352486111
1334,6,5.275720496736335,260.05923771096275,33.21971670078564
1334,7,27.75399891327605,29.909657429587384,35.710054797438275
1334,8,7.781651021332118,2.7798341591304734,79.03250356394105
1334,9,6.99893143243592,156.9667332512701,77.80514286181334
1334,10,5.546818530530008,184.26478656203503,77.07290319423434
1334,11,7.447053904845198,144.06550408901197,148.58807937288657
1335,1,5.076220236944462,92.28216161698714,96.0902871930162
1335,2,6.635049863319559,230.20899662248704,112.15501002843288
1335,3,9.935975062851238,147.4943944608283,3.4605310756585084
1335,4,0.6780518045892592,18.784705369513347,48.54360388786901
1335,5,25.331979528292784,153.80903343536778,48.8318400603892
1335,6,14.847346991536977,94.70837974545448,104.93023502546978
1336,1,6.578875273925792,40.89520560977229,137.64486420708423
1336,2,12.031782822274266,272.6472860373916,110.18870462158667
1336,3,4.799078366467343,37.986215142355036,31.054471423344054
1336,4,1.3555275096712993,287.6200706830903,0.9073848965306581
1336,5,3.5104817722589425,87.1345833131434,43.900827312020446
1336,6,8.585268247854966,77.28662412474885,7.7457018544972485
1336,7,7.8054216214631404,200.09189840852727,105.8488377268701
1336,8,2.981796526646013,178.7912875262462,31.905648004287443
1336,9,17.62846217942778,177.4632189826936,81.10328659380808
1337,1,21.3773821848757,202.12477390736325,43.38689122681704
1337,2,0.4126777442095868,145.35696802636994,21.390473843288483
1337,3,10.190395619280364,26.923598940275184,36.85638182425162
1337,4,2.937459579671696,341.0343958758273,15.63310568494068
1338,1,14.695503624659224,412.3125802920766,2.7841227321656277
1338,2,9.36047634301463,211.32339689315015,128.07434208850455
1338,3,8.337755323642229,320.19656500806593,117.74416586566704
1338,4,10.91208389682649,129.63164158335485,34.69794417754839
1338,5,1.980012807304762,131.12495782340673,6.854374562409234
1338,6,15.475530986792524,34.323857541489446,65.68961798215331
1338,7,17.963847510391915,309.344582843186,30.679259585871925
1338,8,15.34691881795003,201.45154434354004,31.707522071382172
1338,9,7.456051275193926,266.4353071181832,12.265896602867485
1338,10,6.471543671852642,256.21082122437946,29.493766541720298
1339,1,13.090811811363114,166.66533497254727,22.132413021040968
1339,2,7.2467004893377585,139.13853800969514,65.93530385778207
1339,3,8.411226856764838,231.62363288932505,46.36729607382236
1339,4,5.086570648840083,300.28853956495107,56.46021273074159
1339,5,5.118667868289176,101.31680539874527,56.87131083970855
1339,6,9.725084620513437,150.13038822056905,45.22512263429679
1340,1,2.7630408303116694,90.67456195576598,111.10155432577444
1340,2,12.333925450431952,63.43454333736122,81.0135940923243
1340,3,15.808168408643102,142.8037848796039,88.36694500381296
1340,4,17.04724744918765,327.69979510200983,23.049918670437712
1340,5,1.7466367505692482,53.93009863014436,23.77941443409808
1340,6,7.425323291412555,157.03458708234928,48.11185916993841
1340,7,22.130919844470682,149.06342401526393,48.04903533641304
1341,1,2.7231428726470206,371.8516858805108,27.499405069890624
1341,2,1.2871440084702748,170.0897974252083,17.239485644404425
1341,3,12.247058177524911,216.0370875644464,74.67555917255277
1341,4,9.902087816217607,155.25729545051664,53.04760336073637
1341,5,17.91026411710076,353.79221974816534,101.1308385485141
1342,1,2.818077650171106,282.69447250310634,1.4677815836506767
1342,2,0.7014402207917385,103.62375771811911,39.109435213925906
1342,3,9.652273226865837,127.05913487554912,69.37325395324376
1342,4,18.16869163301676,207.37297540014157,96.47958236818832
1342,5,13.849375646869344,56.74941592769687,16.130749220316346
1342,6,3.7192646131054277,171.3620332251959,38.84522098381603
1343,1,8.827622832350878,75.81342455452447,88.4320428563342
1343,2,13.517388999939318,326.3981574712175,12.65102491765883
1343,3,17.38014581910766,252.421100504538,88.08966604441969
1343,4,4.507198390101435,224.06246252966386,96.17399089391793
1343,5,14.129771098540958,182.9944507975318,71.82798750061414
1343,6,3.3190247674497595,302.6561065823675,86.48006587564926
1343,7,13.164030020863503,188.38022541242123,64.09451704319837
1343,8,9.714564394067,174.41230438505895,80.72481771264431
1343,9,21.073443342933047,228.37539829453064,28.659508382586388
1343,10,3.344881467385095,101.77710692033196,137.37107021041635
1343,11,21.400791130714534,343.8766375710446,101.0725736438734
1343,12,6.271198692582782,356.8539310853078,95.24253214251601
1344,1,5.8468008664425195,387.7069853611364,90.61194407288704
1344,2,12.613730469752412,291.7538071246885,9.087848404048735
1344,3,20.268615747211257,185.09632681020486,91.00182597704405
1344,4,15.248895564672878,351.45721513158077,8.089481989641826
1344,5,3.556504603788622,537.2412153230856,10.773682939694275
1344,6,2.316727525439042,206.48659948972391,51.79918909314439
1344,7,6.219873460072677,292.41183078789084,86.08333750402002
1344,8,9.872826569638406,159.7265210467405,49.10951241539414
1344,9,6.518474456179071,54.73554132832746,62.03697748030183
1344,10,15.360849996236286,176.910908251414,40.60312727622275
1345,1,16.125494803755238,28.603278863891433,44.22145952762802
1345,2,1.9993909815755853,368.69531365248224,9.839171618982647
1345,3,7.120613984265993,232.35930628359742,82.9569891486619
1346,1,13.690735846078882,252.69291210375775,89.48703146482106
1346,2,20.688966231976003,463.53937317212274,13.617914563601161
1346,3,2.2568420430649017,135.5604238853068,13.897121075606776
1346,4,27.288503037448987,242.045079171373,41.58690537045921
1346,5,6.205104932987338,229.8168480390581,34.7229023581971
1346,6,16.313447289916915,410.120713416784,18.57492061531407
1346,7,14.078340801921623,267.12577062263676,71.27352989446412
1346,8,13.645934766236019,40.66145635218345,44.48489436876221
1346,9,16.094532507943583,53.34746491603465,54.50155282942279
1347,1,7.424324371158429,310.5460070400157,51.39764824307477
1347,2,7.062445736574022,161.15627021072686,22.583813930342572
1347,3,6.279829664309576,313.9967073208328,3.785650662433973
1347,4,0.9449546416430259,15.934127416609385,30.283754657972896
1347,5,9.559475731427082,234.80432319587123,78.19113651129479
1347,6,8.289567843983521,309.3709020931265,2.229189868818665
1347,7,18.41332192477383,253.8801597181751,30.278984640265563
1347,8,10.753102846339736,547.6127318848467,132.01626847727687
1347,9,9.873968475386087,289.62597307563317,5.549782739535203
1347,10,1.0537949364585586,171.62969427499948,30.497910229800326
1348,1,1.2152600087657177,192.91920342978415,15.91778147063578
1348,2,7.426010210906406,189.90895879566432,48.2215557516171
1348,3,2.4862411465572443,210.20175000641177,17.004085273599877
1348,4,18.376536710921748,314.6808116374517,63.75601858531467
1348,5,6.66876019704686,223.21365400166098,78.27257788427582
1348,6,7.617416374673885,38.500108383425044,78.76458366527913
1348,7,13.707806734201593,248.179541313039,19.64857646429199
1348,8,16.719145050549706,372.3311312563468,61.26245319737773
1349,1,14.445492782907392,407.17268072595755,70.6938769815158
1349,2,10.242172946753909,54.68067660496189,28.736347274047827
1349,3,12.449532933027179,386.5346977090823,30.833544063157586
1349,4,5.8664044995455225,272.65516412132706,19.460321558334044
1349,5,13.081885142016915,71.57965255777782,60.40041707242015
1349,6,7.760938106483878,217.09482568968812,82.24133770519356
1349,7,9.334563662598454,260.64130415536806,22.320018462302542
1349,8,6.166307889159558,35.538108275230854,47.501458893248454
1349,9,12.048486155798463,257.9275017138964,117.87524263412982
1349,10,13.331720916433936,135.12939236811724,143.0660598191325
1350,1,17.671820274581187,294.2639276409002,5.956857040183493
1350,2,8.17439279246438,111.85101865943807,86.0182232404332
1350,3,24.331162656450047,127.06616800008248,7.083947637481899
1350,4,11.17124058498897,197.23117845658197,33.566193127795174
1350,5,2.163340120757937,248.5170244962693,85.50055407787914
1350,6,29.928898141279618,396.09318832052315,1.9486396776494814
1350,7,9.916760121867622,288.8116582173073,22.469542099068146
1350,8,15.460084010800228,305.50666849054016,99.49438862943332
1350,9,15.615699272872636,242.77154751616385,24.48273011964458
1350,10,0.9484498385478979,232.8524207230928,33.846636331585955
1350,11,7.849619336287999,368.26857360790524,104.75696055223442
1351,1,1.3524336862268722,242.2077958029939,73.94924341959486
1351,2,14.770877281547573,356.486228811744,36.887637329151744
1351,3,13.079289612713094,130.9074550867972,62.50729450514569
1352,1,17.23120123923824,424.03575376985816,58.53431530287729
1352,2,14.36123784406086,396.315485015975,74.22341833501149
1352,3,14.428013823481287,30.141507359302864,59.16718030353813
1352,4,16.030244946178694,166.35588142057918,31.806811407968432
1352,5,16.8124024928999,56.77527734499134,48.539451523878995
1352,6,10.39937932986744,303.4703352346604,63.65110616523738
1353,1,4.702304236914049,138.99649762705275,34.75897359652451
1353,2,3.5651253780907197,242.4210727644308,46.13553808303582
1353,3,18.077679282126383,337.0718381904426,67.87091299393003
1353,4,11.898035662949036,116.07158262268179,57.883362875982606
1354,1,18.941009485534494,124.62891677053649,96.20109809778545
1354,2,20.169502936082417,262.01554451911727,61.722353109001205
1354,3,10.270516018392058,152.4340945750366,32.50460944687738
1354,4,8.968082933999845,473.65675857186494,8.325791401352788
1355,1,6.497819878491828,222.28414668808227,41.70202523773595
1355,2,16.62819426909408,296.04605600843774,83.57755612065388
1355,3,0.12185181231030384,180.2240185159313,75.07120333565007
1355,4,10.609168092025111,112.03438286273993,19.789476331984513
1355,5,22.953936211550012,270.62842189490834,34.258540584844894
1355,6,1.246134082551027,114.42752228752948,5.659986947131628
1355,7,1.7636401428163477,382.7514963678055,71.3398629232162
1355,8,4.048060056607361,81.11227416771645,25.767399126840456
1356,1,18.489906397341997,121.16880570328179,52.57145525407377
1356,2,2.6363251260838556,357.73983159533475,22.78105395680239
1356,3,11.392715360602871,161.39044511084973,9.574000059791203
1357,1,15.834903087238816,152.2410991566448,55.13429358723702
1357,2,4.123751278877206,143.64159096143874,39.99594315024875
1357,3,9.854240231113899,223.7805811452632,79.08607998443202
1358,1,7.502732295931375,60.52616410028588,105.46078928592897
1358,2,5.88003774575986,75.86434630994489,46.84427681788707
1358,3,6.442336150106946,532.2478850899803,92.41429173502318
1358,4,5.865153042813859,128.69943331123528,30.777931002709536
1358,5,10.961825557640113,87.94109855917891,53.52045528639734
1358,6,3.763918664329612,195.98654960165877,117.94685224933977
1358,7,10.378988128626288,83.79767194241884,49.181331003606985
1359,1,9.550258846697396,228.74389091320884,67.59865287304392
1359,2,24.15362288896407,0.8852954833204478,127.3267239974365
1359,3,8.476378417791677,334.479001329359,56.074564552617396
1359,4,10.156209108522107,229.23923390313402,18.289056721386466
1359,5,21.23161759662887,284.41976445620014,65.36452803346162
1359,6,7.8340496112880444,7.687384696503614,77.21675880153228
1359,7,15.168905755147083,289.1989235428436,53.658616485044156
1360,1,8.816550670228777,216.31185462327977,45.938718868036545
1360,2,15.312375294839182,124.03474615310628,63.965966519093094
1360,3,9.776630923110163,55.84540878560438,22.542874359023042
1360,4,16.44107634540553,323.5853425036625,79.55489518502893
1360,5,8.81828739741273,136.49587720195814,16.55564336707053
1360,6,8.15952818063698,27.66578401585764,95.79024383040918
1360,7,4.336256183878015,158.7979656849208,119.40796511887251
1360,8,17.214550608246242,251.94886960239975,58.84482956082245
1360,9,4.70668818830055,314.1784655976372,58.508414661853635
1361,1,9.051760161038061,566.2373791044079,52.983389084180146
1361,2,4.381694862329146,112.83360578893053,55.94183335987054
1361,3,10.99232132940135,270.037018586577,18.365668778282156
1361,4,2.189256029454298,171.87008910856395,28.701890720919188
1361,5,2.4599014759008435,255.4490234472867,68.25987907090537
1362,1,5.1186623070363035,208.38769321971014,43.04758366588631
1362,2,9.809076238104591,216.03283728799244,134.80119925488913
1362,3,10.841483222632178,40.51555901840547,38.378926623579304
1362,4,15.079794387555332,290.0568662474938,71.83480954951634
1362,5,1.8929505745938222,33.918288736554445,44.74588014735537
1362,6,13.122522203538514,75.34161665870235,109.76916639517731
1362,7,13.78553168526474,122.27550396589753,161.20808854021408
1362,8,6.741188971130203,144.58992832773254,33.357783985383776
1362,9,10.29242741002692,38.78626854442251,79.48691006208296
1362,10,16.123711695879546,300.06972180392864,31.87565346270802
1362,11,6.859838983915197,291.9647586739962,58.62524144220631
1362,12,4.387109744813837,103.61608918123113,34.20969863164402
1363,1,12.773790033798747,133.96574453579126,105.57018674281814
1363,2,1.555234559306177,99.23995854696521,22.73799350301995
1363,3,21.07375824475431,232.1250326848347,41.57297800589312
1363,4,18.67463076276045,113.020221746107,32.122080692246215
1363,5,17.653354235350736,113.45642939221136,30.557513364103063
1363,6,10.468914254517328,251.10080320616274,79.45813155838928
1363,7,8.509418314332128,51.27755382290721,64.15114649225143
1363,8,11.425142433702469,226.44948644781178,19.768925071669265
1363,9,3.1420399489935207,195.23449184809184,12.095388836563124
1363,10,13.899121144221876,312.27640548244403,11.60037387272915
1363,11,5.08973379311911,455.7038695254747,32.218689221260284
1364,1,11.380103511445256,107.69247004938185,88.18918753353263
1364,2,12.982097683910114,101.52225099295816,91.62302141272949
1364,3,13.551410384489273,8.050424037073725,16.86088725326303
1364,4,0.5661992563136753,447.3772574789957,9.381494958542788
1364,5,23.13298145377275,39.902212541841095,3.0453977889062287
1365,1,11.127119582267442,53.29385247672005,32.94412427153648
1365,2,19.181244344301053,150.75698730987784,112.758940693337
1365,3,8.089649811246044,17.24177845691989,34.76792345029236
1365,4,24.69302780367657,76.83691750015983,26.46227607492394
1365,5,9.207922656797798,237.45996556283686,10.338644423938192
1365,6,18.94768564536409,246.1258722742419,99.08048788792155
1365,7,3.8864007031645222,273.18695253870027,66.10769944166802
1365,8,9.796573726829601,121.45661615893835,9.536901735781107
1365,9,0.4236727389717778,394.85041451200334,65.01487355788919
1365,10,8.598415324822062,161.08177349038965,90.85008358025874
1365,11,16.854937553654622,77.59691192446455,7.662177123983433
1365,12,12.592715972533341,384.9779009649335,77.60495738827831
1366,1,8.383907820704778,158.40177504525786,20.441949414447915
1366,2,14.87185845219868,199.67537108694006,44.53594416692528
1366,3,19.865328249915954,133.03777984929164,91.10579654827919
1366,4,8.081576489348988,162.13555897583268,19.577772052975124
1366,5,0.18717754270860532,100.78806661912866,21.05007438164789
1367,1,11.790638443505886,50.161177842058805,42.722120209298076
1367,2,12.227893183193707,70.79062233517033,41.29878197491422
1367,3,16.803920150106812,564.8358553950311,82.84056839487242
1367,4,5.046634788962644,194.52881321880454,8.076226890950586
1367,5,11.802119854443928,423.21484608347487,62.062271488161244
1367,6,9.933307993003176,189.83409215294708,57.743268278419535
1367,7,21.666863507073423,315.5468576558672,8.718608285484791
1368,1,0.21098895823757857,57.66327191473326,35.110297185298805
1368,2,14.995663511429658,270.51543010184974,72.63749851011977
1368,3,6.954475870191045,85.35605437679186,18.03030120706865
1368,4,17.764093484940044,255.73109416157624,19.150636663321336
1368,5,8.086388257554207,284.9009279689382,45.972617749132766
1368,6,0.06879045503075787,127.07499802711746,20.752710924103937
1368,7,10.23473435203396,242.16609111695382,23.76963185448514
1368,8,14.522140314441888,445.1594259058586,174.60683949339185
1368,9,3.478508899728875,211.24585748417164,22.544963377616526
1369,1,6.659916417868734,91.65558269104565,136.34995967339486
1369,2,11.400473953642184,371.7813875567412,38.487500651129224
1369,3,8.759272207861624,41.26406591309117,74.368304191091
1370,1,13.190666919287237,200.60720395689648,59.38520362171752
1370,2,8.287089403760362,2.1994864862683983,5.918209669139046
1370,3,4.610481497338433,118.18834231341197,60.88499622248165
1370,4,9.774114606630729,131.34535016699138,30.015093776784425
1371,1,5.615625405787011,437.0489160501627,50.33642507125034
1371,2,15.353290840957937,79.75798255207923,48.261636452010606
1371,3,7.244239252189201,147.27485240779595,4.5011501330412
1371,4,17.39420823704284,272.6735685763857,6.750817977962939
1371,5,8.512550577714414,167.37137532027168,65.9561084150149
1371,6,8.984056190165418,363.0553926582638,88.56323612934325
1372,1,12.695959904016938,80.96692568008208,48.98199553084677
1372,2,1.314138975953071,82.08970561105552,23.23704327691692
1372,3,20.61020703830239,299.75030263395274,31.264892406919728
1372,4,4.7322316965795626,372.8834582229176,121.14961324188678
1372,5,15.516461256657912,399.25848481185926,49.62601007882648
1372,6,4.546960357807933,184.22808592963707,55.15486177307601
1372,7,17.443325762924765,142.47138193132906,3.861629179618319
1372,8,2.492472163425319,299.0013261435521,38.05437819125987
1373,1,15.484906553587622,395.5017483180066,16.58605833122462
1373,2,5.350102929497044,354.772525133589,73.22807347591299
1373,3,9.12468117994229,128.89251749599816,81.54738178515717
1373,4,3.857039500073858,318.82867779691026,53.62753064163261
1373,5,6.578123376854146,275.3661352854718,34.558036708595345
1373,6,10.203131143081091,193.06312986644633,79.78119695933856
1373,7,11.114272748282842,86.36794766699126,5.6837521001289275
1373,8,2.410836577607511,268.4817000167872,72.27409686091018
1373,9,21.69250029327943,47.835438354865715,102.37011879551265
1373,10,3.5651506548374634,202.6636936236682,59.808136001787766
1374,1,0.9865867457738506,448.5232056707764,123.20138914805491
1374,2,11.079959513020748,1.806632701403629,6.807757259710627
1374,3,10.680777633836763,81.15790668441028,101.07576580018784
1374,4,7.621655653956119,267.8011639883464,47.66752605155208
1374,5,6.225669465385565,86.04080314404035,4.029519834785738
1374,6,7.361672270699951,210.25802453912493,59.16577044411274
1374,7,10.221098926884347,170.50234309842497,25.044850438095253
1374,8,18.14200671431368,30.107014215391985,70.20893661891972
1374,9,18.648634536105746,379.5774101043613,81.97401084406869
1375,1,10.521649661034047,171.1317234848279,85.99550868803973
1375,2,9.812627651933342,355.1615294756382,10.192756661131249
1375,3,13.336919916843282,66.43361425007595,60.665733328673966
1375,4,16.304570368361713,44.22303414205109,41.80953962526448
1375,5,15.956987379424625,267.4119329211952,6.057846976769277
1375,6,11.710508925804112,118.7842153682172,42.834140898901325
1375,7,8.121638270414499,0.3919815737711474,86.04382752308442
1375,8,2.5865354899854545,213.89814629460648,76.0822859729404
1375,9,4.18946544926008,158.76889167561328,29.64948541272951
1376,1,8.984159420408687,186.83060243398697,22.478883585779094
1376,2,3.3535467407577215,211.6024872603222,59.17851687554259
1376,3,9.61863056873651,122.70753010356721,38.6438453134798
1377,1,11.272290112711914,155.6872321411374,67.27998501329715
1377,2,8.152962350706819,564.9312925720922,38.54199895603262
1377,3,11.740202456281931,206.2387721016726,41.55231616903958
1377,4,16.13871077875108,48.29093427497696,144.70320733052603
1378,1,5.254301643606222,197.00191849564558,102.84845268600944
1378,2,23.622300738945764,83.02287600824351,19.601125978025706
1378,3,13.795231336833108,192.75413507125288,30.080985623290392
1379,1,14.16006666250107,39.079584688058674,10.291775126154981
1379,2,27.05817324943273,153.8359369074088,26.391219491637173
1379,3,5.151672341501109,248.763951244683,81.80986547266806
1379,4,5.389178257355452,20.468097856556113,84.84396269615772
1379,5,3.3869087353557106,162.04344021938957,76.85713948080186
1379,6,6.598874866664936,500.9555748255701,15.911782777039704
1379,7,7.4241965448580505,140.697272978878,24.530403123296352
1380,1,17.593794082773254,290.71859692174365,49.59388487508936
1380,2,5.170991940177999,448.00146837255727,85.71467522638989
1380,3,4.325708303684333,128.54130574869464,93.19240860902275
1381,1,13.384504852862207,106.11865228124435,84.56793101344098
1381,2,3.0121032042058467,484.85911505928,26.160349422795267
1381,3,13.298357909509164,93.11331105724501,26.933562363320355
1381,4,14.797081506927407,169.69725377012543,44.69719059529031
1381,5,15.946236344193965,228.33989480241297,67.93035105884387
1381,6,5.626996095176866,299.98263462496175,54.46418005571585
1381,7,13.012796096584132,254.56530047848165,95.18216414482123
1382,1,13.533737511835426,458.5779293085765,79.43095917420256
1382,2,4.6624918304661165,133.7041246221787,19.752069708731224
1382,3,14.35902460900136,154.42521263285948,16.653825138175563
1382,4,9.203903563644417,9.917219084280646,90.35012606061542
1382,5,3.2352445925599174,336.8725813954363,68.63801692406338
1382,6,14.032118229987312,28.17006456694685,52.65481279466208
1382,7,6.368638183398817,62.81945835697104,107.44236187928374
1382,8,9.333231213682382,132.41575945640125,104.95912124784113
1382,9,16.769283244052566,695.5436018242578,11.93521477477588
1382,10,6.013170488133573,490.9785475291359,15.753341579733288
1383,1,4.883971365225604,60.19256620360085,7.303006894134761
1383,2,11.53157267296179,97.32454998889307,71.27192312138703
1383,3,5.395802913132346,113.16128276023966,23.59379635500785
1383,4,4.876050776494483,199.70938941162072,59.56687498655666
1383,5,4.863169888562518,24.403063661944657,69.94727835648163
1383,6,12.715336275125456,307.1949131043241,8.265734730511824
1383,7,4.212392298704074,323.4861575876799,85.84188729177546
1384,1,15.6805189450229,353.3564386136657,43.64875074746868
1384,2,23.302366832369735,181.53404962363862,40.93804251210558
1384,3,7.973078907317811,221.38330737311304,70.34463854815696
1384,4,19.77104322953987,118.83458666488859,17.898138279832615
1384,5,10.987286873701951,134.3037805646237,5.173185966445871
1384,6,18.428752213885236,375.8744985372832,8.756329757596674
1384,7,9.045733548111619,286.5529113687424,126.87750160851513
1384,8,9.565090257036044,329.46845903089445,35.2413339456412
1385,1,2.270873510358272,260.96470832371176,9.068935347641435
1385,2,25.343812200072726,123.27903960798517,91.9704265987577
1385,3,11.408164747960834,236.2693251528756,3.357042966149706
1385,4,15.904086013571465,207.29706978715998,68.80558754737561
1385,5,9.364999740084176,219.50645943749376,14.513136230729266
1385,6,8.929762462184934,137.01661875209822,21.77715208975542
1385,7,10.941680177864392,254.50804337277737,60.03088038919386
1385,8,9.28417443614474,261.66635825453824,59.68656847927101
1385,9,10.68269043146485,224.9226529953437,97.32011959071744
1385,10,1.5644850701814477,152.21057452731606,63.526984344914894
1385,11,1.0791513173786615,407.38767249891055,60.19271502897925
1386,1,16.69831235096618,143.5065178952256,27.01703811882844
1386,2,0.816050591174422,184.77792931728698,9.11378125775584
1386,3,12.83379051378483,283.7375159758946,32.49854527253328
1386,4,7.116464245140272,129.73078369879846,40.559149534782
1386,5,7.180740729587832,257.87402631787853,110.75262057148251
1386,6,20.61482537674369,336.4471113064793,30.5443702033522
1386,7,5.595568273184795,275.53668921763426,68.43141594593969
1386,8,18.128913763656893,160.62811770720688,1.1982439722929712
1386,9,13.712287569420706,128.5302844082199,105.78917758436624
1386,10,14.705226904659085,144.60558655322149,56.73471549383298
1386,11,17.813620361173825,279.537872491865,55.52479848440927
1387,1,10.83446923506817,408.4841808359976,51.322128400609046
1387,2,10.795053536109002,257.62945277717733,33.56221887972913
1387,3,3.7780688073829687,265.5756784276001,50.84447231837052
1388,1,8.337527252699038,100.76535702576201,86.05913037335552
1388,2,4.673800573104695,241.74302201999149,66.79412109756036
1388,3,14.430460496592183,435.45567962881603,4.102957873242971
1388,4,14.255308862029622,293.44731696071347,6.544406477074283
1388,5,11.824286897332508,137.06612235579817,106.07865629788351
1389,1,13.953287179455181,350.2201207635689,48.127651638476436
1389,2,11.161707367702457,147.25607933477852,38.64151393078078
1389,3,9.341622978418426,267.3283375127714,36.958247750321746
1389,4,6.494182173235038,483.24498962713255,5.1341223066370745
1390,1,14.995761540293135,387.3531541947815,30.07084547678967
1390,2,9.937155746672865,119.71993844519396,60.07177020832157
1390,3,16.680486625998874,188.73663704325008,1.5434924144836586
1390,4,12.902844138630886,109.25805036578012,87.33601285088758
1391,1,16.942553717056015,251.17761525810704,84.96759776847627
1391,2,18.795413813432482,140.63381753122928,32.21159404722174
1391,3,18.097389212103693,84.56585221635694,46.0678829241408
1391,4,6.588279591823099,51.38868754117908,69.91721583422526
1391,5,8.12718641946252,60.88212891127543,87.00752350683082
1392,1,0.7287036783126926,173.00102154064984,11.756072484119969
1392,2,19.59707741026813,382.3645801001416,72.12838144118629
1392,3,13.64790040139598,54.91900274625718,95.24183661666933
1392,4,6.855977518041661,402.53655069401475,117.89652497633251
1392,5,8.30823246071617,136.38382176774786,59.25445364804561
1392,6,1.9000818530706685,110.07075008911934,41.562055874063695
1392,7,16.632906151085976,267.475994983634,111.56166407034577
1392,8,4.439812376657672,369.0460446673456,80.99642609221598
1392,9,14.714273612135177,366.7372570668492,83.16461030172749
1393,1,6.4791506325035595,431.0796009752996,86.09519793909686
1393,2,1.3911444674501894,239.6234647839558,98.35363853476662
1393,3,4.871990754667558,279.3088360292159,72.82425327170836
1393,4,1.8262233553174774,83.61469766881221,28.904863186703924
1393,5,10.001005318677379,117.55494734736978,65.71058380271016
1393,6,7.758196111895106,33.91309729401888,58.521823040665254
1393,7,6.231993685696066,223.16175054599503,49.81211429057249
1393,8,2.4113513926277745,324.95631491519987,34.063123849565265
1394,1,3.4787035361896415,64.53190705655015,35.41888754753022
1394,2,16.703158451606164,189.50625998592477,10.532983194914074
1394,3,10.685826519448636,132.12112160641993,72.83903165382063
1394,4,0.23707952224140882,381.6765453049171,67.88033078764602
1394,5,8.538165314420928,31.576780337129435,8.437485224812242
1394,6,14.797639971469032,320.478787205436,91.66367673711625
1394,7,21.670891528318595,312.3725635787064,66.29984123197809
1394,8,26.71921697711907,118.18103670664539,45.972436141179536
1394,9,0.7888628719514532,293.6722192393809,41.86191672317317
1394,10,5.65888075519573,110.08986102175032,18.20052153161665
1394,11,8.817459838943126,16.274560321824197,4.0702929611307965
1394,12,2.2499015821086417,106.98390003263317,31.44130019181866
1395,1,6.075223526318678,325.3028564675228,61.37691955607261
1395,2,10.32234933506659,6.021863468870265,97.91550323929715
1395,3,5.718271464440637,254.07606440329033,45.984880399784984
1395,4,1.1184139606715426,255.55846779568273,2.071422976286229
1395,5,12.355180227220202,121.41279775153912,42.32161991797075
1396,1,14.96690969986643,424.3023975431357,47.592598782407734
1396,2,14.803410405040097,50.145632064720076,0.996412989668265
1396,3,13.563959482532844,308.66815744109533,0.8697549725272964
1396,4,14.181738960406099,305.11737958219663,75.15300133088824
1396,5,11.07052789544031,246.5559549613109,118.43246409999905
1396,6,5.935772723976109,331.43853038810596,66.84696928744678
1396,7,0.39671121612061455,13.664651533699725,56.72655587622947
1396,8,1.196890751322405,159.42239973068104,182.07331729181678
1397,1,3.2356545897380995,218.77930124566296,44.75294651334929
1397,2,15.851046624351646,284.6109113399745,95.31279930777018
1397,3,19.293189257809892,419.7958943015001,68.27427250755227
1397,4,2.7413011347762204,164.25015864786158,115.55991849380766
1398,1,11.815726313781685,72.02310440766026,76.09274710311169
1398,2,4.296124476366629,121.15324366529052,41.27692738030365
1398,3,5.755399183555855,221.83392325787588,42.00066756320355
1398,4,16.060404332376905,307.50867072106195,30.360503801414055
1398,5,9.66256854252856,133.31766430328875,37.763132333625116
1398,6,2.545458437216352,275.75873500268335,109.84807683674632
1398,7,8.342424521198431,243.8304442783261,22.484825519398996
1398,8,0.05369049293276795,118.13952878980214,9.481307827272246
1398,9,14.259173514209834,250.30482657594516,76.44753345735356
1398,10,12.707362781269797,91.09446697186058,35.398057831757384
1398,11,4.2539459316882064,225.11897411866303,23.76770350631624
1398,12,12.163725282041872,253.54680688306152,39.77468052303279
1399,1,11.958150822674313,500.5616024486001,80.47821645829777
1399,2,8.114608851270473,367.19757463796935,4.834784353923467
1399,3,6.245971182196803,342.8943688873492,23.677915145297256
1399,4,10.40437239215266,94.8307005210557,41.37449844258184
1399,5,9.515363475038734,270.70041862968196,56.62816255927029
1399,6,15.004943734227288,258.8181855258991,42.00558964526606
1399,7,5.734992398553411,62.812076026853276,59.104618606339386
1400,1,19.085453642019903,324.5480336415913,46.58179930520559
1400,2,20.26187286738649,210.0440456441089,59.906838641103036
1400,3,3.224032397056413,253.9955516438912,66.87521980286186
1400,4,16.063221438471285,166.21963684576653,20.887168779789356
1400,5,12.864755305935759,310.9194103035072,36.50494316827832
1400,6,4.117433270271304,138.16438200652806,113.50246099576881
1400,7,3.183879523024453,49.89968915920315,124.73623696357444
1400,8,8.903340104812687,16.559440116864977,6.548985782600582
1400,9,14.017329955769423,250.28534011023282,73.28086379251411
1400,10,3.970211794417299,21.86797941943712,71.55664779498886
1400,11,2.6793238283577283,175.25847717131478,14.590301747415076
1400,12,21.53700298212807,338.35467430803385,155.3957051173675
1401,1,7.854505578416733,282.57258686329277,108.47946694452094
1401,2,23.202875239306977,199.33004285947843,29.800976350642372
1401,3,9.410593877429996,120.56410676813708,76.22583894002604
1401,4,7.106477145619996,30.264685491019037,29.08725550365276
1401,5,19.558564897871836,219.5438740975155,89.31279967320206
1401,6,7.104846659436449,376.57112614629966,15.250983443465131
1401,7,4.700294275234131,405.0149750402495,102.8583208005719
1401,8,3.3483538523109964,349.2402095883082,3.5648254010529143
1401,9,17.448154631817637,355.5913030938823,113.06530372638973
1401,10,21.926679857075065,235.34580218429844,40.08806611246345
1401,11,9.85229945279676,181.14172704086852,39.615929687056415
1402,1,8.692913876269351,329.2295294763271,32.014170552556706
1402,2,0.8109919597438484,225.52476016558697,74.25968432525461
1402,3,3.3241109673309532,160.26261249778707,13.90418061439022
1402,4,18.708331744831476,135.29627946921022,21.126472109503958
1402,5,9.640721543056001,168.8676005049638,77.53973575464013
1402,6,18.512330581502216,383.543487653375,34.723705576301
1403,1,12.135795432033586,84.6313941656492,10.311981731886434
1403,2,2.071906143883271,53.99088970064852,169.66682789015383
1403,3,14.615035779321813,233.97386733501241,27.876422547991574
1404,1,7.729538089463087,313.5053853851982,89.39916304562581
1404,2,14.765194301032842,67.52421746873515,3.823618648722338
1404,3,28.622207150983282,246.0459105061806,14.085481679843646
1404,4,16.59551593766094,64.11589154971111,128.7368415546476
1404,5,7.14597719771197,328.8329183176245,48.20441447476856
1404,6,0.6688319535951734,52.408321683281656,19.297585317457923
1404,7,5.206258673101199,228.12024824006767,47.272495306634866
1405,1,11.359917683606922,121.13202572028364,34.9007373876363
1405,2,25.756192084593625,53.79925287743498,46.22235198951827
1405,3,1.1256082156272829,103.98268726059486,29.14832150111124
1405,4,17.84013538498062,74.90519666440836,84.01696504350885
1405,5,28.900414776101144,462.5390307996383,64.087758045225
1405,6,13.45907459147361,435.707570441238,16.87449867448234
1405,7,9.403644490652471,153.05356290865953,88.18723189415307
1405,8,6.66387173846879,486.66350149383527,99.16913737713197
1405,9,0.978264180207308,33.382378694195694,58.398228084227355
1405,10,8.498686876723339,188.68556330049577,27.222130816780435
1405,11,2.5599257199656833,204.0568188961369,68.85454378727387
1406,1,14.679349736561662,322.45354755867004,20.152409567164863
1406,2,2.284384892344973,111.94220523162001,97.63484119837807
1406,3,1.9668895172677452,17.604950742228397,31.64922061896872
1406,4,3.1703014746150453,193.74908968789424,106.58103757715017
1406,5,1.5732708723422952,178.04507352533503,49.669961223980934
1406,6,7.657896260024273,36.763746412183224,24.486979112924388
1406,7,5.556145539151429,295.0255933456367,66.78317190794019
1406,8,0.8632702467155831,141.92954629748314,29.989791672649744
1406,9,23.682866986020727,243.84697704524336,6.902463238778594
1406,10,4.562414541788444,143.2181901206916,64.49470301566168
1406,11,13.394446623135666,230.07239640371682,41.60939017454942
1407,1,9.047997730667603,60.18292283179295,11.902830469137292
1407,2,0.9884490296883328,185.79217371580606,129.6065889686626
1407,3,3.983073820918733,452.9009028394705,58.60230200316471
1407,4,13.493591591641163,78.5788848166602,70.44678696826901
1407,5,4.309624497494475,307.7218960407916,17.810060090484406
1408,1,9.305072286773473,316.1735145240584,65.99435537483498
1408,2,17.414713837968634,59.72351059572151,86.22492739786563
1408,3,3.0381205726048446,206.46901431705288,28.163122707879413
1408,4,0.16821031203474135,65.97168125099896,24.373770948826653
1408,5,8.624138225272938,121.27255222262109,53.2010389415862
1409,1,4.188891790880011,259.45131317811916,143.50747068152629
1409,2,3.6610053582439352,7.187579060638399,126.44944871562545
1409,3,11.836702872378213,399.8006889256162,9.783345960952623
1409,4,6.583137911269483,220.06968056065463,50.01218913401716
1409,5,9.467272869032413,37.52778616547121,45.41434865371187
1409,6,12.388395909675964,149.4263554235951,89.20071173363307
1410,1,16.88454782600362,253.68033042821176,69.89108710831715
1410,2,10.690563804048153,88.11071990737754,83.77521769236988
1410,3,12.999405829537737,140.14263442438357,56.21481356550982
1410,4,3.5450705429623106,83.04192912382393,11.093706268695641
1411,1,11.833993889821254,302.8666270482136,2.777039428444887
1411,2,12.566882922961376,288.97762983062864,66.09015100156901
1411,3,3.914278003096207,110.10102905626894,78.12979403521794
1411,4,9.265096607558199,99.22190897988128,31.041117436880995
1412,1,18.29999120211812,86.77446738642008,32.606257246156424
1412,2,7.266967357662539,102.52425765634523,34.65259088664706
1412,3,11.344863573274537,160.29878698229973,22.146256618104662
1412,4,19.78614903960886,163.67519531669535,52.34126929824701
1413,1,15.570951062481928,145.17673649972585,48.330798818185954
1413,2,3.5939883612721193,297.14044391436886,116.61832218827367
1413,3,9.325981819388494,105.49788907173357,57.22061241391959
1413,4,13.340310997052764,633.6205605255516,44.029038245387554
1413,5,7.613244168352613,26.707240654075434,38.02925524858455
1413,6,7.052036712905188,281.9974415130158,39.21737117967818
1413,7,2.862471107176628,41.32627841792586,33.107783371931504
1413,8,15.289620233333473,226.75974323412396,68.80094970562618
1413,9,10.095476562061942,259.62714995990007,35.89132538547114
1414,1,14.954902593277387,237.60751398622142,70.27039629655297
1414,2,10.600636320317069,95.76561837024187,19.074332412902493
1414,3,6.293163910758388,181.75676678511974,24.8881859056187
1415,1,20.87000948839168,56.799021314302536,2.1294749619414404
1415,2,10.588596413618617,236.38703131322984,7.477121785298607
1415,3,10.869389058527883,136.38820793429275,46.02095865724453
1415,4,5.601036972758585,273.1485098693219,115.3971702775071
1415,5,15.420339509330049,409.0086273018676,6.112991324251674
1416,1,12.729102853971783,16.84884811626486,17.65410002958214
1416,2,19.261177991615682,123.9616878671201,18.00308553368202
1416,3,8.670423210395125,286.55575947477246,41.69997530942872
1416,4,8.75410022396496,126.71075380196561,47.16749984675807
1416,5,16.98190868515584,189.71054281005726,132.79747457426174
1416,6,4.943799505213492,126.57228108161672,23.17892033151645
1417,1,5.15663917944034,51.271605944484634,13.34494614514626
1417,2,2.2817962968850143,135.1989788454321,7.122448410315471
1417,3,1.5337475376030003,269.2896390452235,35.425419782595895
1418,1,15.13359594372949,161.38515377232991,75.65104359486003
1418,2,8.977824998532135,234.18167322935096,41.99026110917576
1418,3,14.251721048935318,333.22711413688074,34.045395716090326
1418,4,5.36766017596986,103.58979214022474,108.46318271956167
1418,5,14.088350175982516,318.99835233386955,29.770717439089008
1418,6,5.158319392964574,173.74873490741174,161.99532026583978
1418,7,2.68535540443468,2.426130749341951,73.98236177200842
1419,1,16.287228253932533,345.05541028794016,97.27239783032402
1419,2,12.944869687964927,203.05355550848836,54.26881387024574
1419,3,0.3358292560042635,136.16848795133075,78.37390425306353
1420,1,22.739477002355976,64.81337602227484,16.933040480257816
1420,2,15.331486122740008,393.10644082876064,64.19670759563621
1420,3,11.784550918947353,68.07586517881492,5.000313512572454
1420,4,15.372007769549004,207.2073405643333,45.268774381014566
1421,1,18.78200001779803,229.39456828716524,123.37731904266947
1421,2,8.095016193560472,88.69075154205093,55.194574630216714
1421,3,7.5790041901388365,383.56807499219514,16.550835728994848
1421,4,5.995310195119233,186.72589796280565,1.5405279399120673
1421,5,6.140087871086411,118.5510536206719,0.702804944182688
1421,6,5.656959028156907,310.95239217536925,30.04370659397196
1421,7,17.102275102930122,121.33397446692078,63.080282012409604
1422,1,3.5883883943380006,191.96312145547608,12.611391924286487
1422,2,16.089572649694357,430.4775296422551,16.196187392264278
1422,3,9.781830272235455,337.6191516996664,50.96844033313204
1422,4,13.930537011662985,207.74094972664147,7.7278516845156275
1422,5,10.832475120245102,369.09254588495764,62.571682792303186
1422,6,21.365719986524358,65.72557885321402,65.16189798560825
1422,7,5.4639441037177505,68.65532583113418,103.37674434286916
1422,8,8.214965156174346,147.26821080000482,63.74303540475537
1422,9,5.067629171324107,403.22989098255033,126.17721256456541
1422,10,16.405794115155622,261.7984610857096,41.33698291434136
1422,11,2.4735137685247253,379.1095723599146,86.65366493075486
1423,1,13.150813784421699,234.9212169799643,112.30821690945996
1423,2,1.427619988340835,187.50929136968384,9.423660368282626
1423,3,0.14749329490117624,368.9924758007321,117.5920045062412
1423,4,7.08609162195255,138.74305445911838,32.3487387283715
1423,5,21.81169792538249,112.3556474175581,116.6435683974286
1423,6,10.326900918906354,127.24515566374292,60.727174331442626
1423,7,23.231132215252096,224.5380949409605,42.18863301097758
1423,8,13.735347206572907,165.26096965337706,4.904996148424978
1424,1,9.485665153206742,69.28308377121454,14.475214615981443
1424,2,18.19726306667078,302.11049495370884,9.479033596738624
1424,3,6.698674409020281,219.47486059139644,90.7869841095592
1424,4,2.9084890386923146,219.9803357925042,36.228170273044505
1424,5,9.279114237805167,65.52673216710534,58.39296910985006
1424,6,4.522872014305264,214.32234568192766,112.49990974204218
1424,7,17.30605371054247,408.4714090385336,62.65685576678388
1424,8,17.92985911592087,70.33328038183748,17.783562857876007
1425,1,2.9649167539481898,25.47110739797583,121.89306184824963
1425,2,19.69024140801421,158.41664241233232,67.15930041948369
1425,3,1.6929721797420392,23.034187261695905,67.89769150277804
1425,4,2.4451305857632466,102.48228611889245,78.28212529725099
1425,5,8.367798765261842,239.86459739317442,35.20242044245329
1425,6,9.055774552966307,145.23280645923435,60.36417338954105
1426,1,9.165178440495716,77.55617508811793,5.843458673453583
1426,2,11.984307550789232,183.47192096117809,41.153108714116215
1426,3,23.96874807476759,226.40242915156443,50.04709418062981
1426,4,19.1708319401789,348.32913340872506,38.07306824406007
1426,5,3.667591417908172,284.6578467928198,11.486153010053897
1427,1,3.8171636511428737,302.73555189360746,83.941374809712
1427,2,17.772388950471246,479.0137731729236,92.6609308299593
1427,3,13.75608116125543,214.98308179231773,154.00743967348774
1428,1,11.84330611391844,669.460071596637,50.80462633843937
1428,2,3.7599844796574713,203.88762973729592,2.561941178867251
1428,3,7.044553118657573,440.3582746701333,58.378630220512505
1428,4,0.043188161857267815,260.9653097229385,18.46572790172928
1428,5,3.1380372067582503,314.86344538428494,19.45028381412406
1428,6,21.014447694723962,41.843984112617704,99.10074314807493
1428,7,21.490999632120868,223.3421133108003,37.896050518210586
1428,8,5.796833151598279,119.31890235947887,14.077235950122798
1428,9,14.484996568725238,290.844015479841,40.822219741632765
1429,1,0.09794805048872668,38.07929502733111,74.40995264509162
1429,2,8.339807355900486,49.7579850997806,33.235130033978734
1429,3,16.46025106378563,106.17104299257434,40.72649181049269
1429,4,22.296785594430133,217.1767472612472,115.1509165552483
1429,5,12.467147947660152,102.53049605347618,64.18522468948126
1429,6,12.222007892860884,475.1437741805381,101.40909734107662
1429,7,14.798518258083448,257.5521828006408,53.225443212746264
1429,8,5.941494092961571,361.4181083126225,33.08697070721924
1429,9,8.29990998577711,210.29327933037703,24.96219910319805
1429,10,6.868533811936755,200.35489997797373,46.83918884437996
1429,11,20.190294981514135,29.181543688986977,72.49448508687553
1430,1,6.6273019462362965,61.87661272079214,18.907278454396653
1430,2,1.9760830356063366,220.04006635318225,21.39098276528128
1430,3,12.758932671965242,403.76714164741566,71.21344475922052
1430,4,10.36321850485032,430.1672188104644,63.09782789478244
1430,5,3.9607967649919154,218.76596775967312,128.387660023766
1430,6,2.3515281575037763,7.018581960209161,74.59634589366156
1430,7,8.431627824258392,120.19971867502217,0.3671768080735802
1430,8,3.650785665907211,18.464505824713086,114.5970210130944
1430,9,9.937880297988656,94.35467230801561,97.36343753275054
1430,10,18.64383776909782,384.38509335242543,33.098747620640005
1430,11,8.118325717801998,220.64417955621266,106.04186031978736
1431,1,6.956066594839806,197.8504423580235,72.5130478868171
1431,2,17.52889678240271,18.861676942686216,5.217160639976072
1431,3,8.165681211482315,379.4124804564785,50.76990971959996
1432,1,18.11611531159815,328.30656215389394,61.87525984398834
1432,2,13.463782144982462,122.09484333764564,95.3350628927397
1432,3,17.897859887252686,172.3899283012342,78.73807386411696
1432,4,17.710424064501677,130.1941660867219,46.75045409460781
1432,5,10.558539500416845,35.32697626313035,67.66650046217629
1432,6,17.157659709195848,178.41709756732283,63.59400217409071
1432,7,19.790065571427235,139.2272187795578,64.41059990508015
1432,8,6.011314588312283,110.43405513958788,63.67573045891149
1432,9,11.689586971193012,283.2604759291547,53.04634998497797
1433,1,9.520626018309777,36.55408205511077,2.255657496407359
1433,2,20.18577282707707,144.68242922360326,124.297450863303
1433,3,11.168817084881793,166.89944499077433,40.03027990170844
1433,4,17.017313005212884,182.1821156504912,51.676693566970194
1434,1,10.685106730640921,192.5361548403074,68.26138418006175
1434,2,16.94879342083544,164.57673226152633,70.25906705657783
1434,3,0.5115305793192491,499.24163996290923,111.64016236390916
1434,4,7.666581348911622,216.11698329535264,37.03560062176791
1434,5,14.694531833215407,89.9282380200526,15.084355348936114
1434,6,12.414862826916208,63.767914402082994,8.814744140959519
1434,7,15.4503703777078,444.77383990057103,61.171180164480894
1435,1,18.807171882168507,267.7539255651609,40.31679251645149
1435,2,5.617529610272547,442.325788065052,47.94765452279924
1435,3,0.5888751451311922,120.7205896325875,69.34090733485527
1435,4,9.982718400238555,94.01768142931786,71.19783585890977
1435,5,2.162838803021412,254.52295073845653,37.99980136102968
1435,6,14.697347672984149,274.0425238372581,80.47231270240655
1435,7,5.725165831325484,89.48624654231584,57.77780876032484
1435,8,0.20470613196062892,532.2899378149609,114.31171172971192
1435,9,0.8947639484547345,234.2159217432994,97.28926772890344
1435,10,7.252516567767211,87.50953961261196,97.2260409393447
1436,1,19.47037325844265,174.78293386734205,100.87679982347544
1436,2,23.528074059530162,144.01394179247524,82.59273499966045
1436,3,3.7384733310417033,188.92126808046612,70.6807302585677
1436,4,13.634914482499152,302.01907625928266,64.84111511614098
1436,5,16.125176562985725,109.54267979836334,60.53337556619674
1436,6,14.887163878999985,402.9434183839064,51.75381891008535
1436,7,8.50343104291743,191.7141658223502,2.256275782156443
1436,8,15.387370000049044,18.597536019755864,65.6385641214945
1436,9,10.59201955581618,32.64588481258397,9.75784406927184
1436,10,4.024159689141665,148.40870337570956,109.21917126605658
1436,11,9.224853835698406,281.9730403507874,100.66421509112423
1437,1,12.576105017645808,286.4049947743747,69.42200926223506
1437,2,3.6930699006759173,492.5372448290277,6.155453000881266
1437,3,11.99559326962853,311.65102770938347,89.34579908418499
1437,4,7.821457349757926,311.52148923671643,8.067901803991695
1437,5,21.693034412733713,175.5576413919883,30.131523215327313
1437,6,5.535339842781533,244.613701976616,13.202964468694574
1437,7,16.193299175781743,110.43412900905776,102.1778110042794
1437,8,1.3028914646825562,219.80701742937615,72.15532061600697
1437,9,14.635518011191964,122.49349229188037,0.6109514054303773
1437,10,6.80144246924228,374.9985293516585,133.6911245917408
1438,1,9.996556375112668,375.0998040886126,6.105817002928511
1438,2,3.9321478158218435,145.5903136081658,42.58844575297589
1438,3,17.01303580316818,4.453339207964035,71.6988691293707
1438,4,9.026629812646876,327.9612869116684,65.766069144692
1438,5,9.107709482994755,50.91275893394027,63.69885541476594
1438,6,7.228217947091569,183.90318339893162,81.30527100178068
1438,7,20.32967616613162,44.61193618184862,81.46897296914995
1438,8,19.08945281988559,175.31578127141387,3.8775158547787143
1439,1,10.02721539211442,318.37087162964224,17.66083547065491
1439,2,10.295891022963497,163.00673459941027,65.02041403551017
1439,3,11.652848522645018,193.72037440676246,63.6250058231852
1439,4,5.787177431772625,121.45717257293705,12.634735859587003
1439,5,14.922302645089331,180.03660108109227,6.807657984731378
1439,6,4.473324015540333,447.52701571107633,39.6009649656646
1439,7,12.9496640975543,123.12911328497455,4.063568339861341
1439,8,10.283612577825371,365.1576896919581,109.00614663789077
1439,9,19.531384434056587,298.08937142173,72.59852696057166
1439,10,3.6167158880529238,211.75918502493346,90.06661263730636
1440,1,0.9171869417534477,153.9356164491637,24.557376162423623
1440,2,12.45063705673542,237.09647703332936,55.04506929148458
1440,3,3.4489820028277096,402.860650235583,86.3483115739844
1440,4,11.638346790362393,112.87337023224119,36.005307252256344
1440,5,9.892573831488814,34.859322941707745,84.12482114664068
1440,6,18.815346388235724,456.3612437157187,36.252599461381934
1440,7,19.64087370068764,415.8364684248189,24.716265068243835
1440,8,2.973506183004595,362.9894286599295,28.059311511531256
1440,9,4.862631815258906,322.45290913263904,5.4367473396518164
1440,10,6.879240123405944,79.60703004883999,16.37080512468558
1441,1,4.7195976646557245,21.288867968430424,125.34068291981265
1441,2,7.728364757624274,84.72251495303482,38.50769248534675
1441,3,15.943392708696848,299.5648207974378,26.992841800094176
1441,4,7.202896786262814,18.320567663827177,55.548932846357374
1441,5,18.976222051685628,112.73342569872452,75.4325212162597
1441,6,5.925209038630896,35.65264266134355,77.21119211177893
1442,1,23.897593138291946,443.4058786408809,56.49698218192007
1442,2,20.9428677755714,300.6008874017809,39.90705145639383
1442,3,1.3644732577136125,147.52926781972542,38.47068167185411
1443,1,7.256861368835759,121.97112545883057,112.88837157196531
1443,2,12.508119506264643,294.27435444892745,77.78605800809473
1443,3,10.691591462300002,287.5172759522706,9.247367380450122
1443,4,9.097435501517769,317.1042991281494,54.35454842908117
1443,5,7.544735820197031,235.06299220879657,4.560819546674566
1443,6,17.32277334272984,111.83923888228287,49.001519397906314
1443,7,15.32144474781871,212.23179944642226,31.236804201404794
1444,1,8.85322822517702,427.2846762447536,65.67961140498178
1444,2,11.620036392306979,260.14222071621043,10.979576547979264
1444,3,6.8430429306729685,219.94234004160003,37.89742933120361
1444,4,5.964412696305258,157.64055195531193,51.76519661571474
1445,1,1.8871932342660678,247.20433270381452,26.461562589747167
1445,2,4.048741436263701,242.48225557420608,142.19401248972255
1445,3,20.210680765719935,198.73074103254922,61.752959721800686
1446,1,9.238930253448675,336.95555190309085,45.86998250352825
1446,2,6.227806839119905,453.02933702235583,68.69481061645747
1446,3,7.982038214002067,54.46598157575886,102.09333190769364
1446,4,5.478857696736235,119.29655410480477,19.760175066423393
1446,5,7.3642806935864655,260.03091801317225,29.476301792641575
1446,6,9.312755720416673,94.18259980275627,69.52412989477168
1446,7,9.294656759333542,15.278828676883734,44.995108842267626
1446,8,11.631476768281747,138.09349832372033,33.135980355802914
1446,9,18.763507380607905,49.049329425342194,74.64539857182143
1447,1,20.577234938624144,134.5470952455766,59.491112496114575
1447,2,14.531438835122032,414.6063907815214,9.490538784710417
1447,3,16.577165125244573,92.4331603696154,4.347288406735075
1447,4,8.452163435090933,197.08090331320182,110.88840551670233
1447,5,10.33248206135275,194.36588234373679,57.59356511093979
1447,6,17.979157934898986,92.33477824736016,15.653584162838726
1447,7,10.664763328728785,212.7359061869913,42.796441635473364
1447,8,21.486224253735454,326.93577946059156,26.102910748114866
1448,1,22.78115200209216,479.4294533155692,56.52962879161898
1448,2,6.607642976212614,354.80705020556337,13.184111636903978
1448,3,18.48115959361631,503.07542287805404,73.22677178311612
1448,4,1.8604275125367362,428.68996605791534,62.5096134188331
1448,5,9.017631360211956,54.6481807125584,4.407673600253602
1449,1,18.07369027693295,221.35863555112928,19.987597913919124
1449,2,8.125170365027499,89.3394408263685,18.593754297470127
1449,3,9.021555495453725,32.94809339105984,130.7403305315164
1449,4,23.13946169859483,252.951072545036,23.209278828036418
1449,5,13.204426197900826,167.27280605812598,94.58301761203523
1449,6,17.132362593865164,86.48433808516273,35.39131613736936
1449,7,6.93083317513532,137.41898245473834,13.358525248634734
1449,8,12.67670060266866,212.20354387431433,36.93909177057165
1449,9,11.92166396967605,248.95829930326613,96.62880746062025
1449,10,16.27056460924674,354.7811323606793,14.084308605852698
1449,11,2.1527665877006523,342.6968131080178,118.3260232017375
1450,1,11.164804402609404,51.83527701739854,52.40472338513271
1450,2,10.028734862217723,219.20923295706575,85.51073427823349
1450,3,3.737906373412848,348.2189683231426,95.1068476235115
1450,4,12.988165035111976,2.680074426116562,40.78428541031059
1450,5,1.929416261239293,3.134790219805012,3.313693588736079
1450,6,11.535512847573045,75.46761648592891,40.60651065930947
1450,7,14.665671112007884,199.22470229447327,34.10597174646227
1450,8,9.005083025820866,440.3847638997371,101.74682408386047
1451,1,4.540065113367469,346.780724235893,133.87005215896585
1451,2,17.74967480413637,100.91616716503175,11.510410265516498
1451,3,10.691974159259622,41.41273789600214,86.59811035633007
1451,4,14.660108869584793,176.98534849860482,38.39807013963657
1451,5,9.226004239498536,434.2691888977712,33.7756892578782
1451,6,1.628300017439729,82.7335093355148,89.57585460559804
1451,7,3.2745925373911824,379.78777702630975,41.93882599987407
1451,8,2.554857534661881,312.30212949118527,39.14579914679702
1451,9,12.600891540324522,106.51704488613426,99.23730322901605
1452,1,13.1196265886755,50.5486344660915,30.0700814123548
1452,2,7.554577269817257,507.9980918903146,47.1473101504155
1452,3,1.0884050617094054,328.2174350542592,39.15604493616446
1452,4,15.215231871866575,350.81509978735596,15.866204318010574
1452,5,7.135161898315859,142.99077820701592,85.25548627046082
1452,6,21.3569305549346,449.07277609480866,41.540909824665434
1452,7,20.749373554078588,255.96309553004107,35.53850572152177
1452,8,4.495693420322265,271.2979735764096,113.92706405115531
1453,1,18.58556821310378,236.99585727240628,11.878418494951084
1453,2,11.8378638662777,135.82473118773908,35.909444661110015
1453,3,14.693941101790923,137.13387544103807,106.56448462905676
1453,4,14.413618373303002,351.1767049489364,14.140631461388075
1454,1,5.679494491846875,142.7418055095273,38.604832990429394
1454,2,18.28451416479365,258.65125777943797,12.33973279190269
1454,3,13.894949231765349,259.4793345969529,21.751835525029605
1454,4,5.44082510060986,228.54802850894265,107.85118828976186
1454,5,14.885989110055338,115.39330788020077,21.671923819636028
1455,1,9.868874503710382,216.758853871013,102.54921602254842
1455,2,2.040843822433775,315.97353158005996,65.8306916021532
1455,3,19.2047890431606,105.32819897923684,80.86036470236684
1455,4,2.2209675129678024,509.34725922001735,33.032756612228766
1455,5,0.4080978001796609,69.65624860328333,88.74339553738079
1455,6,9.759586275460599,351.4350246227525,113.23808337278228
1455,7,16.806145940558274,339.9599550134625,10.145454018491272
1455,8,4.643589981753135,22.532409632455142,51.227165718006404
1456,1,9.021880227922226,309.27336321716984,4.938479550384059
1456,2,12.059652302263597,362.496194690949,25.002260331903095
1456,3,8.010189998699008,360.2611104963534,94.55930219406811
1456,4,1.8902870571316956,43.90367234174826,81.61216615491404
1456,5,8.382495362932584,176.73074615621928,20.297977129731052
1456,6,6.770748250753247,175.48267253361362,78.92304406914782
1456,7,7.391835959174769,308.91000456852214,43.1074149900112
1456,8,18.790608235730623,197.84225610146495,29.375396413459622
1456,9,4.882350525665762,44.391316718279,62.547737419704475
1456,10,23.7206121322798,317.85044197371167,66.50781799247213
1456,11,1.3750268312411311,22.870461904589177,88.0169237840405
1457,1,13.227038915279358,62.464586288899255,43.01589377034685
1457,2,0.3876631367912111,137.06564780103747,7.527688710504293
1457,3,4.935380234296193,224.8373194241177,47.72335882570841
1457,4,17.65671021888648,307.90334453172716,35.376958996477455
1458,1,16.665864237018425,125.12879125872108,126.85202150484065
1458,2,3.657214741674472,279.79835226427736,135.77844949759998
1458,3,16.426551397801052,289.1725699939591,43.18341199099055
1458,4,14.28033362993935,117.18753703187454,95.11926137976971
1458,5,4.930917667325963,162.73864848212875,16.423427240249467
1458,6,7.595625888231974,131.305475004541,30.655803481789746
1458,7,10.233672598223754,127.38329484522964,2.3802477693321507
1458,8,5.20834725699186,254.24319149363603,20.957907292590704
1458,9,8.875229151421028,371.83655363554203,32.70292035516847
1458,10,20.236944087689686,361.37236439803513,64.5612734750582
1458,11,9.830981869941628,201.0095525512896,69.59714428267276
1458,12,23.992796439642213,275.1306115420257,109.53884871423654
1459,1,1.8864755196167078,456.73727647278486,44.43222483602829
1459,2,4.605254009075264,148.6602858998723,92.99890966797449
1459,3,0.40208274199887306,192.8479943296062,114.38669155866378
1459,4,12.843355814363804,170.4440650382901,127.03921660731383
1460,1,12.442979422033833,345.36452690401313,38.28986636516793
1460,2,11.057832155246516,212.45918861158822,72.89642945727238
1460,3,13.71129029076399,113.72076199767983,54.994166839796094
1460,4,6.340350735518669,348.5260497176672,117.75766814724471
1460,5,11.33439634077435,40.903332020913325,79.7179054490854
1460,6,4.653613383798455,227.34745170919186,77.42036509585517
1460,7,13.82515265663059,362.1282874790064,55.855225589181586
1460,8,11.213531269699235,310.51855616654905,47.14429721765449
1460,9,5.184683067386381,267.80276372343315,4.84548089152468
1460,10,9.433768969682639,6.666518859599137,27.807494687825486
1461,1,6.406613862833041,114.59395730704983,72.471814090893
1461,2,11.424713231364638,244.07738761246605,29.089462450308922
1461,3,15.858355727404133,252.03539712950942,84.60262183248079
1461,4,3.868038271294891,366.7312683077876,28.78886263068891
1462,1,0.3082668047247257,10.087845708115424,49.48570589640475
1462,2,6.62868771051755,251.01806607916384,123.6292910229228
1462,3,1.7935842572793206,364.53475538601697,86.12389814323252
1463,1,10.021449583917011,351.8711616890829,41.3697453839655
1463,2,0.6059259627816527,208.99413110722168,62.62255869578529
1463,3,6.472805845669003,212.6308281026964,18.069238035476047
1463,4,7.277142600750472,127.31203011465308,95.20040054211833
1463,5,14.607558567818538,178.22651042421245,0.9631782719026205
1463,6,14.943126757185219,420.44608396293677,119.26881759373616
1463,7,8.088019270611216,288.81051857287144,24.181168772824545
1464,1,4.225205047928499,277.22775216738887,9.227015674280317
1464,2,6.301464046889459,188.28768534263926,13.557499283827724
1464,3,16.62231129255131,167.9363634501242,66.37232924017866
1464,4,9.934107863477452,218.92687395102072,14.525308622925941
1464,5,1.7817098835878369,176.934699446167,11.355428922071454
1464,6,19.75488993470301,6.465262568782151,143.48009244176086
1464,7,12.114175892690989,210.39903573508204,28.389350031202962
1464,8,14.598447226468526,169.35874839184643,62.018967778717986
1464,9,15.89276216927852,300.3964203790471,99.59444803790808
1464,10,13.764887515625471,57.30984676810789,33.191573446425366
1465,1,11.47723610503665,311.0159452110556,8.775170954200746
1465,2,32.17831533760608,317.91317318768813,2.523972041943111
1465,3,7.916207451991622,122.39736925924718,16.39127431408304
1465,4,19.12323041233193,180.88583358270563,87.17714342416858
1465,5,9.130430012129505,146.12109887211483,26.110169871402107
1466,1,3.7686267018956467,203.26539890138667,52.36038878226361
1466,2,4.447609577336369,258.04641568259365,3.0679356696310904
1466,3,1.3346650472426074,129.97486537641137,69.90481703743026
1466,4,17.078793676357616,200.17984357263538,37.452924925290056
1466,5,12.837012578977888,166.50790217579993,79.3938663167448
1466,6,20.396223508066136,176.34177821270265,4.42576397947861
1466,7,9.592540432434742,502.1846120017289,62.67330161652654
1466,8,3.1254928368791086,205.38450572071332,47.08502800491557
1467,1,18.045660122023502,106.45012855990471,52.31006216928494
1467,2,25.23963702732101,54.05812132008225,45.54649343676426
1467,3,1.5166478479524113,216.44161340205787,91.67190563031386
1467,4,22.013699988456242,50.21036934341194,16.928920225369986
1467,5,21.062947230214906,254.41546565559088,24.438187649913502
1468,1,16.79810668170068,248.95064919714108,51.34961615754198
1468,2,21.671223543181497,350.04361835085604,39.22976850898647
1468,3,8.627513591340644,352.1745155484333,61.34497154601783
1468,4,0.4020661251963915,514.0686252935418,10.405252283387952
1468,5,27.352786803795894,264.1932383119465,24.58234841309583
1468,6,6.569228788831431,316.51467038725485,12.012423424768045
1468,7,12.501061908577531,490.0449053783579,4.492845390795409
1469,1,24.26795214224412,499.0257388948565,20.56663418483991
1469,2,10.437331354147775,218.41563843313546,44.65042583557458
1469,3,2.991511378305595,215.72166927061227,9.217336061549688
1469,4,20.756664394048514,440.4055926027015,103.94130625297083
1470,1,4.275465956274611,371.97909732431947,68.24973873814307
1470,2,18.869542698287976,37.86667259626043,5.029668530497929
1470,3,12.557577116987337,453.4555897563754,12.569417638493789
1470,4,13.227444224786579,100.61339732439723,92.34633697753937
1470,5,3.8107985618894507,241.2557942902543,94.82575350908479
1470,6,0.5898057580413685,290.3390949070259,35.697355089649115
1470,7,15.93164084593012,255.3453627426276,33.29313600050635
1470,8,9.343698329549266,75.61495899157381,84.80010776247438
1471,1,18.15059912391856,357.6357753402136,167.09475592872724
1471,2,7.657662067400198,99.98095965873087,18.0574089036361
1471,3,16.719764406593505,309.4739651818493,112.07119677193745
1471,4,3.583505864046657,307.4548346697763,29.11837694618719
1471,5,19.40601335763261,280.4322682238424,12.22776124029891
1471,6,9.081620722254392,92.21713035646201,3.468731509269304
1471,7,2.28041760154432,103.85878261035863,39.49256863981424
1471,8,11.152081665532544,217.18185511914876,49.04560682399292
1471,9,12.326697996336653,12.530803798868192,52.92714858019271
1471,10,20.041213185628422,175.1295759704123,69.78691062265864
1472,1,17.88872933638986,46.4306588374651,21.450085177243352
1472,2,1.973707812423294,34.287830713508754,40.303312099745376
1472,3,5.518444990816956,71.4735441010252,50.766246593294255
1472,4,0.9705489788211636,499.4086512332771,27.325972132150227
1472,5,7.37368836264142,148.5691915496764,11.225101183442597
1472,6,18.76094591766503,238.61215137432885,50.25603313428252
1472,7,1.333861048395434,103.26787478826141,75.35858505435354
1473,1,18.336188587042443,81.44026464809075,48.3242007553954
1473,2,12.177161818415229,63.54138976258116,13.007752501252774
1473,3,11.968532899871626,8.741413572138555,76.98141536693865
1473,4,8.953501899995333,522.1207225290267,55.71536445865019
1473,5,4.998498051873392,318.4619322774473,93.01348143624
1474,1,1.7770608851810437,13.261817568679248,16.835277590215426
1474,2,18.41175972699982,277.2084981830678,4.829803354672464
1474,3,9.138766260555414,195.84866099915465,38.368784768143215
1474,4,11.31793989562,23.36809068000383,78.26674187564014
1474,5,1.9714112795414032,232.87397307815436,101.78280931159406
1475,1,16.82192056709259,187.52669465742542,70.15866911579513
1475,2,6.856905229268096,154.37757779084686,63.702162135151
1475,3,0.30818348209565016,311.7501110396918,0.7533063179202841
1475,4,16.168919823101486,159.74346536555515,132.42870115683854
1475,5,16.88025745844928,348.18695163279347,55.796752124111734
1475,6,17.067017929781315,314.0107132616695,27.471499051821183
1475,7,3.9038995966378183,60.45534744409753,18.889576360320085
1475,8,8.201935483637444,277.48076896332196,96.99314042070903
1475,9,14.241701420790987,386.13137269174285,7.747116645150626
1475,10,6.473968432659854,160.94587408765574,23.304626137816943
1476,1,2.141872918559658,46.755861661915105,84.55065541457708
1476,2,17.229711977287142,452.0092287203377,67.36213507685807
1476,3,7.625469846808167,129.65551653564694,69.62592174961277
1476,4,11.406044881926396,173.8687780487182,39.516856924967726
1476,5,18.198332945407444,135.22289842744374,103.86703707344168
1476,6,11.274953358001435,144.81787751260708,18.58923018763634
1476,7,8.918326890470752,275.50485058273404,34.91948166424021
1476,8,15.952348870863084,135.95617453574482,45.00861670435471
1476,9,0.9931391825595224,283.9215255206542,39.31297225721741
1476,10,21.052093551351234,305.72150259024255,53.37999094910584
1477,1,18.576232147188357,103.0677454505223,102.61258538711496
1477,2,18.291537684702934,367.6836543153393,70.49105966843013
1477,3,13.555701753032146,172.2177631159284,24.680922808407395
1478,1,9.500935025458343,83.44816313188136,19.900343530250126
1478,2,9.053724945637937,382.307155653554,59.70943119411759
1478,3,7.2272575707183355,171.50357300248461,103.19766820638792
1478,4,14.89188123296121,193.7565777161665,87.380261721084
1478,5,15.554067485812464,66.64464699946197,36.15301762205954
1478,6,19.935729277314408,301.4272775866077,120.8992761296042
1479,1,8.03423490534922,222.94802877846575,183.72215147529172
1479,2,19.070996158940872,92.62162245180528,20.80600841059833
1479,3,2.5192126801081676,313.2170099979011,34.73172439122625
1479,4,9.056928716187688,128.20191901568802,141.78012211526408
1479,5,19.119241349352585,50.676147502463806,4.330344399903211
1480,1,18.457950574412827,101.5123874956793,25.463890957160274
1480,2,9.23837390301306,60.449174803533936,87.50256055032911
1480,3,3.8294302472783635,365.3648962425829,11.553798589495244
1480,4,5.773541428187941,98.02814703851824,30.150639626567607
1480,5,18.25046562229116,150.93730581094857,37.933768175682495
1480,6,4.807423602876874,161.03097888771114,58.657940379737624
1480,7,8.493873887634821,177.45624822189697,90.64121574418046
1480,8,11.915546167787099,27.367276889218232,46.58939037469629
1480,9,6.231548729849662,278.15389363120266,54.11759229535731
1480,10,17.912175672358913,88.993807591254,42.30319350880761
1481,1,2.5512009209944324,108.94457015147741,49.06466794895154
1481,2,7.048188975931465,65.19643566471979,34.20567738104576
1481,3,11.488590541854506,253.3190335098236,106.41891236521992
1481,4,7.834896699756063,94.05598875510162,0.29609287937790896
1481,5,13.09551498855207,418.7701114144119,34.36373242939311
1481,6,6.059165053452334,329.76799009223566,7.457675277740165
1481,7,21.341036223260403,188.66516749392113,65.02778931192216
1481,8,10.26406948472531,175.757855185114,47.35567072983424
1481,9,7.324567822956709,258.44917855279186,95.71108272514205
1481,10,13.45124933256951,100.101965957399,115.88264296283762
1481,11,10.316033312633785,392.10448181608035,85.28185722891776
1482,1,8.925520042086708,181.47573441759906,58.02374316311015
1482,2,4.174947916378376,231.17895519138776,77.3828356989574
1482,3,10.612612672775327,136.38006530999377,38.515859206803015
1482,4,14.565181882169082,34.973569312451446,17.34171424614837
1482,5,1.2483070964653038,205.0998049009705,84.47550702964891
1482,6,19.32037278520266,432.2998764792083,22.381034312351268
1482,7,11.75021675858155,139.65314882239463,115.90575808900479
1482,8,19.124124100740637,225.2107158465891,25.225770151549696
1482,9,14.136300399666638,15.03997262749138,24.091710340304402
1483,1,0.12362798932940322,226.0547597375779,127.9918593018443
1483,2,19.86816386197731,79.53771079503058,23.08073579766213
1483,3,6.252244904142302,68.0355250699078,27.302510411216325
1483,4,20.83076659420292,380.3144359754805,86.77345924671619
1483,5,6.47657961544413,171.69863280426878,33.684042317899056
1483,6,25.43235606577701,106.04638970275276,18.25383923141651
1483,7,13.954469475376946,55.57713002800722,72.31268749695413
1483,8,12.024800449128897,88.78955263631576,36.23669365524373
1483,9,4.080680592867197,352.1045173466134,44.09818267840019
1484,1,8.502069413437917,321.41717935770976,77.00820795684088
1484,2,11.639338726089251,356.61658249034633,43.77706846957983
1484,3,3.7528059000069165,222.22620517637,48.57357227613277
1484,4,20.05499166993972,160.46134479121537,113.60196468407784
1484,5,1.4963256296738479,164.58352334807418,37.37678096761864
1484,6,7.750632036882932,370.61148601295804,31.45681940714074
1484,7,16.94147934008477,187.2176584981097,46.08824760033246
1484,8,0.6261116697443789,388.17175656234485,111.34281932355265
1484,9,1.2511124278986525,442.3996567578479,7.7373704442676114
1485,1,8.8210621362993,120.20864368755866,60.25606670748091
1485,2,14.188868393066858,150.6186584741289,18.97935274720338
1485,3,16.33821865389389,132.7173105267606,75.05580198774513
1485,4,1.0675313082086415,103.75532877451599,65.51730372635785
1485,5,14.417263012276301,312.28410459843445,47.245111094864285
1485,6,11.349885755683047,258.45322733518003,62.78725707474567
1486,1,13.998263857728102,493.12593671178627,84.10934177921618
1486,2,12.817094398093918,123.1684817335306,27.847020767139444
1486,3,12.942611638018173,182.97498471522934,72.96442983808343
1486,4,9.06512647961037,418.9635683009219,89.99322022556366
1486,5,4.056624331874944,314.641059423867,60.268759550633725
1486,6,4.937191622854012,510.51780171146686,62.180448404654854
1486,7,12.467697599545666,318.514134597828,72.74777155007834
1486,8,16.867676591932053,16.29024302143955,106.17186080853332
1486,9,12.753876543319954,236.87421838988,20.170940164950885
1486,10,3.68533441642343,61.112412145186084,30.70670001969453
1486,11,10.415017976272042,2.7348985332761515,120.62758246720756
1486,12,13.514934595163306,42.200787906497794,89.09705599831491
1487,1,6.441509022599261,84.07199711987133,101.86057824139431
1487,2,5.40534026130746,207.61687928520266,86.37352269364357
1487,3,18.26707957104165,238.36303692464838,19.121519252628744
1487,4,2.5325192351154335,417.19954370551943,84.51297008973853
1487,5,14.592393073917176,91.45417927742648,9.735606466781626
1487,6,0.0731184859272318,120.78057223818104,65.13798601634568
1487,7,20.162824641502006,184.412704560647,48.97018654640796
1487,8,16.548467263709796,127.38672537435899,44.11201227655416
1487,9,10.57998530636307,122.03430222954378,69.52764700734433
1487,10,10.885218650961425,229.0930231337646,10.400916068028444
1488,1,15.715425539594548,358.94535861903057,134.81372163882415
1488,2,1.9099013465412202,350.13404770327793,32.3060361979462
1488,3,15.98377730839756,131.89309885925326,71.17500088175134
1488,4,14.341865633317589,95.52359590654038,30.992672338368163
1488,5,8.67723366078464,43.79049949242676,68.14928281619049
1488,6,20.309386002173405,11.118905400145337,76.3273536311402
1488,7,12.4015952881332,96.61356303259298,131.636016053966
1488,8,18.053817109585296,385.78199150424246,51.62038990659203
1488,9,0.5871072842372644,225.68599619428468,44.99250119379063
1488,10,17.152984180342454,111.29684729023452,103.37421084848339
1488,11,5.651870140377141,305.8690617663689,20.125754050486226
1488,12,9.732687782687812,0.08857358616972988,52.91052946987252
1489,1,2.9458810507216118,59.945450896156046,1.9559370381059793
1489,2,9.562190030205755,243.91197463353666,44.48212139490805
1489,3,16.07571320789985,118.61262932886052,69.00232269811752
1489,4,19.281678104660145,316.46073019180665,76.51886425338978
1489,5,16.96480837951395,18.626389932176124,1.448602712840227
1489,6,7.804090731865907,184.51489837648893,57.40578880517752
1489,7,1.5638543112639027,160.7666414353594,88.51541676045807
1490,1,16.286564848046723,159.54345334629346,181.83617839710203
1490,2,13.872264156853776,302.607294718046,120.30723241551345
1490,3,10.61725162001143,103.17375328995709,102.25736183675755
1491,1,19.556000766208825,341.0988850547386,51.87354385850718
1491,2,20.085652345230315,224.7132640723985,72.76143321633482
1491,3,13.350573057842693,69.77371331086061,63.789562982628496
1491,4,14.16263557232801,59.746955823978226,64.58955258818357
1491,5,19.098757110366783,452.4367285092569,75.13701699200264
1491,6,9.429520774104693,346.59081524496105,16.530858737147042
1492,1,15.57397196802376,103.4564362376387,68.73839740606726
1492,2,13.239788040919551,211.8213298263781,39.1585858424815
1492,3,6.659099295712538,68.74555642766879,38.53571149055644
1492,4,17.41987242426348,34.03455934967212,53.30459921782783
1492,5,4.786448992452374,428.8762041231158,34.001695819551436
1492,6,10.098578092874858,211.70697825055933,22.63854074442769
1492,7,19.45139204201678,164.38219976353457,92.99245552715743
1492,8,10.358823694040693,213.73976091667285,8.683259887104072
1492,9,17.14699005968626,172.4589289897057,55.51003841121355
1493,1,13.871193631868785,250.90180234124253,13.719946671212227
1493,2,13.213823603243128,265.3952511380145,72.70203101679009
1493,3,10.32441802036461,284.7235751906627,62.57339179341924
1493,4,3.7647704720063278,294.66718534719104,11.888095187861502
1493,5,2.5221754520047224,231.70293884277032,56.62451713620216
1493,6,5.327253429146119,153.00053779316357,102.98209949350812
1493,7,8.491687976645984,488.8926770647033,9.572331511494326
1494,1,13.301988481546024,250.49155502694876,35.54563260933352
1494,2,6.1666793478113,91.98213853584998,32.89382215351067
1494,3,6.721199616815298,206.81127019729962,59.277823611604106
1494,4,14.711993994130811,283.0594032222599,99.3782215305794
1494,5,17.09994991122985,415.2620245126399,100.83562348124457
1494,6,6.698664677908932,160.81970389790666,42.57226859717833
1494,7,18.556444194381317,172.82394472017702,83.40265423776556
1494,8,2.8003872679156014,104.79330903193505,104.57058200063257
1494,9,14.03680950354176,390.3674062632366,7.9961435082700945
1494,10,11.791692425776699,10.292473933535064,89.28689451190176
1494,11,10.82394580812112,195.32332312087888,88.60115454713642
1494,12,9.989477775640774,194.82222576314254,4.264741281934789
1495,1,20.083630897499006,241.09899913964335,93.55058790079823
1495,2,4.277218009891273,12.948643859693988,121.75015497361267
1495,3,4.824829116274093,154.18788091987278,21.153835734980806
1495,4,5.266106766520295,502.94515098556957,72.00573886907105
1496,1,8.512591179267226,295.7817954073981,2.9289219890157057
1496,2,17.496082301570816,367.14518208841895,31.958686646568413
1496,3,10.777588904778167,395.29019643952336,64.52074223100844
1496,4,20.21395068121705,63.16396424502818,26.729530890485318
1496,5,7.705887142827953,386.5541148435219,50.03582668327207
1497,1,0.3090516445448763,57.44574765736613,107.60653137381175
1497,2,5.9369994146528065,273.78923936817034,37.64617772683896
1497,3,8.61970761906011,406.13248125381165,55.06214744340836
1497,4,21.670141238987814,490.84574956606997,113.36727579479643
1498,1,20.38027080210702,319.44389246641157,96.56102048507417
1498,2,18.749936724918683,395.52577118697394,10.758201082041367
1498,3,9.640522696184462,103.7911143057636,45.529472549498564
1498,4,11.516049902890925,216.18510077656225,26.582815635962767
1499,1,18.78450180940536,74.66741374006654,8.268351773538484
1499,2,24.167157322398573,234.8052017755868,50.1420509308146
1499,3,7.015316150653009,45.394602371504845,42.22329430774466
1499,4,16.820959174159977,197.6483060928501,74.41136343572192
1500,1,22.359950039545943,112.92827293307106,62.11499602633767
1500,2,17.030754926549744,60.06445498001051,57.12211312263219
1500,3,23.106271672384526,148.96244293102765,92.73386152015158
1500,4,9.012041859531596,469.9380525975485,15.81871555348421
1500,5,10.454693337071989,21.828204271883465,21.964927348764242
1500,6,5.052268502933637,159.95655392992188,2.4683459721872083
1500,7,9.497823097083415,269.06997567217667,11.276125304862639
1501,1,5.555472569793698,28.243914285067518,121.46650064874243
1501,2,20.998630218495975,75.12774119528132,63.16317458344426
1501,3,4.231914706422915,82.73948135734115,75.4248908888672
1501,4,20.70121845757579,283.1851022468982,79.69653821016254
1502,1,13.726430413961179,178.63346826093493,102.24880307419494
1502,2,6.800697721039018,1.870432752667881,9.836878772742416
1502,3,14.641034250145566,125.13546353392557,54.670631089616215
1502,4,13.459428879026031,273.16847939215984,23.528628161854662
1502,5,7.791416240688882,170.1463737165967,116.21730082686271
1502,6,8.511264734021788,292.5300347048391,78.6325597322945
1502,7,17.668377838501534,332.33090157446236,52.25848421803164
1503,1,19.195417323664167,481.0866435920697,165.38883387567398
1503,2,19.00511774169501,129.39517432474372,85.31819239415304
1503,3,23.378408865963326,280.0611297022405,36.195825993524586
1504,1,19.616046735988935,328.981287759668,8.12369697461758
1504,2,11.961893140246747,358.9150314146027,36.21827255283155
1504,3,4.660052061429356,158.68882995318157,27.340001531847832
1504,4,11.905833226497554,15.34385325658721,115.66432120322331
1504,5,6.054635547331149,47.976463113812315,33.919655449199
1504,6,11.889753534834952,33.483008514990985,27.076420643755803
1504,7,9.560193591299358,98.90625871999893,11.530797751810937
1504,8,16.6323503501613,338.996337352536,86.44237540690983
1505,1,13.964841748579286,30.761548894707005,89.34018468632087
1505,2,13.516840903889902,80.52843432174495,79.4785129673972
1505,3,16.965681378830382,388.6817690518858,19.256068635759082
1505,4,11.255875894493684,304.1674074573063,79.45307469648316
1505,5,12.866645333040779,136.00456348150664,89.51775016436589
1505,6,16.956739767701617,176.85825408550963,18.657807838357545
1505,7,4.904676625612993,404.7226572998318,88.02713539673705
1505,8,9.859721520959793,170.1240188718504,20.727470434227115
1505,9,9.409192269353357,21.3327268168739,56.35997905967033
1506,1,11.670107322716238,349.66696430148886,58.811815810890046
1506,2,6.332119267048201,201.55796079081702,88.28994848911506
1506,3,11.838045019282093,199.49441261594853,96.24572504846505
1506,4,13.604425089652963,19.564635657507978,75.2565064792798
1506,5,16.646911283475863,14.402541936876815,40.749579834664885
1506,6,2.7064713185515394,184.62504684745778,90.3915338019174
1506,7,3.763335760718099,283.26803999817014,65.69524539127246
1506,8,11.262147042520564,138.98893191718548,133.94395126557595
1506,9,3.2446040106285814,197.82477757936567,25.92885406497645
1506,10,6.152045867862847,55.173244840594066,142.0315496036331
1506,11,7.511164923573083,168.3455760034974,48.29065099578786
1506,12,2.0740624504869114,358.2858100491164,75.60776581945369
1507,1,8.826237942727527,145.73146113940038,16.853209553606703
1507,2,4.086662161667646,293.73664333161685,41.53954864689362
1507,3,17.634668785333144,123.70507250150024,140.3509756987722
1507,4,18.700136730167035,264.32486704159965,36.13957715412265
1507,5,15.521163974550163,213.29721255916292,42.058859552427776
1507,6,15.230621607043933,330.2404792339729,64.2020489501958
1508,1,9.11212040407212,138.0908683210386,96.36418757170486
1508,2,6.439803338887808,298.648259719732,37.288602685967525
1508,3,25.51742092393219,387.7343264095265,36.78870762451009
1508,4,11.942381012503871,288.02640052031126,33.25096912851574
1508,5,7.792595487958188,325.84387035968456,49.781172120987115
1508,6,0.16298167776102446,284.6778806834875,88.56952494743621
1508,7,7.712926642421118,84.04439082166085,103.1391372424963
1508,8,11.079964752379945,188.02815426552462,46.718525285103944
1509,1,13.780020642468385,206.59516940011204,42.915737311815825
1509,2,6.542947561892738,287.03115218825263,45.00117452474745
1509,3,4.159000726265389,206.3719959076228,38.2883907574048
1509,4,2.196752169127107,213.2277078737188,73.20294118800055
1509,5,6.155366097234914,239.2569249027685,54.32447898240656
1509,6,17.318445557995428,184.4461409496989,82.04367356640921
1509,7,7.806530709267994,495.0982942242783,32.5263360544045
1509,8,5.2050061296738885,184.92618208340934,20.879243779577088
1509,9,1.259404962743158,309.14035313868123,72.50594854738793
1509,10,4.977266508004237,1.2645871827629662,55.686776007754474
1509,11,5.323809688118409,282.1776267417381,76.2435970731009
1510,1,1.4283263166455225,8.73583622597991,91.6149147109266
1510,2,19.329431629992893,448.12626850658876,11.211802304502442
1510,3,4.524505168805207,127.76747796282781,27.403057272082766
1510,4,15.612927220537047,247.6969482295167,12.883978097106592
1510,5,8.023685907020337,195.02906297081398,43.13650798146314
1510,6,4.846269002880365,33.55618471355311,80.05753299754035
1510,7,1.7218781635622271,306.16882816682937,59.51135233356129
1510,8,4.008360699160156,276.5409444761141,21.355199040221233
1511,1,13.956935975676965,113.98566369253054,67.98416884472407
1511,2,16.31883209932684,244.12695635726308,64.27438197799435
1511,3,13.402517792658513,104.3816231211339,23.871975109161546
1511,4,15.434159238608917,109.71985602545519,63.27024115527958
1511,5,1.0283304105917104,167.94576894801972,110.2556731336112
1511,6,11.52098508471843,378.8283867770642,117.29741070263826
1512,1,16.337115094847338,327.1510089293011,1.527193127467605
1512,2,2.966562134998041,183.15074092217114,18.486597372895094
1512,3,5.02759681946053,182.28911921284427,0.04442852259049346
1512,4,10.896061334589307,255.22324106120678,12.978879044376974
1512,5,11.709291959388166,230.47126463442402,67.47000512614915
1512,6,10.81018830898162,252.75546216396535,63.9354873517734
1512,7,11.717708126442192,255.8605444968455,111.64526771895837
1512,8,19.16759118910015,182.94225708707077,25.04367878148281
1512,9,18.89321147659261,543.2510766761382,48.86895167602637
1512,10,13.49787189158021,151.14564783995996,71.24248688513498
1513,1,3.876525182684521,195.63930523024115,14.076200887410678
1513,2,12.321883783599949,432.01089592499704,7.904324780138722
1513,3,12.952122381704006,439.7094254906258,14.694330741727597
1513,4,9.41673879025869,20.58713635802826,104.14078334281268
1513,5,12.922617163612074,108.72885451918256,42.56458763338585
1513,6,16.558634020464744,39.90159961242077,17.250991840550725
1513,7,11.54505668468775,333.82352988665656,68.25002906213683
1514,1,10.182916703901265,167.89922588574552,12.586158670919744
1514,2,13.653726627291418,123.09223331435429,40.83984430225723
1514,3,7.491518465103514,307.9793261878819,80.47150209922341
1514,4,3.7672805968496483,105.91130128891722,20.96485498623556
1514,5,11.283464264278585,336.0042278687333,57.86661304360414
1514,6,5.334533861448779,313.962977940043,3.959634715484384
1514,7,4.993317266822276,229.76470475756315,46.64456571056428
1514,8,16.109146404858894,108.38710515516085,11.335448684398301
1514,9,7.81850092439975,346.55290034642206,75.18691484328616
1515,1,10.610036055456918,318.27233542141494,2.880647066056625
1515,2,15.4826732611551,169.64626303127315,34.20223077163662
1515,3,5.222139701059553,174.24251541734856,24.969849793971377
1515,4,11.188280099657502,174.05852584819945,58.8215397058025
1515,5,13.872900765916476,155.84522427172763,20.50827087802532
1515,6,4.044818417446756,315.5980574851253,53.15061052321944
1515,7,8.766765337118692,375.7874573790963,1.5408477354129815
1515,8,10.39367833338018,55.39120392941024,76.24023416704864
1515,9,5.582988953763795,320.60234941037976,80.50640748665094
1515,10,3.5389129680521325,209.95095636041563,13.939066399210986
1515,11,12.993175224284483,323.03436615690026,9.800813366495895
1515,12,0.9227594018622618,364.4655726050356,127.64682366045842
1516,1,13.461129396214645,156.9836713674478,92.08508294637556
1516,2,10.566877357400685,246.93744642264085,93.92619732706223
1516,3,9.811358964788445,73.48167248123514,72.96648733460415
1516,4,7.171392804097488,541.6319306457287,43.783982897840914
1516,5,13.698215500674463,338.67449643923317,98.37904301603217
1516,6,18.23435558576196,376.33965801389667,46.19236794406812
1517,1,15.564182751850527,319.67729123896567,16.135695864802074
1517,2,13.55342309302546,46.94859503371504,26.10503446001143
1517,3,12.213963000124883,227.3027706320147,68.52301625344252
1517,4,2.5446229560713345,176.86430798636965,71.95993990662153
1517,5,15.238615707914695,322.06594708749014,60.05033044226496
1517,6,7.34543095015781,275.2206327764057,38.01147538839135
1517,7,16.307394708292406,264.0961929941698,47.53111412849305
1518,1,8.920754494399288,284.27685118381146,99.7852988903566
1518,2,11.4105548379489,36.44636532603846,40.046193976157014
1518,3,9.519693163362398,74.60536963458213,69.04251069844236
1518,4,14.604572171417914,213.896718137212,16.566918927925116
1518,5,11.485479510840468,353.70928935230194,41.31583672503109
1518,6,15.578681325238973,264.8444070020318,25.7332211847973
1518,7,6.390010665620977,278.4155380677131,55.323869492720206
1518,8,16.58077990418353,235.48412436429984,76.00137914781868
1518,9,7.657663928307622,250.1468207196781,9.111012650895638
1518,10,16.08771317361638,240.7413949448877,1.377987980901878
1518,11,8.400545834490503,575.3227988255069,42.33417155774385
1518,12,7.840125908637062,86.04814819284178,6.849247396590954
1519,1,0.318952177032676,177.26388261531474,67.52788447313955
1519,2,16.016688913636013,213.9364428939079,13.948084161249355
1519,3,19.13024014574896,146.33062873404464,65.4965094345538
1519,4,13.529254146350587,210.39268359491342,27.703778362947816
1519,5,5.2968594160502755,269.9928596781644,112.94282308202588
1519,6,14.748296535987627,272.95167735753904,29.547586524285038
1519,7,17.398398130194522,338.5649961699784,72.7879868303215
1520,1,11.88920219457472,329.7947476016873,49.23135386755893
1520,2,13.6719082135982,501.40796999202684,87.22084033216264
1520,3,18.79793238511698,139.31191441984745,46.46493307068694
1520,4,2.452977508149626,108.92312791398473,58.1018344690856
1520,5,5.137620269687488,234.95298432672732,31.78997744240632
1520,6,11.023757717667857,300.68111426766154,73.7204017786622
1520,7,12.9285639455023,398.84786255947347,24.22748314477903
1520,8,9.789787073912228,316.6687783707696,32.0469520021945
1520,9,22.097231695674346,154.8755535886671,22.93385705055417
1520,10,15.373172352505815,83.92632534023508,103.99293010510745
1520,11,10.142985225686868,412.7345535046464,99.274813774054
1521,1,10.491474550579412,308.2737488259836,60.927408563652854
1521,2,6.007019311524473,172.00282844731424,97.18737974603408
1521,3,15.016718390655107,107.36062993199288,5.498861835940616
1521,4,11.447926084951314,112.71802643453705,42.9025996094687
1521,5,0.1809580816613483,356.11292862669416,46.12088770931287
1521,6,10.382619797943288,75.0604676907248,38.904611765615265
1522,1,14.218117099512078,325.5398012655606,84.38878873779964
1522,2,5.136567229729451,248.9751242719128,110.83419358758337
1522,3,15.25437419667044,63.52653394005682,48.02054960562379
1522,4,7.650295916623014,24.25397654168458,108.72298022488664
1522,5,0.30873466394817584,184.5626025685672,102.32456825641947
1522,6,3.859854894555272,195.11596842308492,69.59925526849834
1522,7,4.397117208267497,113.70477805253024,62.05108329392061
1522,8,14.46200778105898,317.9937013946928,11.307696472629381
1522,9,1.370055813641212,327.99325049548844,99.85310741846752
1522,10,28.164607801061532,669.3113294021379,120.43702976783092
1522,11,2.7578718598062464,171.21734750614746,75.79390170340018
1522,12,13.242299555494526,174.77517320569635,102.95739349364678
1523,1,5.260285975588989,136.59823498268233,37.59594858041478
1523,2,2.6244406263406255,206.70812918155602,92.90146654159535
1523,3,3.6110586047240227,480.866041036151,64.84192023477337
1523,4,15.910513403974061,192.66551489859143,14.41271203830535
1524,1,25.53565281273466,22.93849243036223,19.928388027434675
1524,2,8.58037047737335,277.4354398250903,63.051021914872045
1524,3,11.457395307398006,170.16241547222086,62.52363608223607
1524,4,19.907826731815778,456.46469767299243,93.36240850520554
1524,5,18.498431098704042,213.09535837761246,154.67992933363763
1524,6,0.08414904278542146,238.19767181260147,80.27910398182556
1524,7,10.520588452477554,367.1215026320748,43.735753903890796
1524,8,19.034349529424567,218.95475907929006,34.77767731214324
1524,9,6.460941080301351,243.4813550050288,26.370174212834193
1524,10,9.992780894794908,81.57118128336248,30.36521365370783
1524,11,7.603676809582497,388.3076115364551,64.15526204977446
1524,12,10.95480004289513,89.74971692561408,164.3460153964422
1525,1,0.47302947855598276,400.7140472025808,19.984821292329478
1525,2,5.0662328198388344,70.14554691538848,15.441484004277093
1525,3,4.776818596710774,322.72191284378135,96.68775464517029
1525,4,1.3144785494902944,240.58099540368178,23.610186130300207
1526,1,7.406566465407924,307.03580668266153,31.417958026942337
1526,2,11.92842561267299,595.7042256866503,69.22581319259551
1526,3,17.606900882279355,336.84183858310456,29.290895605088423
1526,4,9.346113248450662,405.6056991601546,2.610422119848785
1526,5,8.787303641427057,519.6364199113455,4.866441558212699
1527,1,18.057874571335656,108.34810201940968,42.60889559558469
1527,2,14.727113926515901,300.16894349173066,64.40890957154244
1527,3,4.421176560777065,162.7418187324575,106.30418263112684
1527,4,0.6205208448564985,238.79490599352954,41.235060932525414
1527,5,13.2782466177942,220.2719426497469,10.049570369302636
1527,6,14.119516451948307,53.66237196171221,2.7485803771108834
1527,7,10.354887025382835,138.33488193673605,18.071747917866734
1527,8,7.279657535450211,90.00638638866893,111.87026574362831
1528,1,12.196621660731308,64.68539039525481,41.95210525084181
1528,2,5.1522375750643805,60.11820226666069,76.97996562111503
1528,3,17.237378356705026,276.4993311472218,32.47581322321666
1528,4,5.362124823809203,138.95000259703522,41.199684232452306
1528,5,3.895368192657468,358.0735980764032,41.9090507443833
1528,6,15.354165949848838,9.988126360838322,22.46638034688043
1528,7,16.01575378006798,331.0318964626042,1.8988022076462556
1528,8,12.12148213198212,249.39714178277177,21.671464851875385
1528,9,12.498985951206855,37.067754953680094,12.924325881174639
1528,10,14.192705619593106,204.42503880504339,53.256813103412725
1528,11,8.774421206500625,280.53538722986247,73.40387573652055
1528,12,15.540486789291853,218.85038003927644,34.4635263827788
1529,1,6.100885133362405,2.292889543497779,67.96223672873974
1529,2,6.1928960638199975,369.2172258367118,126.63337486875491
1529,3,6.869006462585592,333.12557295962677,34.507826257941716
1529,4,9.945772576216275,116.93415995637952,33.0508167818724
1529,5,7.033269556932725,86.90253107336525,63.13424968453873
1529,6,3.1622274415010168,140.50355333999414,21.18768564312225
1529,7,7.3853488649302825,238.94616014083292,104.5163189997381
1529,8,9.662711243747305,155.46712055097507,5.224564743054323
1530,1,3.877346904158049,199.90663302970768,26.556715577305138
1530,2,11.55825059044963,165.5246664213125,25.97132191659638
1530,3,2.801093192628617,14.667071609377757,46.90110135323009
1530,4,4.148441555085508,433.5754178949395,3.459740561760512
1530,5,18.595796601387555,19.549220771042485,150.63713158457674
1530,6,14.635419217828655,132.5635570094094,98.677345544033
1530,7,6.765345256196973,339.1870589481343,49.561518511601776
1530,8,7.51421723341495,161.9328879134221,3.1461257263297497
1531,1,6.914717671291166,310.764526261645,87.50759915482519
1531,2,21.169787469648046,88.97427531473399,102.71160282777174
1531,3,14.218889962951609,362.24740484465315,3.317635910190468
1531,4,4.735985357649219,234.60266137910733,78.23311253223635
1531,5,6.995377181837641,144.21140280852592,7.523481200937027
1531,6,6.493409813893132,142.6201167553744,34.942645372990285
1531,7,3.698764814529297,488.2057170899378,90.82834394325644
1531,8,14.657378563068498,371.93268277817043,73.14430514259485
1532,1,25.644504819441682,248.08701164171455,71.51630167991459
1532,2,12.445302366349466,326.93285225567627,41.98356069915312
1532,3,11.154229724017906,204.2562593099475,32.48177457810994
1532,4,17.08195115516024,348.59629610292563,98.23155215931999
1532,5,4.654103808444965,252.62137266162955,93.69468177668372
1532,6,20.520274962779645,26.294737281036248,49.88455279441749
1533,1,8.675486433159925,241.33851424064778,35.12991929073998
1533,2,9.700080691842798,116.0848231489782,36.09835978512346
1533,3,3.9983334830595894,51.42284767574367,120.02670777507095
1533,4,11.287994139596085,113.47477107012367,45.30231942933977
1533,5,16.894803425158216,50.394435523077505,72.40185691926455
1533,6,9.568241077522966,66.57877534163055,24.46629706484821
1533,7,8.474296127153751,7.204024135338926,19.332795730207046
1533,8,11.600730119181598,235.4271939213799,67.29271393855683
1534,1,5.284183289977997,106.19476506921589,45.09774364418948
1534,2,11.058885796206614,263.86891476907,58.77749049214077
1534,3,1.4666143877388755,11.006209974104621,74.9595107946559
1535,1,16.094776840572653,153.30748524917624,47.845410152858776
1535,2,11.73840872411514,111.39956113746864,69.73954761825149
1535,3,20.559496302352002,71.79835477438021,24.352346507907168
1535,4,2.7050032391389944,471.2194773802419,74.14249687609004
1535,5,0.987577199091449,24.358284431291708,75.20490230776413
1536,1,26.323684808293642,496.2734883469273,69.67314870493121
1536,2,6.866798478194573,146.27260924428853,44.25875862052505
1536,3,4.560259317767446,453.42310557070664,54.958336246183215
1536,4,1.806495798399503,260.7803096346122,107.5617193831691
1536,5,17.4257146160563,86.02842717378353,5.637148154455282
1536,6,19.991255996246252,43.64655367123669,64.83670237010931
1536,7,6.020322922449257,397.04645688049555,7.8106308880895625
1536,8,4.424717421601895,292.5542745304258,81.82063457107218
1536,9,19.517177603532424,270.93907051544244,63.9793843045069
1536,10,17.343812975057187,5.591391708368434,14.813944065561941
1536,11,0.9924241543090933,202.85323120680744,83.68630950204997
1536,12,20.00779580778248,283.3992446565314,65.2029656199861
1537,1,10.594737068865486,13.14403428052512,116.19705904524791
1537,2,4.919265261246935,266.4172830337432,14.108561107530242
1537,3,10.816107379767626,142.1440498639908,128.8075519825665
1537,4,4.472650585288885,439.18907373984825,9.21661580277079
1537,5,21.153886420617656,345.79242545811246,34.84902962861069
1537,6,8.753238472471805,223.1634024302509,50.03856086045216
1537,7,12.813591096362915,217.33059118809464,9.84924199730451
1538,1,4.896930960456802,363.63040842115004,25.541785385560214
1538,2,10.256968647313728,158.6627830052422,50.07222861836456
1538,3,8.763443772001446,210.73631254854683,102.07775809346822
1538,4,14.187088002006426,259.3464601159243,20.45136170095102
1538,5,24.959343698666792,75.74777319516028,2.1441274681217664
1539,1,4.64832677229169,245.31837618946182,89.91011001950385
1539,2,11.855511355125973,350.1994954562029,51.85608121806716
1539,3,2.761232097948162,186.62841323883055,96.11703817957168
1539,4,7.125231402402157,37.57945896353283,74.77817961466911
1539,5,12.356280645617883,84.36894668628948,40.67769428643463
1539,6,8.728303505993622,200.9572903378325,75.86262839276856
1539,7,7.163577143567311,304.73664415483137,28.660429582763346
1539,8,21.66415189132903,453.1780678146623,15.743747014361198
1539,9,1.421485569599108,346.7311720748486,60.31533879139279
1539,10,13.861677449711769,101.78672042048257,44.70184055374935
1539,11,7.586160790327291,245.6301478327212,0.1711994002521422
1540,1,7.497486666135991,85.1943723352738,21.20901742724275
1540,2,16.353271404014876,34.288305052729044,101.86076535487392
1540,3,15.230253750648034,356.7614085138297,32.925652736836064
1540,4,7.060734062532406,81.96070841238415,73.22875703865256
1540,5,7.538526514258894,78.8630333274523,35.834905447462205
1541,1,12.597940157137252,63.5729011171305,4.024229734178135
1541,2,5.078553382409076,439.03475170380705,77.63629370017426
1541,3,18.941424395716535,57.47738943938484,27.909230731638928
1541,4,12.214673992854806,478.03968412753426,30.586570986582814
1541,5,10.712714486976328,35.43027343348626,51.128256949606076
1541,6,9.125085502803,113.95665346151213,8.506545588055438
1541,7,2.182889071334708,36.95897756995953,21.005812657596593
1541,8,13.561392566653382,105.02263126500849,95.93957080193374
1542,1,7.460682358633112,18.05682556983882,59.8504797362683
1542,2,2.3197038408961808,171.15639832248235,63.04932192145868
1542,3,6.602693751257801,359.1717570498115,64.74739688762179
1543,1,1.8050974854233974,80.01067379627587,93.77135596632516
1543,2,2.533369966978178,130.63480185331946,52.27454355420821
1543,3,10.645190571088097,110.9817615310847,97.53622213741944
1543,4,10.170741337444493,225.61864912777185,149.02389667998347
1543,5,22.15919863150566,202.86683889525318,71.8594259625637
1543,6,3.5465375445928133,113.3478091064921,77.26461467610376
1544,1,15.141101484487553,231.0465624489073,74.1649401122249
1544,2,20.10119350163144,327.13045040281065,4.1079496639280535
1544,3,6.230520630231508,171.58543573267355,26.409849549478956
1544,4,0.2856455075753903,341.1801434423332,18.371818833028883
1544,5,18.58007004266772,42.5460131078693,81.1386404429708
1544,6,15.988809728096815,234.71684675942774,39.76308244654655
1545,1,3.454777970468255,275.53592466149786,71.09906892114651
1545,2,14.93985121903356,123.7269881214192,65.27895080486465
1545,3,15.991808877561013,148.44428174736584,37.35292911478495
1545,4,3.676814128553346,299.32093257404784,105.11353278019216
1545,5,5.717031129287684,36.69596973143061,54.68655781737243
1545,6,1.9275229174468258,166.0350534479356,36.72471105101732
1545,7,14.060719226211798,247.2793377132802,56.45587654313786
1545,8,21.457953579033244,240.45942906311922,33.286488955512596
1546,1,0.7384501012099847,42.570798577903986,5.724193455690084
1546,2,1.946925474086818,106.15937072326082,70.5192976107791
1546,3,10.644712654960212,213.33655352949256,10.951887038166149
1546,4,9.842560709235572,388.48027624009745,61.809608731813285
1546,5,15.675362906251825,124.19435601574052,30.826514028422004
1546,6,13.650000767690392,59.25279549107171,45.172634359538065
1546,7,11.308609031367126,141.43709300413315,16.206703890311253
1546,8,5.448384341290366,6.673670300260966,61.09479897889313
1546,9,15.840788524511701,124.2520048360535,159.5027183986011
1547,1,4.69043931178801,293.14232708377386,76.79612041066383
1547,2,17.49953182720384,60.232216302700834,64.91872688500219
1547,3,0.20499650055191587,359.8367045666573,89.82151339712468
1547,4,17.304094745792682,192.0934176836671,91.08612906001028
1547,5,11.175061100860612,407.4732678689967,37.647672150914076
1547,6,7.739384815268156,264.1464624281708,0.48204281160091966
1547,7,8.343609679394874,192.36067113137466,3.462859887143253
1547,8,10.691787017683234,274.2057164778638,83.4538288121139
1547,9,0.485792246243145,351.9851351619062,33.061635038665344
1547,10,3.6524608199817346,506.2457324950328,56.15773790326659
1547,11,2.6831699811440073,4.356067289026612,0.6535841107014235
1547,12,3.3698087794107705,346.1464341363179,71.91615574999867
1548,1,17.47191331639494,146.7040409997437,109.39983354532237
1548,2,11.258584084121432,208.58974524384308,12.25594451318404
1548,3,17.80275545921695,440.2418897620195,16.532250542987057
1548,4,3.1658645042977787,415.7696698016697,65.49138119395786
1548,5,22.03201806627685,376.77201647173,26.901735111916892
1548,6,21.135922279029156,219.5708660715264,50.91788785282789
1549,1,10.228845212120122,168.74594152967967,36.70168014127783
1549,2,12.551387021791015,236.83368841294907,46.165447991220574
1549,3,2.8986939841294763,424.46377668332036,59.186674403365124
1549,4,9.838505923544096,388.81684007085914,98.36058488092274
1550,1,8.498151372760885,337.4167881007619,1.0713909467819605
1550,2,2.8377870705658452,345.8355633138053,93.57808708294124
1550,3,2.7611209498836837,240.37186663254786,40.24010339412695
1551,1,0.922442582509623,75.93381467226027,69.64738865472258
1551,2,0.8279485117032603,466.9962798741826,94.4290992024493
1551,3,19.695871357154836,315.31449918720705,24.907652515604966
1551,4,17.8682504028603,309.0928183822216,36.57135997668423
1551,5,6.838233713683385,317.17820625199676,13.40403142402618
1551,6,16.433711221572594,103.36833141855605,56.57267840494581
1551,7,11.39956472241418,2.9568079070743636,14.621924205983646
1551,8,11.7484920201723,192.37054205966652,61.20125387683328
1551,9,2.898661023961651,331.37845019668055,98.48926343653474
1552,1,8.065179077918687,241.8805629211119,6.8552395148186065
1552,2,0.3885132173375663,151.59348558937285,44.31841456725087
1552,3,3.7407870955819202,385.47845238729946,109.51086550844758
1552,4,8.691865704220568,429.58078256371084,67.0295923023035
1552,5,3.7348889520173962,104.69066257949828,63.64168975074945
1552,6,8.920066247480928,60.204470826209246,67.46710140704172
1552,7,25.320210902127577,210.68604941739372,33.04211410831533
1552,8,5.094786417720525,22.299665025699653,82.58393368354304
1552,9,7.013098508954012,179.3955377161861,33.64593771356873
1552,10,21.230339408728916,13.006430011928387,77.42581209917964
1553,1,16.091805494758088,76.97849334782005,79.38633362284246
1553,2,18.932778017552877,147.76383989207363,61.49786694058702
1553,3,15.477742981957102,431.8353831676505,12.220756616522053
1553,4,8.513359977848749,28.33990853431058,68.39249949125994
1553,5,0.13286132848698706,199.93615252766602,54.66437051384435
1553,6,4.332686446074516,350.2570966958266,59.38444620962459
1554,1,10.328336229453573,191.83166853196428,5.179973167572427
1554,2,3.261414092878539,280.24940530574963,91.97729160030732
1554,3,13.371565989095599,272.93471275276056,17.587062606556707
1554,4,10.650191849964855,150.48345355535875,42.201352815890054
1554,5,9.217454202944658,101.00963851678068,80.06666250471677
1554,6,2.9361884427289917,5.2058072232140375,18.591891576806837
1554,7,16.183765742169236,250.87378439970988,21.329676159866594
1554,8,14.180915811108385,192.7237880716793,33.30469319488012
1554,9,8.306139839125633,0.04434114381103882,56.92963199749174
1555,1,7.559027345677425,315.48641374310995,51.5897699674732
1555,2,14.941937285898934,20.638610438042036,45.68799405638352
1555,3,13.712215114468611,386.34487096998976,4.432580462190742
1555,4,4.1133406503540755,275.7930469554801,114.46373186754515
1555,5,12.001158713584637,33.50589232906765,6.382233181202949
1555,6,10.943916542689863,253.63649427236157,41.14905610838997
1555,7,2.4465051500611876,365.2122851248208,36.05120745855643
1555,8,13.688756174377023,65.97519067161966,98.04617623713182
1556,1,13.241487829267102,341.2689285321633,91.28427441478593
1556,2,2.8388045947912524,351.2303363089734,113.72502537753955
1556,3,2.6567196611734136,65.97445956594271,0.3320134728666204
1556,4,2.314123350862377,414.4108994692289,13.82353645829103
1556,5,15.007521767948344,31.4825293762523,4.50833563610076
1556,6,4.412230701003123,287.25946531173145,42.079749747170254
1556,7,9.517998065868056,81.91276399486682,28.12762131472162
1556,8,1.9883388526477646,302.9076692097221,63.88541985682412
1556,9,7.889093125281816,149.9203315815361,60.840659430599004
1557,1,16.647672212409464,208.66457399795942,11.335631852998347
1557,2,5.9295416731951525,107.93680347511079,38.92923451742577
1557,3,1.6087918377091235,363.45124496668416,49.34299422782602
1557,4,11.414602594734287,337.15075760968887,83.5097018891314
1557,5,5.974433521272756,290.67011371416004,73.76715351625509
1557,6,12.21186652132086,359.1681016313908,81.98128644269579
1557,7,15.091587292771614,404.79216844793643,51.14637829538653
1558,1,0.5575203210592026,52.7723640575544,102.41540208023001
1558,2,11.204945473935787,325.94367387206796,124.38767124539373
1558,3,6.437991775974359,518.0334343383545,45.141486474079215
1558,4,10.518614193093764,409.63131391615934,51.64544109659616
1558,5,15.856002555031179,127.83958087730637,65.98413416325269
1558,6,19.807280968893984,290.0287361692027,33.5204699284004
1558,7,10.559371246236157,139.10016712692396,46.885722400208245
1558,8,20.549839943747386,219.93822843683353,84.3559454685033
1558,9,13.508522463229172,394.9969015400669,8.19155336800992
1558,10,11.45214636965681,478.4978816272702,23.74535609168314
1558,11,25.31976501100784,73.11689184762297,39.05137753131043
1559,1,15.654553668667191,389.30721588560067,114.50109575107797
1559,2,1.0648837615251736,8.796274603458329,80.54137026241605
1559,3,24.188688903297773,232.9670025114518,54.35296312875146
1560,1,4.437362140659104,117.69557133797824,79.17638920816734
1560,2,11.209120486254704,351.72984698051164,124.35120869316347
1560,3,4.229921220829439,66.53708691885936,88.02763521120619
1560,4,8.912822043432582,172.68344787152932,158.17771413159886
1560,5,18.739942880861484,223.8733215370206,70.48849988110959
1560,6,11.492280283456928,2.920625889451827,64.13241926181209
1560,7,9.02604201724773,101.80305417803393,34.767239013569096
1561,1,1.2500780012874166,289.34656359235055,29.646235239889258
1561,2,19.126037575906185,84.48836791874169,136.91855706712988
1561,3,19.214922889191044,170.8878119039423,33.080590406128806
1561,4,9.759144791518604,87.21858473743748,40.94905630083508
1561,5,15.746871111953759,93.76616272600445,87.60934765919828
1561,6,8.270938831325951,363.9829022879869,104.51253652521072
1561,7,3.005953506930351,116.48420362128809,56.61827624843055
1561,8,11.79541161108121,16.52368031150968,116.71636455343699
1561,9,7.465132205650939,295.9401142403583,20.687717245751372
1562,1,3.3482876305964133,35.474552486429786,31.287307340977605
1562,2,1.7516702516186626,139.3760513414329,31.616269285094333
1562,3,9.359277884590735,128.34206074482665,52.22559307761418
1562,4,23.12601799406839,174.43679162656804,111.15787037181246
1562,5,0.06705668813334142,267.70904236822037,100.81629810235862
1562,6,8.652095220825021,230.3864044741781,79.40028517416263
1562,7,17.326312367010303,24.319437917952826,66.75830826941863
1562,8,9.571712620461943,274.3544590893247,69.59773586713364
1563,1,6.807973904145834,282.37817580879636,31.16762039543341
1563,2,14.26414479989456,235.82002973253967,111.30933455735718
1563,3,16.580264766371307,271.31746493648114,57.60681617664047
1563,4,10.537970782049673,23.335958296872747,4.790817969432112
1563,5,3.675000814462128,448.787042393026,28.699873576159153
1563,6,6.855978553652409,291.50467361735355,13.2902546971034
1563,7,19.886131365904614,183.66487673265982,99.39169814778948
1563,8,22.99272699485976,251.39952154050803,22.18915208440935
1563,9,16.648281619335002,88.29980160149809,134.46059869057052
1563,10,13.971749165979563,62.54027706586493,83.1646173898658
1563,11,2.767370194387472,81.41823095520947,80.92501298995026
1564,1,5.084878270820367,36.90106468211826,98.32701612680037
1564,2,12.507409510277304,65.94465346918781,23.12495770100067
1564,3,14.074226022109578,176.74579656809613,44.9810734252136
1564,4,5.41456208572536,86.45886326607146,31.712274978871676
1564,5,0.35580259991738217,357.87200657238105,35.11579378501028
1564,6,11.185012792606127,72.8663181925085,129.34314720001828
1564,7,10.158805069389178,118.49992155355807,71.87284306074484
1564,8,2.351963022688878,347.7333591629753,74.70890662133435
1564,9,20.308168481702136,228.0547625580891,82.76595171386415
1564,10,10.299279095096898,111.5519314594416,92.63019727222688
1564,11,1.386612203522203,194.5539168991297,27.257377112838704
1564,12,15.894658468705451,57.997903250851806,33.64669629500042
1565,1,10.307394514297467,101.15287801436203,24.6297118224398
1565,2,22.4999629304734,40.29210241350708,33.42514166013413
1565,3,19.964357077041843,372.9007776213789,142.64332186814198
1565,4,17.51013686634024,236.74769790850803,74.79047072955638
1565,5,2.9184444330704533,184.9518839312399,11.384318516483503
1565,6,20.009807274188752,20.294631294972447,40.16734720488942
1566,1,2.6509962365347173,228.92836555027657,63.25948303353999
1566,2,2.5285449395427797,335.2937395525012,15.34854068340838
1566,3,4.077576129733546,361.02005473361726,50.427397229909566
1566,4,12.378611881877935,279.2786640438128,12.291019427392904
1566,5,11.747303636578467,488.72481556193316,41.638245444676
1566,6,12.627474145867879,581.193980857645,111.76600867151804
1566,7,6.927048038632671,273.64166969012405,80.1498375304817
1566,8,25.10372016865341,63.072214686335684,172.73208723685264
1566,9,12.02488223677258,153.07371708219057,74.86503353900778
1566,10,7.459524425012678,149.77776646900674,27.2402219038557
1566,11,6.181819878712892,53.08353060819192,15.301665468982875
1566,12,4.377465342028495,240.27618705007467,21.023983395350797
1567,1,24.812538165636553,485.330895710231,90.44437228811933
1567,2,14.382291637161092,149.08319496277164,63.683664042813376
1567,3,1.1773519444832896,166.2285523515982,13.852098272488782
1567,4,11.83316884600048,338.5202687758581,8.094992553001141
1567,5,15.074388765378936,229.96223905814847,77.35409526502241
1568,1,0.36347572112947546,55.059094227382246,19.611032598617157
1568,2,1.2424193350232997,155.55418759171613,42.40654816424343
1568,3,11.590395601016585,65.52934891448996,83.34993845931845
1568,4,8.503945190204423,246.5323580622602,78.87525194503678
1568,5,10.021110834117396,318.07318088376593,41.0539482697549
1568,6,10.230797954863002,81.6342346779587,111.62512018926415
1568,7,0.9898466083408053,524.1686028189823,101.69082221531869
1568,8,10.795110875391991,15.33633534544279,31.64763480275144
1568,9,14.803392482458184,216.5438266765908,6.060297840146774
1568,10,17.75265556394208,185.59421092525707,61.3083419365729
1568,11,16.963532508705995,332.3371188732844,93.20044103789098
1569,1,14.890365263180172,180.00034616634446,20.841836171739686
1569,2,13.078237321619579,269.62104911932903,69.47057002395782
1569,3,16.256507564826425,167.0847474543495,9.150617658429084
1569,4,8.465427203565731,379.09734890254936,16.34245759179403
1569,5,6.79063124364264,202.8498460456463,23.77088530864171
1569,6,6.329486981552264,260.99557860920754,55.32325110109901
1569,7,16.635392720658583,283.08977569793,91.42538909370336
1569,8,5.471225972148899,590.8617548614434,17.140484883432407
1569,9,15.626080803211824,47.69893135546431,15.577893994485976
1570,1,6.183444190799589,62.76916370707875,12.862058288419483
1570,2,3.1045048295172863,548.800827961917,47.741352756430246
1570,3,18.43081675839347,314.09821101603427,77.53822390896069
1570,4,13.806466370713112,512.895153834266,67.1009025478512
1570,5,2.462953468559949,173.87013721187614,8.148584626222537
1570,6,0.1999801122777285,264.74742547443907,32.97227452303348
1570,7,10.76051554411181,47.13120814011225,42.982518394327286
1570,8,15.435876419869214,102.049536559175,2.6947569875592876
1571,1,4.411330456308162,27.067649540124734,33.09025038344261
1571,2,5.082061653319723,187.04402677333783,69.0551761071936
1571,3,8.022700813577957,227.72107945785007,68.88020598031744
1571,4,1.3913373397361912,482.90619456724136,20.342895699310315
1571,5,13.615893747940934,29.602359967965896,54.40570454699957
1572,1,11.027123682009435,80.5256208539676,76.79245344719864
1572,2,10.264587273667683,160.62343851313074,38.901757405701915
1572,3,19.14083216856966,80.68752084771586,116.60691884336094
1572,4,17.166688591072756,205.60907477384745,40.51656969809633
1572,5,9.926341354409258,272.6926787270365,99.3765846548724
1573,1,12.506810526530597,23.58586349082995,96.28876056829452
1573,2,10.18369539626876,143.2928511805485,9.3906162390399
1573,3,19.836954709198082,276.29258521798596,84.50223372130864
1573,4,9.24109826510866,442.50734181429584,82.94205913644103
1573,5,19.26006732341405,374.5647657231839,25.081361664955566
1573,6,11.443197847120167,400.124570493743,69.55569280098992
1573,7,3.084792814661834,213.33871167814647,82.66163016342415
1573,8,0.20869602687885092,54.62652051983977,6.8440061110925825
1573,9,13.325419718062758,433.91018568109746,31.15302334447452
1573,10,11.457505054384251,104.56319422665923,118.33322112924691
1573,11,11.524914727976562,328.26870544526867,105.69999996223902
1574,1,11.231968261794396,321.45252814425385,37.52436206145221
1574,2,4.01716025638565,437.99218395959247,69.55184576922892
1574,3,4.506463617797507,220.13828550172605,51.09177772001114
1574,4,7.550577546570862,235.03248161434706,12.85889356169973
1574,5,16.115480927977828,199.07582406445187,14.378172925124574
1575,1,19.956337178844333,101.66736266704329,89.0256411834732
1575,2,9.282247448612036,91.47864641683304,70.12807391364117
1575,3,15.991222126646395,365.36180721306357,52.89300092662057
1575,4,7.610107549604241,125.52617089292885,86.1789320660709
1576,1,10.772439186268882,88.37290603078291,50.921925160768104
1576,2,5.559862051893703,116.05155841551218,2.887661488090991
1576,3,11.043483110200647,142.7185415864247,63.550647650832374
1576,4,11.428328920859826,24.51091860182558,40.25414522029267
1576,5,9.441664516700849,26.060683613654987,31.9852716040447
1576,6,1.8168646317497892,33.39859900086893,96.81822136161486
1576,7,13.219379885517224,196.2735017279559,85.54376403167629
1576,8,10.12235617654052,143.23056088538527,116.31987671710705
1576,9,22.061581215369717,48.62444587992897,60.90887262415693
1576,10,11.005863129422977,329.4279680049086,7.638991418354962
1577,1,4.965953344173279,265.59136443673856,3.1160533574541205
1577,2,8.752553041599322,387.2655907971589,12.12267609920464
1577,3,15.2455019449257,37.88507417222519,13.923558749292994
1577,4,9.937173080438972,345.74601684709006,38.07257430675253
1577,5,14.330026988989868,371.620292410488,19.154056643649415
1577,6,0.6761591696205116,146.67267629223505,100.92354002924561
1577,7,4.311400210576204,352.24246079611186,39.49997877081633
1577,8,22.293484582567444,536.8133080232933,91.25850055207997
1577,9,1.5262196796358651,160.48428878168937,52.447089186363286
1578,1,16.34655005686293,221.16222991088824,19.96927561986901
1578,2,11.241456745549113,281.09363788666974,28.32298292726854
1578,3,14.497506822896547,161.87668111795537,17.347725332052654
1578,4,19.247331847706434,127.37805694051917,7.46902321735989
1578,5,6.422126516206186,236.96087706358293,63.471799269398204
1579,1,23.042971235220797,231.74828447848392,33.736351365043944
1579,2,4.911381052578427,172.01185853810807,84.050822563331
1579,3,5.773741874407852,289.4728064785749,6.618305774694093
1579,4,9.86968499046857,32.37603512171384,27.294865757371106
1579,5,20.345764956437804,239.081644124013,44.666690581400424
1579,6,11.89280676215507,277.1613023777287,62.97422621516226
1579,7,11.599163904948673,50.39954895889127,9.155881660192733
1579,8,15.086943938819374,3.6981332743165183,64.61212299000628
1580,1,4.602114987743523,436.51783037947234,43.8942483587649
1580,2,5.394953271559682,87.81357796111352,28.726489838952705
1580,3,13.728336449266733,44.06355806413802,53.92714439757165
1580,4,12.964827830755643,60.30469907761102,6.701077006980086
1580,5,9.666048596767176,416.14739710668493,98.10912496584159
1580,6,5.740711530195469,411.3932651502188,37.21493198195078
1580,7,7.702551909764724,214.1023254070381,83.57859652556107
1580,8,5.737012633935201,140.2926051751137,0.07329559356343651
1580,9,12.457185600406342,340.00087849443815,89.78499093396192
1580,10,0.43393657727883195,142.56552585791871,99.81871697356797
1581,1,2.9365036853366995,33.836445396488216,35.904421843876364
1581,2,9.87488754933147,117.61065492755812,72.88648991960103
1581,3,0.47181293935134505,267.49266584161376,28.431046575626393
1581,4,21.12258678754577,336.8228245392211,55.04963530375147
1581,5,9.711395086215031,122.72002391945529,56.662425772211606
1581,6,10.775055589953842,370.4360929192087,12.256598052428323
1581,7,4.235644463691292,215.58348534805006,0.6382016873531313
1581,8,4.883760917035714,133.81833161940958,54.96467919403153
1581,9,24.431839980117733,192.82265312808684,65.27176989385457
1581,10,9.471959192691997,244.94063008606133,56.04265144274612
1581,11,16.768746374621323,452.9677428479724,44.0346798206261
1581,12,7.448143311288874,555.8331610229588,118.1372380611984
1582,1,10.94547645508617,62.930852038845245,31.50513404879124
1582,2,16.076294001050282,163.02490657553207,50.96692728033592
1582,3,9.45105035084913,66.17009730582382,43.149170908115096
1582,4,6.795279196999532,96.22892088907693,7.667640831436472
1583,1,2.727405798433951,86.61418627803239,105.73521700212818
1583,2,17.48787919757512,204.79917660448206,63.44220303965801
1583,3,5.474690119134383,407.84431130312055,39.493333823322445
1583,4,1.3793916962739772,55.28407513753575,19.651583006351004
1584,1,16.7271136704008,374.3900490183841,64.72933783096181
1584,2,10.335447691255766,194.72359030303716,5.802089866393047
1584,3,5.692738226409396,448.5188704486434,50.49675004620756
1584,4,15.751234354324692,147.17611482167155,35.93159488302324
1584,5,6.740579386226685,170.59316887140426,95.10126916545411
1585,1,10.933343271391463,90.51555888809388,88.13728079225393
1585,2,4.724272430685502,191.76356881643414,16.605593554586605
1585,3,12.479620056881776,398.75126225614173,96.8145596067861
1585,4,12.516523738079297,178.92187599811643,49.28454424117856
1585,5,20.693124371675626,73.76030521942631,68.64602869593405
1585,6,17.872937624061677,198.6454040309445,87.068315827536
1585,7,25.520812336071614,186.1360773631809,39.81197303532085
1585,8,11.547205269969485,273.54495995696874,103.32330903513463
1585,9,18.806187157328303,249.41332795034523,28.69686677394968
1586,1,6.474052139622903,168.57355774116405,33.902027350214894
1586,2,0.817232659505855,174.10079287126155,83.45532201699643
1586,3,0.9103335131181751,226.8697832565271,55.93802430405784
1586,4,7.890789665290732,274.47881619671796,66.10637004791026
1586,5,7.392970071120372,359.1335929095354,72.42441707509076
1586,6,21.014325823237087,190.03571156682744,37.12941913350001
1586,7,8.54073763040894,376.7475316149663,44.05211867124637
1586,8,9.38649348317836,494.1459684647859,3.7791442223454013
1586,9,12.497740888846035,190.78163787309487,39.9756417106242
1587,1,3.3264615955360384,415.6632795813789,75.79859299723405
1587,2,14.133527597887188,53.37984481224942,21.295682279386362
1587,3,6.324430347873541,201.2631363345588,97.64551227904195
1587,4,4.673746620389494,43.15250580468202,107.34084168603205
1587,5,6.7733740823217685,190.4891000091822,90.30505192347003
1587,6,18.19834993477771,63.08840568203533,60.73472900002956
1588,1,19.752776834446504,151.9639696889767,41.17582925826433
1588,2,7.362672844657355,0.12954863795550864,19.95412329599405
1588,3,15.764791311828198,454.8343979182641,54.173123426771845
1588,4,2.3335703611222236,348.4958016929053,132.8417426688005
1589,1,18.494534317983934,193.8308077348222,62.746478535113766
1589,2,17.247634467856543,19.20734760114695,78.5798495993408
1589,3,6.932477284088694,154.52526471318,80.70104925631328
1589,4,5.138116300913429,164.30470837199175,43.98651824429646
1589,5,9.405479997111662,96.08513065547226,72.29745133817231
1589,6,1.6821504492097485,82.09296703544538,38.17446297045881
1589,7,13.742679369580932,284.41487728283494,62.410850745340575
1589,8,7.631357455819986,260.14305977323005,44.465977738188755
1589,9,9.52119881258596,179.3080336800416,32.15673073469098
1589,10,3.7807364786088478,517.6038950461559,84.4430893419482
1589,11,18.3685862135486,123.3081117264103,46.8405754466721
1589,12,0.9102335179461356,26.95728316594898,39.417598763029545
1590,1,6.115367019361411,199.76616946582322,99.98613775633815
1590,2,19.21753360229561,135.09983009760066,90.36922338113229
1590,3,2.139482345782403,99.89454514721082,59.21638141780049
1590,4,12.644257792598655,42.84096486730223,124.49106621514476
1590,5,3.1422398539926277,208.1305819932867,57.836299800188876
1590,6,2.2287176567112397,398.6194102686009,20.380944059783918
1590,7,10.689186322112294,249.20574465101083,8.170318325939888
1590,8,2.4950320005756215,434.45417408826745,47.36673430216012
1590,9,8.879402393494228,154.7117524905167,48.683924358390996
1590,10,11.535594536265382,99.83166041978654,48.827655149951546
1590,11,4.1714354761720545,233.15518145186994,70.25344018541946
1591,1,18.937128557008556,18.939331681132188,78.90440038350506
1591,2,17.357238063452513,51.4632880387278,39.652828828206665
1591,3,6.240415217645111,363.06392926079513,13.922342883816214
1592,1,11.854026853929174,161.7846467206206,4.554448435242179
1592,2,18.876118636657917,197.9356021706163,125.30780949879225
1592,3,4.499531907753029,246.92937666949575,4.286037714304186
1592,4,4.87309869931175,158.48933184460742,74.97131396310236
1592,5,11.904312584792976,117.78672736690126,23.24670209322964
1592,6,2.008508957201702,108.2184397892574,20.240040869944057
1592,7,18.33531587888561,140.31264432004116,34.417466435393266
1592,8,11.4688302528144,405.00660288629723,103.85203829918694
1593,1,26.73810847226694,146.0889366337924,80.81482345268968
1593,2,19.126535264871592,129.21035008536458,38.717199785521245
1593,3,5.7448417004418575,113.72730638778314,69.86323386006474
1593,4,9.363162120697373,388.7244489862837,22.257673407381574
1593,5,15.271395985877849,306.7315176466186,38.74197424919601
1593,6,8.215835858968022,273.10962823999307,22.311321162726333
1593,7,7.454079337593859,4.275960012167275,13.63596008779568
1593,8,2.7577686747346206,59.393829909378695,20.26874271659537
1594,1,1.559484137707937,241.78566955775904,50.54465631592106
1594,2,15.83042083913082,237.22378677557242,49.05017619980739
1594,3,8.737591323315606,295.4059662307592,71.13239920504822
1594,4,8.150027795729583,416.2108288899671,83.69263439077373
1594,5,16.736742861730953,63.00215936905798,29.468402382982894
1594,6,20.615944817760244,355.9740401267677,6.587410401181579
1595,1,12.346764092864685,494.2753987816521,30.35527475091065
1595,2,19.109314893962786,287.562067141913,34.62960735103186
1595,3,21.135117534446934,113.0182558913277,24.176378465290895
1595,4,2.826052146769828,333.1375779549393,11.927934235789493
1595,5,8.988181383249914,147.9749647011455,29.042267985574597
1595,6,8.408825892157747,137.20813795623684,113.40528205965461
1595,7,13.09132651742361,213.39314335323252,33.412761481467186
1595,8,1.2179771562705461,105.81451295583855,49.079028317337865
1595,9,9.566532821394558,222.73704007292267,108.50134144513272
1595,10,6.861529737239371,411.51312065850374,41.87551599463637
1596,1,11.395795240880515,450.61819814473233,43.48002689367205
1596,2,9.397015428678273,42.2908863328656,45.13853160666818
1596,3,22.191579737749745,403.1494033638377,42.693837877942016
1597,1,6.915954015589432,299.89175931729363,43.43760789102753
1597,2,10.183066142904936,127.42225566717681,115.46501218304874
1597,3,11.32423135156169,376.7391355827706,64.95280866957408
1597,4,17.84232629096575,327.63422203715993,83.74662142125464
1597,5,13.254978024212258,28.741277747433116,12.292814757910392
1597,6,2.8224581333406746,376.48568754944097,76.01901835827053
1597,7,7.684763649969125,418.8029452405872,90.35438364713934
1597,8,13.695596328026381,307.66036184527053,73.80442816582084
1597,9,1.3961021561777471,207.47763021367484,71.8185552633198
1598,1,9.781664938668476,197.56190404167043,79.46568249461184
1598,2,12.585757310980886,413.3938610513861,44.651243059136036
1598,3,17.007711862168073,151.14112193754346,125.73985282868206
1599,1,8.670525795069453,322.1367570946879,37.023167437963764
1599,2,0.264453105999781,192.09398400144607,12.17020765055566
1599,3,6.9657495505588685,259.6474675494161,25.987431418469818
1599,4,6.39302789179332,122.44896835918546,21.536677617108335
1599,5,22.962233265153873,237.88777200789124,12.081944369685765
1599,6,4.770652778712133,218.81679890459964,108.17864410548063
1599,7,13.580805244260123,583.2730978904615,26.92313165315676
1599,8,13.69657785611217,25.070308452603285,20.502814920546598
1599,9,8.728047742240577,374.74334634108214,117.31628494583084
1599,10,10.390959876806011,64.32906205639074,38.13201460591179
1599,11,5.779123825391587,191.7700748150915,26.50759282425609
1600,1,2.642657846600862,256.80413560053796,57.738055309305494
1600,2,18.413894598724966,204.55592838099807,46.10556688735455
1600,3,6.100071160201289,423.68429682250667,44.24733257077635
1600,4,13.578193670479699,196.9426334629659,42.655511104688244
1600,5,7.694742926251431,191.62174937857432,69.14185082863082
1600,6,4.43472604625838,220.25408417498693,64.03043493304523
1600,7,3.3237441947950606,275.5807430529493,64.35690959716479
1600,8,4.407244965545244,21.787878525418137,17.515484901701292
1601,1,10.947638279223087,70.72269712203337,62.36505790779478
1601,2,4.934035639682567,191.3111364209194,63.0911182630516
1601,3,8.755091764956111,226.76205863194875,54.4016232290709
1601,4,13.943051674974175,274.31169713547905,36.71408906254089
1602,1,7.660788227701679,44.24871479991435,1.2050079938975102
1602,2,11.681571259543428,143.28868574954285,9.921551752474002
1602,3,12.028482412537034,313.2681235025434,96.60754047651523
1602,4,13.720725952674941,105.3413921012124,77.36987579299216
1602,5,11.96872028704435,61.239159631718735,11.664811954393961
1602,6,15.944178672084316,247.05198434059065,60.30637023679763
1602,7,10.44376543764387,290.2805499591989,29.529018951851896
1602,8,9.108976449176266,311.7557178956231,51.47360452577616
1602,9,4.755076786233912,96.78842148151661,51.791630093974256
1602,10,8.095776018598439,462.64668296247254,43.046984108085866
1603,1,13.39862804200542,369.8734545034506,6.980388966669793
1603,2,4.303868462431284,253.03651107264295,117.46487466133419
1603,3,16.210672572629296,253.43382010998286,60.32916311877831
1603,4,17.881706111326828,55.30446208806637,61.96708971928267
1603,5,13.286579804879835,160.42509598139972,44.727148187212286
1603,6,1.272538773725298,117.43923086854743,44.5847104936758
1603,7,14.708337713352137,218.61409434107992,44.63336381760952
1604,1,6.073785103177951,354.6507715197754,39.02186001850838
1604,2,17.898120463978685,438.20529149931093,41.78969448404359
1604,3,0.7910050722607718,226.6076419294449,69.26434292798228
1604,4,1.4854196339589176,212.3161584719907,127.98592018878921
1605,1,13.021873168564412,204.42178795025941,34.006804418712306
1605,2,14.016536439521202,145.5965926137567,10.196298199758012
1605,3,14.743499093775316,97.20032443275306,80.02792462191888
1605,4,12.524972200217299,194.14078096796726,38.2360348404278
1605,5,3.39348393981716,339.14859472926514,27.267643668580213
1605,6,15.949106253397538,209.74190726242813,26.94847713505962
1605,7,13.508617943020004,332.6201376353238,2.727104210762967
1605,8,0.7104513701246145,188.27133043148635,33.848562963036045
1606,1,4.188439512594677,378.49988322329193,44.74504839535113
1606,2,12.911499561487817,69.86514996118257,100.4889684800853
1606,3,12.450554520509607,173.07236038208126,61.43166865429147
1606,4,2.191904239510894,255.9693496048546,109.47308793262968
1606,5,12.206954973280641,227.92145142760515,37.31875057249653
1606,6,17.579331304967276,384.6513965870963,32.72223860393112
1606,7,12.510528006278479,234.83216546310774,66.07084689827802
1606,8,4.59092286071108,371.41646377000154,72.6087379128829
1606,9,18.41683749882292,32.69841937869444,7.736537022938677
1606,10,24.415764926216035,372.0693935407291,17.396493869688783
1606,11,16.077068278495837,130.12786662869286,17.948381035876565
1606,12,4.701753945365304,196.70167461269688,112.43204627320367
1607,1,6.582107037203453,380.98257451691677,59.03679749357472
1607,2,7.107974308508595,260.5174670753087,91.64056269708495
1607,3,4.907863221383227,71.21071582205212,82.68585187349207
1607,4,16.747224188416634,183.72599956509163,42.52154222013645
1607,5,16.2236570583052,80.43088975795614,45.444446154104256
1607,6,10.78480773308217,216.93619397439718,87.300734889539
1607,7,15.617897288601975,449.7129863190696,60.64824833571615
1607,8,25.48125199961818,375.676655180554,54.448616887280295
1608,1,2.2580119732839288,133.78647492797688,74.43054173640846
1608,2,18.405586631904644,42.88053132669788,33.16736534522475
1608,3,28.47435672418077,284.4744638046121,102.3057600044391
1608,4,21.407321748652308,127.36459869956093,143.64706715652096
1608,5,2.1660258961845305,276.3344786122185,63.814678100775446
1608,6,2.276646525403189,88.69938091549908,25.464946997975716
1608,7,0.1153917135220226,12.002049129806238,37.15619569021187
1608,8,6.602796469652089,101.53112428672138,83.28730439086002
1608,9,4.74433548020026,240.1848774222532,49.95852091928059
1608,10,7.792144819373144,5.21392740198209,43.167372527867315
1608,11,5.508790895438771,344.2265856843516,75.54218591109978
1608,12,5.883915467891065,65.99976327391002,14.233414133642093
1609,1,13.75179610637161,491.0112956100588,17.660558602709756
1609,2,0.3108690594222683,318.22731920269104,67.18616040629047
1609,3,7.11699294196144,103.24247493143292,46.93400866905132
1610,1,17.092312698193034,76.00341438401351,116.09284618577357
1610,2,5.9437640552228075,56.52933428830323,133.96334693505736
1610,3,12.798527970983248,123.4933579506258,124.11594964903101
1611,1,10.733948191156799,326.2763465006488,111.0450878482916
1611,2,5.538610387496027,550.7256013711184,48.049627021376644
1611,3,8.431104684313013,284.2587130873381,62.43162066787064
1611,4,11.784187124252323,499.42417124133954,59.894824343022876
1611,5,3.1100800397282713,74.036767152438,108.90498728107168
1611,6,14.78680407755975,33.452344171091,14.221009212257556
1611,7,10.175381857930327,292.4732562182273,22.878094262144074
1611,8,1.7611917450325265,31.224239763153832,115.83004389230847
1612,1,9.460484366524003,128.32801135480116,58.780806174870165
1612,2,16.07958000852713,394.39147964872336,25.907273584665354
1612,3,17.06863140963167,350.60587841482186,168.45850065140993
1612,4,19.918130589890783,481.7477570135374,129.6975853788413
1613,1,5.320697814345833,2.343676876415799,45.12402973465594
1613,2,18.0654126617421,135.07584592926844,26.91266746325248
1613,3,7.869157716851382,513.1373393046515,71.06721277125463
1613,4,5.047169036608608,462.3882544543427,55.293434248715876
1613,5,4.131553468320549,126.75696418199072,17.31459312674867
1613,6,9.09038175771832,190.59395784373453,57.984552498134185
1613,7,6.269139307190406,292.6512720462278,114.18061307949543
1613,8,5.897813642870469,394.45793179212876,58.16186404390619
1613,9,8.94132045940649,311.26938202127417,70.04491878233372
1613,10,14.528586093887455,96.68314973575127,10.049870971084296
1613,11,4.756620863659746,261.6708949325605,13.751931144594181
1613,12,5.996240073834633,185.3586664199758,0.8282434304264825
1614,1,3.5861446257952254,93.37894414297352,14.299826951020606
1614,2,9.474571459470855,163.37273425815545,33.40911845893223
1614,3,7.7256737536238935,124.2514381084081,48.61585880962814
1614,4,9.228415246961784,241.2470783279976,41.961509981416
1614,5,6.9643821451070345,316.73334754061295,74.11493917734815
1614,6,9.773020157804163,379.2655137149866,53.30595968976399
1614,7,8.87179149150536,189.71127658176394,56.60469186503681
1614,8,3.5795995604942608,81.04418873532347,61.2588455273128
1614,9,15.838250680476445,49.85623416368131,92.92291068093994
1614,10,1.5251908426257224,116.18175908920772,118.2406328886997
1614,11,12.491555401098346,154.62836864242465,60.09143341192914
1615,1,18.374402394755315,352.0666849268064,33.14451824685023
1615,2,12.910342675937407,46.528413989274014,53.330765661776844
1615,3,11.241844803873862,12.202758448884765,38.039124022967044
1615,4,20.280044799275792,194.30244989345778,74.96664337122928
1615,5,26.72781536035333,131.78462298246228,84.01718961964166
1615,6,8.697380381729335,365.95109648007855,48.251627474755495
1615,7,17.392143596468557,406.02386561889693,41.860693419999066
1615,8,17.37791824249151,57.711863854799105,55.16365141172986
1615,9,19.16119270077277,557.0608244011005,0.49459646827492065
1615,10,2.102807432300022,121.33848322066954,56.58017919610432
1615,11,5.462498687204853,333.9486385401528,38.72635365122546
1616,1,3.903119499303836,309.43447479397105,66.65208848306682
1616,2,14.321262867534557,342.4424935407241,57.14035477994538
1616,3,8.525043509801648,78.36397301006278,32.27543158092332
1616,4,18.44546233665389,74.33155641522269,23.723830894932746
1616,5,3.0872695128754097,290.90640195365535,37.88591025583599
1616,6,14.231455594160519,100.06916206470777,69.30167649613524
1616,7,11.848759987945483,350.7039330102497,18.43980890388042
1616,8,13.682302535378781,378.53953603680657,49.82465832356517
1616,9,16.307635875353427,228.561145122707,39.48262498905777
1616,10,15.747108787062151,486.9196378373725,27.686354311284397
1616,11,9.38587833088637,51.397181781012335,56.20854177784537
1616,12,8.90520441384708,373.7677915055282,106.78992674659517
1617,1,2.9606448763104316,304.40114862688426,16.961939105760976
1617,2,6.394104692802802,206.40663131012317,82.96896944945587
1617,3,9.691971789117842,262.01788228286654,107.34182954280448
1617,4,11.828823566571605,105.34936310011399,77.9039028376896
1617,5,6.17404929811562,156.84273525299847,72.54204020000346
1617,6,14.100617804735329,172.81630006515442,37.48616181481317
1617,7,22.789577715408846,128.86342573588684,64.59322319371054
1617,8,10.119181719823544,136.68288503271233,61.52922093763609
1617,9,3.174620861222569,4.610112152317782,91.64405803536351
1618,1,5.288799547314172,170.60692836091226,97.11720075477838
1618,2,7.551034160413585,188.92205912622836,64.42958078687928
1618,3,23.847396433872255,79.21708514434434,33.197177683832045
1618,4,6.1772248161751655,105.44585918823131,47.631151683619365
1618,5,17.818379083421945,144.15205559677972,125.26829497356259
1618,6,19.216656274367914,183.89502633198734,20.710004121470263
1618,7,15.188799936075299,423.103928561473,91.5100522869655
1618,8,5.201198870479037,177.32239938024787,8.059223858839587
1618,9,0.7789584056936043,344.22637626668615,73.68743670329397
1619,1,9.24200148289271,24.21480955507792,99.23392714078837
1619,2,12.204896999941687,249.81945204397172,7.4312614324130095
1619,3,15.453008279310389,59.6903047349806,27.843619553059714
1619,4,10.87806530184288,112.85817980569249,18.306787578976845
1619,5,9.649052910975513,351.5010205601095,85.8030505329145
1619,6,14.95190883794289,272.93597503367073,30.97743763034544
1620,1,21.879554240543868,243.56946452917242,52.3320305530442
1620,2,13.598698652273459,42.076545323452564,158.9357567610377
1620,3,23.75296612134911,345.2422921715667,62.674574377624154
1620,4,0.3582022830404057,204.27354453159924,69.95017315790608
1620,5,2.821502487891964,118.17704114395006,30.600323385419482
1620,6,5.623630970999829,452.85117793301566,43.395080139250865
1620,7,19.453307527844263,126.99802840185319,36.18208429319797
1620,8,10.324881544645578,230.94943857917082,7.939011990556779
1621,1,17.898349758095655,182.53128557450373,110.84537178958738
1621,2,19.33687246901732,172.59311798640823,35.2904118567098
1621,3,7.554648023357268,220.22823935388627,3.0598614966961435
1621,4,0.4914025480047606,140.72421477446863,49.15388107149788
1621,5,24.2721945460866,98.57769234147327,42.63348490102891
1621,6,8.500548194229637,177.19006242136248,100.2720499758677
1621,7,3.7811798697968326,91.93797895009533,28.628677940164824
1621,8,5.325159647661568,134.63695120611544,59.819469180140814
1621,9,1.6979116095488997,187.5350727665296,35.486397647273265
1621,10,2.4818882002722304,333.5940764285275,38.741603850339715
1622,1,22.358614461265518,251.1488668500836,22.042793319240094
1622,2,7.68160746569386,21.4267754054531,58.92763875552393
1622,3,9.189121148867349,309.40307302056135,91.04783776191368
1622,4,19.443840890295156,328.97246489250176,41.33807085703514
1622,5,0.49225781463453977,155.95291442177466,48.06013849423378
1622,6,12.767068671234965,115.83468377811265,1.9530502749229584
1622,7,11.79291175179455,562.5830733169119,107.06840355794512
1622,8,18.337034639257595,144.61259016251,19.950290231261643
1622,9,15.335558740179145,389.102550003706,39.50367478913268
1623,1,5.9094653708834946,260.3509595235082,84.14196893212058
1623,2,11.213154155402586,96.2787229741232,49.16252205052132
1623,3,22.293677062078515,249.96053248714674,99.60942813099635
1623,4,6.399628329183008,239.39614553193164,81.77260169806183
1623,5,20.48430375111986,384.1383094609239,5.229307875382716
1623,6,18.062966630997614,452.9000367220144,27.004220686535337
1623,7,3.738731141831364,196.33480751570022,57.17990812332225
1623,8,7.549515869443229,21.989776643365104,108.89624056312712
1623,9,3.9802751284516047,123.96086383973791,54.36501811061446
1623,10,0.3073606796539803,32.33411525436958,32.732572002737456
1623,11,15.779411292263617,228.20052695725903,32.375838380830345
1624,1,15.575409229609273,285.02108061890266,68.98754785444314
1624,2,18.87676201693878,535.5007030736482,72.34456399509453
1624,3,10.844439388237264,352.5962827309488,40.98898186289423
1624,4,1.574165785681112,297.96099398415936,13.775176941209757
1624,5,4.494950796094914,10.139789048083799,50.465763620177526
1625,1,0.7580552287947881,270.8611138528224,96.28706923001685
1625,2,6.948609692643467,67.29113924704495,18.292938078647715
1625,3,6.42224011183286,73.84920162235578,99.27912921400846
1625,4,1.863418446195702,120.76212753884396,55.89325932041378
1625,5,10.868910851812638,75.57584651378268,102.61946763889155
1625,6,15.33478545376097,55.537126112683666,44.17884890336393
1625,7,5.862046454372453,273.0015911849499,109.2225268956937
1626,1,1.3617742328104505,228.39557879306625,9.444121982857666
1626,2,2.8174878843829205,311.7183175046317,22.82434259800192
1626,3,3.135931968623364,91.59643151131318,16.80916117550195
1627,1,1.163439591106302,464.1838661688775,109.55157185871296
1627,2,7.598385125538551,125.82660738305819,95.61725743919834
1627,3,5.769393545048765,300.0539969257705,5.732648966754567
1627,4,11.181886950212663,129.23972700546875,68.35790132928315
1627,5,19.033900362124484,109.18975907084942,7.361761921370814
1627,6,7.91298751493518,400.6263005333633,55.28879429229769
1627,7,9.476440234385159,373.0750691961943,70.73628385512855
1627,8,26.244677111022945,36.333297650532074,49.63494430713707
1627,9,0.32173095823116427,36.408238423027626,102.54088407371245
1627,10,3.682273513568557,434.8741852112859,5.662406552753517
1628,1,9.352115752527952,289.8651519624616,29.907355959933106
1628,2,24.15269103594519,468.98024697069616,42.13482929409662
1628,3,14.13847572569878,88.50527716984955,75.87546223255848
1629,1,7.341353859159266,339.9277518518086,49.3225915520742
1629,2,15.467034844292819,182.40708613444588,75.91446279928182
1629,3,10.116626294549434,24.883492143881767,58.54365357909215
1629,4,15.718847413266715,239.95312393141893,7.596177672602174
1629,5,11.562385695764293,277.67035578259384,33.74807646498516
1629,6,10.986002514269927,127.12421415585852,0.4857250404456792
1629,7,9.30842943708551,12.28855528592274,1.6376664848129892
1629,8,15.417381236401532,224.45921817385883,69.71080135724239
1629,9,6.005885316513729,128.01268027551342,24.469828012539434
1629,10,6.451695443291517,130.89025236524367,10.229835195315935
1629,11,5.021009018713087,229.22947614553976,9.990016277455979
1629,12,12.288956403003628,35.48396952511669,62.143423872492335
1630,1,2.8132767764677675,152.11995897499474,9.963176543113661
1630,2,12.182246451899681,376.9962038679229,52.42135908963725
1630,3,7.817061875641317,120.46048892191499,61.84100479857402
1630,4,4.45394814419516,150.63048461067444,20.48855282764046
1631,1,9.609068110311965,128.26731965913467,48.6520990318119
1631,2,17.87725520711962,359.8045162758391,53.8083071350124
1631,3,12.14094491770858,155.20186742905344,49.237269649306796
1632,1,6.296974236299624,449.4737292642697,83.50794822286662
1632,2,5.636293298312648,123.81201077082096,63.030739111902406
1632,3,12.206938638584488,194.22880055110912,21.858529764968328
1632,4,6.171822973989741,196.41511353942732,13.423372883373403
1632,5,13.483193677246492,238.6614965917892,12.563943763883628
1632,6,13.394151084045678,57.096588121398554,64.7547376660608
1632,7,16.285434167128223,259.14888383623895,74.10547073728895
1632,8,14.662731915132149,259.32876981686303,47.87325490159886
1632,9,7.764839350114109,371.8836576583087,74.28103798521386
1633,1,25.21494415623114,372.45635357251933,88.62537068196146
1633,2,1.959226183924624,64.2676964386857,75.00113519887101
1633,3,4.563143180089904,25.824582695335693,81.8392108443233
1633,4,18.33088971517944,521.3313720616627,36.62739877061061
1633,5,3.933028908165631,84.81489125947857,68.07727104077728
1633,6,8.594499269227617,3.2181148449969044,70.9902681421434
1633,7,2.819523047602777,311.71461328137843,78.24822544470628
1633,8,7.92232373507769,242.83069289612519,38.32914738927091
1633,9,9.50455227438513,7.815148252491014,85.78722430468139
1634,1,9.119050058411489,328.2801279379339,13.81413168321911
1634,2,15.13149801475546,24.415549371332133,60.22274085170966
1634,3,11.839964298713909,270.31084225199896,9.668740996217338
1635,1,3.3784003635058015,423.0425352903378,44.344850587561425
1635,2,13.9696088377281,264.959999278754,158.65834660927993
1635,3,8.590615165363388,50.166177950832775,22.82682498307829
1635,4,16.928641488529863,237.58538170968296,31.184577129845877
1635,5,12.400981537837207,399.26610808429473,116.37185760272752
1635,6,12.58327987488693,370.27914007039647,6.893646231545858
1635,7,14.354990662523448,172.92018317831085,4.051145511635816
1635,8,3.4754429598262924,77.55781823857923,61.730240878583444
1635,9,2.249771659267248,306.2808449194092,88.55661200670463
1635,10,9.165652199044128,169.02386638279674,56.25383265616303
1636,1,8.066191558757659,82.26005675913763,88.49597478724088
1636,2,2.4134985540374956,259.77282689846237,40.956418341049414
1636,3,14.013938129926295,222.72951795566752,10.63660855184424
1636,4,13.958149098090257,193.47940773481997,40.88318836641702
1636,5,11.601309997290135,373.25771506098306,35.73920932159545
1636,6,12.619530777264323,231.72699305829735,32.926023885852594
1636,7,5.899346885991081,48.63203040171064,70.0964169839497
1637,1,5.834005867039238,64.28680740427296,85.6001821373755
1637,2,10.695141690227723,356.92464717193144,111.91596187348517
1637,3,9.146936161303898,331.36954493606453,91.34613917966648
1637,4,11.111249074574147,493.7135345367055,91.82173433541398
1637,5,5.902283920035085,239.01190277225868,84.4067561200822
1637,6,23.440625942985218,293.1284884449329,61.57840480565065
1637,7,18.846700355303803,167.0818611782834,10.400715798458968
1637,8,14.926294507597069,143.27476126130327,158.63075748481668
1637,9,11.770789538432314,306.48034816967436,24.866996151511746
1638,1,14.142168148478735,226.74023386508856,14.52344169993389
1638,2,8.823005896782805,383.17160806371214,75.76923797926017
1638,3,17.734983412473937,341.03452253627626,27.218090744679373
1638,4,0.9147947212710807,327.0881175638429,43.20312464452584
1638,5,14.83326416072808,410.0579143268835,35.8328739795059
1638,6,4.663973856100574,46.80578012258454,49.12711490842699
1638,7,0.11516097547680282,252.8750988977509,66.00009664961304
1638,8,12.762141989666581,53.484383734527995,97.6042998851533
1638,9,10.892695470356772,132.45685942704284,75.98258351637062
1638,10,14.455934441403873,28.149822318825272,48.02068827733442
1638,11,5.801934063373445,137.1390120960087,70.92782657019181
1639,1,3.9056534141544628,36.09562091508698,86.55369546249214
1639,2,15.94082011640603,116.10428469801444,26.995327694879464
1639,3,2.4947366819915686,430.1622257608864,55.570746642079484
1639,4,4.637450764597728,404.93467180507935,42.589681268675115
1639,5,10.093500836973282,558.6243612928965,86.84605832005983
1639,6,8.00141379676326,255.48980105728174,72.03907521179715
1639,7,15.750696828699361,44.509941618604245,115.18477932003167
1639,8,19.97027257501923,60.65973887652825,49.42278444848572
1639,9,10.523198603470611,224.04912716823702,81.01877544508982
1639,10,7.677077388497851,264.8003207593232,75.32305448235483
1640,1,13.469511896758238,90.9573130958057,8.238531756423775
1640,2,16.157713721515304,15.515607843976426,95.1225148662812
1640,3,14.677737434459267,267.0115293666928,2.8047139602488897
1640,4,2.7939010526813597,91.74089399904058,51.56757097778123
1640,5,6.3678365427622765,328.2205192707023,130.4712006929387
1640,6,10.832379293568847,204.873111793966,25.974684020419318
1640,7,16.277376594413987,31.813730179391513,57.648707858999124
1640,8,22.88430170721131,224.5886292051293,38.41763017623865
1640,9,20.73258217034138,486.2228698503945,110.1151297769774
1640,10,9.410797042618038,326.9685589672612,110.84202361558371
1640,11,6.547382151291078,67.88839752072974,66.91016825049327
1640,12,2.883804346626187,20.835437725106033,27.726672691816418
1641,1,4.083167793547948,111.48908051326072,77.98668372473333
1641,2,3.3527465980206834,183.38796187347748,136.22252133131843
1641,3,10.261697359491732,315.30954539025333,93.02626583404566
1641,4,3.5285813602071103,160.98013747943406,48.578123155937824
1641,5,5.08023448043766,378.24100944995837,103.25923639211852
1641,6,9.093414818439326,274.8291035236522,84.18450819982752
1641,7,11.97084631364357,113.565842899137,49.336720387312326
1642,1,10.722730199314022,178.05368322959094,61.08607645369824
1642,2,0.3793530083316803,337.08835552173673,49.199982436386094
1642,3,8.150821625445662,259.5774872585513,62.98514005946251
1642,4,10.179886971010664,117.63800086736396,41.33730643873473
1642,5,10.186797777403193,473.2601363354488,54.55910813900928
1643,1,14.664352999399076,469.20974133223586,13.631555442941206
1643,2,4.73421681257367,192.51377486898247,30.259424403616503
1643,3,6.78505666064506,504.2643984238731,55.08170807291387
1643,4,4.5072019655154305,141.49748739540638,66.1956623740073
1643,5,12.36157309311789,113.41043743759276,15.12126765441279
1643,6,9.646218183848555,188.3607611940545,24.15479115601643
1643,7,18.95845836246075,286.1866851275318,55.39273459606828
1643,8,7.47502095228949,459.95429352180656,3.8210863658328122
1643,9,6.523827552431198,132.14478730423016,61.958424535478386
1643,10,14.626193812621285,0.4861928454879205,22.615599013828284
1643,11,13.133510751537,100.22800905557717,33.92895653348036
1643,12,11.208512915189585,53.01117789650942,61.10445290850802
1644,1,14.287918857150798,232.63351199367017,65.17800901587775
1644,2,8.657940763685446,242.5192208369961,20.357900581313228
1644,3,1.4810233174553584,106.6269648512418,52.23915479983403
1644,4,9.349815169780593,135.72865809238078,108.03156156287113
1644,5,14.524014809156823,222.79014708542664,18.269915213712522
1645,1,21.928590023875337,299.29849969459167,99.23869282950629
1645,2,17.093424835643944,93.68005611945203,126.47952952789925
1645,3,2.4323398158869587,249.87460828425375,32.386002430731
1646,1,1.9931532878495872,187.11905849563266,101.72122123413502
1646,2,1.3225025169896387,311.6307793895386,2.000557828953255
1646,3,6.275335352331501,97.00534684394859,62.06344998268976
1646,4,4.6108497644179955,99.53058747519844,55.53275680136412
1647,1,17.419982006532344,450.7048600173462,76.57677324661898
1647,2,1.510663285643389,292.58124987803694,21.728312371205654
1647,3,6.546824360631096,185.99413456615923,26.86136008391456
1647,4,13.429251946472572,69.25254080755485,62.149180357781646
1647,5,15.297277395339446,190.0559971986412,52.768840919086536
1647,6,10.632600896695834,219.31108647682655,45.8735710551377
1647,7,8.940621262855842,181.7207215215257,57.442711715006276
1647,8,6.9734504949832266,178.0290483150221,89.66736623741107
1647,9,24.04710374293478,569.1609380405781,55.351640632481676
1647,10,2.7820715035087247,163.47116689263297,55.830598228711835
1648,1,17.575446276120857,3.6242105816257606,23.869100580763977
1648,2,16.771857875382683,35.73346959215712,28.09768863591313
1648,3,13.04244496756637,29.688969353030387,123.07697447242941
1648,4,16.024207871920055,456.64528432277945,49.08990986456573
1648,5,20.64652343917731,219.2776067947703,38.633802271173565
1648,6,2.1055516225576856,239.0128286196321,23.22393610814109
1648,7,5.006069886128921,220.65047804143123,119.66220276408824
1648,8,19.20546864093558,322.6509228608147,48.169977630110054
1648,9,10.584119853648177,419.2146722056275,70.13565591903183
1648,10,8.660786204726652,567.1946568402929,48.759152422856374
1649,1,10.363096171915133,182.00502513371788,6.497085377997749
1649,2,8.97281735607736,23.545852771682434,37.291516219799135
1649,3,7.507171192978063,472.5283486861793,114.37470563669508
1649,4,10.597784481525421,381.70346472060317,34.09030039897357
1649,5,0.009292336530180023,279.1739829121361,64.4553091120595
1650,1,18.201661774371637,323.532248093622,54.45881457054412
1650,2,3.1058151754404557,117.95077045821724,51.1459648369153
1650,3,15.023258867395725,251.1328973762093,25.270306511688364
1650,4,12.806542262542965,455.86603550749464,61.67567117722636
1650,5,14.31371267104124,148.0287655702419,42.32526343795747
1650,6,1.8118025180200412,220.51045461155257,60.35236599247085
1650,7,0.6600969867060122,250.3801627933492,10.450899037667547
1650,8,3.8690342195084337,210.2443289970384,11.614443219039515
1650,9,17.360206789654868,270.98806099744246,123.10140398309099
1651,1,12.738533147771243,387.03568008531226,14.72676251122607
1651,2,5.827766920492771,12.193251815331877,108.60190715966225
1651,3,2.051736694783415,218.15887535882203,149.90467820788908
1651,4,17.96408414248092,384.7198849659464,118.54626141686688
1651,5,11.212227275363604,225.01299991604168,49.88272753038413
1651,6,9.46018861754432,108.12750290969122,105.30637735983078
1651,7,6.312810778453205,157.6391185947439,2.9774110887135663
1652,1,16.9006992923467,396.5764597551166,0.5478260718127999
1652,2,9.430671925025157,66.79357804289614,8.510798969378676
1652,3,18.039849208334118,387.5808996386542,42.13782718563909
1652,4,6.784888469195698,143.46174868319167,20.513463966121634
1652,5,17.642092360877996,127.80397325259692,40.815218760021494
1652,6,12.09245594669906,106.84238699135472,50.69690275194211
1652,7,10.918587494490037,116.79225426156364,135.1493639027263
1652,8,1.5335388533772054,271.4075912610705,8.682615721865126
1652,9,11.91624449978439,34.2930449307689,87.56527248109782
1652,10,12.438416829227233,45.010400427002054,55.630337983620166
1653,1,10.929828366928604,109.94159263818439,4.877213188691073
1653,2,1.9714117231293642,155.00692013780912,89.72480930406674
1653,3,8.902492595108043,169.409012321229,47.89136681928687
1653,4,3.3117349123351714,134.01799289126745,100.13666525443129
1653,5,20.692131506669227,356.5735546030174,80.80458537962424
1653,6,20.833348021366575,36.76461974293284,158.92491953395609
1653,7,4.396770253597161,151.259549264538,88.75665650269116
1653,8,15.26615917784394,24.930925468330287,7.606183093350943
1653,9,19.600276231798123,163.38945856837108,75.52536346692702
1654,1,6.737107482108921,308.63448982184184,34.49128004542018
1654,2,20.51579391288877,162.8031995964807,28.344185515321946
1654,3,16.213187801347367,385.9659644962844,114.78520939255147
1655,1,22.740257824015412,229.0513942538802,31.52035277342653
1655,2,9.738571021197396,12.789519182758568,36.17215146201605
1655,3,14.292745206715411,253.0215187479405,69.8029025483202
1655,4,1.353686136481281,304.2959570193904,28.045834327089352
1655,5,8.427254140902537,90.75812990196927,110.43755384142334
1655,6,0.7226999473202511,184.6307594360652,2.7682652603836857
1656,1,10.470333199496658,347.8114036114877,70.50995414711733
1656,2,5.245340291314005,303.05134873686524,29.422911306478543
1656,3,9.02923338025873,66.5466987441346,93.23233173353793
1656,4,12.06193484342268,156.2487720290199,63.18294392677244
1656,5,10.640259918093513,246.2553799839223,80.89619520405142
1656,6,12.206875092401866,77.03380086271345,19.503750237348555
1656,7,15.322177708213768,115.77106925540012,94.6832472380601
1656,8,0.29194145386841974,61.25996542182821,45.07021329042438
1656,9,10.760816310750934,342.4133753180447,91.87470711334532
1656,10,9.648773134059095,312.99637372636965,23.67043378779229
1656,11,7.677550157870799,321.0840451206466,52.85168205402647
1657,1,20.19351478583566,174.56360384318003,20.393830450215845
1657,2,9.552447243867958,208.08085675060627,14.23605867950075
1657,3,6.645116351602322,305.1468694506078,85.06838507571712
1657,4,1.622819735054982,95.6064461316527,81.84731857587039
1657,5,1.1459704560697457,180.44000509264137,0.19245333690984978
1657,6,3.774276716118303,252.9164818097566,75.1023689708283
1657,7,17.334057752519115,619.4868937005306,42.417813973412635
1657,8,9.029951946988428,392.08291146167784,95.04754729116661
1657,9,13.81234790529965,142.21571648628594,79.64686685872883
1657,10,5.87704208874741,101.06657663711029,61.08245972107866
1657,11,24.482236828632576,157.37025716432015,52.34701650898962
1658,1,8.94179050774039,390.17242722817394,92.30041598480659
1658,2,1.1263148246721695,366.3386537745194,71.04909200630695
1658,3,13.0660685490148,542.920800933819,25.02068028864651
1658,4,16.815123617585947,205.7722355212996,115.05460176313287
1658,5,12.441886663822277,122.12145371796929,23.821141395540995
1658,6,11.62888960351123,81.21026510060719,66.41253772679079
1658,7,19.21193142238956,369.7763448020738,50.05158457787361
1658,8,14.974835904650561,314.85343262531705,52.058042700745325
1658,9,2.2136081113182122,251.96654353416918,39.675682466813754
1659,1,24.071884363296462,381.01120286649234,51.29474603611481
1659,2,5.54539142265503,157.89463428178135,104.97974616876733
1659,3,10.893028694050914,300.1283601040132,30.63599584886058
1659,4,3.4926947731837785,298.1031060111908,62.910953553911014
1659,5,16.772486446721942,212.61401919195248,146.79561404622604
1659,6,3.406306561019451,36.89563366885477,42.65832667190192
1659,7,7.934912172991618,170.7337345921999,46.07085006915944
1659,8,7.7503246921196425,118.23316788217025,10.374370412677834
1659,9,13.892625716547956,378.7636795171207,181.79075152810287
1659,10,12.582427996016325,369.3318885310391,58.67737256592167
1660,1,14.943193561019669,186.9019757030573,45.56820242211221
1660,2,13.988644889240328,125.67409081379884,40.50411548016989
1660,3,2.981368121674219,246.87006015467296,38.60554049276827
1660,4,28.5912227938936,335.2799962489854,65.90160079230708
1660,5,1.3633963826742406,101.24389908275785,89.49395812501677
1660,6,11.437817560438184,58.22825820007006,2.6399488324783107
1661,1,13.77854748492678,91.55124078335388,38.950238593004855
1661,2,1.9629336889405327,111.30578244364419,95.44264768989419
1661,3,14.559839537214064,136.8889707722047,82.11315647676768
1662,1,6.631040996887881,206.7033068651046,38.99212624578804
1662,2,16.71105804924676,312.2653863122821,37.00822494611247
1662,3,7.017058430814766,121.98241103519328,28.350114967296832
1662,4,15.638948655951975,403.25870660712235,80.14337305423972
1662,5,4.919305747398487,77.57924347683677,108.45531642280955
1662,6,10.57045108536008,89.90202529665427,53.68992239442988
1662,7,0.629615291575913,23.154127602308478,25.51578854770121
1662,8,16.266122135714916,157.0050214671439,77.87666211065601
1662,9,11.25960991366263,6.7235987102691865,112.99531064047115
1663,1,1.513760461811012,202.61302378531101,54.66418745851772
1663,2,18.30300129174661,396.9971213616434,47.37391182782048
1663,3,0.7309819769131884,207.53181753311912,10.180859325418645
1663,4,9.380886613156292,147.26407458404202,7.692049461273157
1663,5,3.8082025262490937,391.62624687592495,37.05372573639542
1663,6,6.788861183453008,280.6606849028026,115.56847356786696
1663,7,5.914921028423073,375.5183152114149,49.933583275524434
1663,8,23.520498522101178,360.01831778152086,35.40986987499392
1663,9,11.939894344560749,79.81127462701023,56.513212967598506
1663,10,4.206613013605729,96.57892551084149,96.82226473720023
1664,1,11.598170200539844,153.60123002538873,35.768797385788965
1664,2,5.875852968601517,105.90493553581875,15.398130020635485
1664,3,0.3301773568593731,188.64891726706014,11.923124479501773
1664,4,21.62365190363399,0.6633327485509142,33.83873464482117
1664,5,15.13853365593777,121.23297159484383,80.96066041569955
1664,6,4.2279526340460825,37.83817001306528,73.39835192088731
1664,7,14.892854514260154,34.09224739518319,36.590671778113446
1664,8,18.457602620120177,133.4027640233812,9.829758988117234
1664,9,9.128735045806746,185.98149949289436,39.64968359966253
1665,1,0.3213963541316289,127.73885405859897,18.19692972226058
1665,2,4.438940244438589,336.6547683668972,77.95396047001185
1665,3,4.071298425779666,385.73003158338395,40.08645858104239
1665,4,23.08335320988514,142.5725207480758,32.190634238171924
1665,5,7.469719765091131,64.58084022030349,72.34469464001668
1665,6,5.226123251241431,159.47084941495578,69.08856588010197
1665,7,23.87264597997126,99.58582390789991,28.25633091077368
1665,8,5.747205538301855,267.7733281676664,30.715912758731957
1666,1,15.85630427626656,40.06464205744831,46.22931408987586
1666,2,4.019355132634101,286.7899018261519,121.99427292614037
1666,3,18.267448077747744,96.84078170789438,54.58538459444117
1666,4,20.655836267320232,278.6406148607525,90.40450919554392
1666,5,14.558599862302017,211.4387359435631,47.2213786100596
1666,6,1.523672685415125,85.12779500895778,13.927800791776967
1666,7,7.540575382387793,214.932203317804,45.682635974747825
1666,8,11.511046644230088,299.63528085699454,33.376572981728835
1666,9,15.165976460230837,370.72503262347584,66.60594262644125
1666,10,6.188305838967647,342.0016832209412,69.30592440896976
1666,11,14.33177003875529,430.27572409296437,78.37770733872094
1667,1,21.019897374428076,332.9643077255347,51.17219415885522
1667,2,18.604788433807297,183.66055933085948,129.2466910339993
1667,3,9.167363911379336,149.7499171133926,63.21436936886452
1667,4,1.5898011587614178,235.70657229106715,17.251699776990442
1667,5,16.796281391435784,333.15536218863394,19.574587589708727
1667,6,6.889950854846656,345.48821537842366,127.95331503291128
1668,1,10.077743114080711,1.3268672246286712,56.5346002980202
1668,2,6.37862966553057,212.75194624283245,28.778150877983443
1668,3,0.9563825293283639,353.581723909511,38.13625633302422
1668,4,6.970331669721405,179.12182340807408,23.75012969798627
1668,5,5.392047104452689,415.6551961035293,53.28859138853739
1668,6,6.938487029145549,49.03882141095585,29.513311010491826
1668,7,3.2035088973450376,136.85854471936182,110.77206093795832
1668,8,20.026886141177492,160.87232114113243,22.500406237158536
1668,9,14.045225930938882,367.7947464016743,39.13262523786985
1668,10,24.145616722668485,118.93294479767965,35.70249313827573
1668,11,8.897708025580123,149.41902403437368,4.009258185727276
1668,12,15.41028842513322,157.0613915392107,136.1402297093873
1669,1,15.408663696951326,432.83973715322986,57.282419517184174
1669,2,5.648884464421845,377.6129553685973,104.54016078790166
1669,3,16.51576141830313,291.88410256611513,105.67886627380811
1669,4,12.393798085885123,196.92031762861922,79.02085863995293
1669,5,13.34305769981098,332.79366825021134,44.72254676907314
1669,6,16.36475219915431,328.64246982143925,58.53397104045587
1669,7,4.747890822679972,386.09364778864176,1.613701559662843
1669,8,3.296059590511687,225.20342714410805,50.3159800282269
1669,9,20.800715339214488,202.20383591791366,111.57932970506303
1669,10,22.628235196918126,176.77529879049436,103.95004216601934
1669,11,2.579220009668269,264.99456833205954,31.064414010463157
1670,1,13.07265291457368,137.83186871162945,88.36236186055527
1670,2,11.439736631309493,345.43023901132665,22.777488003727285
1670,3,0.9593412986811884,247.97841862004532,0.14563868345450715
1671,1,17.091285492409394,132.5537410392559,107.07045094552609
1671,2,6.432481969524597,394.94362991371173,80.95690591618666
1671,3,23.181964877241757,135.1098163546908,23.434985879706744
1671,4,8.519618095754701,13.514128635487424,31.541422369659443
1671,5,9.553896633698738,202.55838295237083,67.34937712094518
1671,6,13.439493166601208,348.39707603486045,62.883660514599484
1671,7,5.473485551323364,387.95864272709923,78.51772270134438
1671,8,9.5409710692091,183.81913838150814,25.137631600409073
1671,9,19.055615930275856,205.70064686303814,85.34245757805526
1671,10,3.982702015134697,222.05618472043736,61.43484227193807
1672,1,1.8267995632263716,102.44844762776523,20.682758922533758
1672,2,11.856687378767958,368.26022090662127,15.7218690913002
1672,3,10.601242659514417,55.786097339016294,67.53977867291651
1672,4,27.555955275797196,288.29321165197706,65.59550884345357
1672,5,13.044744876877704,222.37606284880042,38.29013481698339
1672,6,0.8131044287847295,200.13621188709462,46.66039392408001
1672,7,9.114828531562562,235.11265315015262,72.17589727760576
1672,8,12.882915989430376,159.55871490309198,66.45772886139947
1673,1,4.444269282664134,150.46025007531452,78.12806845361501
1673,2,4.357328417813401,144.1525344618284,66.29320576551962
1673,3,17.23661274970695,142.63409641853983,26.16360924261725
1673,4,16.87754927035548,291.9029626721506,55.94894000627171
1673,5,18.26783193756306,492.0508271717101,64.6366711411321
1673,6,5.870897631940351,274.5963659806289,17.202644537888
1673,7,18.69513936325508,94.75258492558739,42.27438296386234
1673,8,4.13626497779629,227.3259898656298,58.69817151740086
1674,1,15.198521679635476,355.382835683868,73.6299484762656
1674,2,17.154261846560622,257.06625679828574,21.471369857754738
1674,3,20.189416569978768,302.39507787719737,71.36880307779158
1674,4,16.32745059927196,160.92582671758242,72.89114037648108
1675,1,9.250852652140779,143.07014846699312,51.35312330961779
1675,2,7.047357433184018,229.71819972951357,88.60823546947167
1675,3,17.416281571860786,346.6407155306848,25.382497167413533
1675,4,3.498636877900708,115.81661953284977,74.12610107196521
1675,5,12.181162150497174,85.68107614317279,93.08128512368404
1676,1,13.316733317826854,131.8586018082513,110.48406842134553
1676,2,22.047463948347268,270.79839336522974,88.06960427084474
1676,3,2.833025874056651,0.2154970912107501,44.34342751762807
1676,4,0.9940758821868663,246.1456563144153,18.65294517418297
1676,5,11.333190648976109,174.03471227715016,75.49409488774529
1676,6,12.284371462767982,139.41152883478745,4.7354266039401125
1676,7,11.13757411501381,61.371481130034226,99.844276433435
1676,8,13.702538562129188,326.4161858430462,11.220638667612121
1676,9,12.4925677348357,100.00957913256748,55.96278852730248
1676,10,3.01094709174056,187.48372090293918,5.141220012527725
1676,11,8.879785867613311,46.65725995304604,119.88454835722467
1677,1,11.122834909482645,155.68279838361238,77.08362115172275
1677,2,9.777386549886714,223.5244883456141,45.83077510155431
1677,3,10.635762063969,436.8676997893755,72.99205408054802
1678,1,3.390505777625034,187.64251737266343,54.297796309662246
1678,2,8.835241483553581,123.07782181703482,75.15531323446359
1678,3,7.141805738936114,27.668077575524563,22.6655159533647
1678,4,10.66924845389655,117.84680156546425,37.008873624330505
1678,5,15.412128418059261,110.46022625393286,46.196221500133554
1679,1,8.631789700642091,145.83253008975424,71.6100353142794
1679,2,12.965752925556439,411.6596996488487,83.49670036035408
1679,3,12.857803942113781,204.29944130307976,31.738671906949335
1679,4,13.52287777434942,248.52342962516613,35.02871865488073
1679,5,3.9303582240835784,192.0352781863608,96.24027853708404
1679,6,10.771451658119084,204.25962629440528,66.92667947596036
1679,7,13.36924398284263,237.33608932721518,48.316786745951546
1679,8,6.44272569714214,350.7285086316541,32.92153350166039
1680,1,21.00630011503098,492.3228453710828,48.2733290903222
1680,2,13.226557319553732,265.07731306154614,56.69542805091277
1680,3,6.346772796924462,213.83022573239262,50.147237108992655
1680,4,11.98831844229651,429.6518939485658,37.810131889819274
1680,5,3.5744301598674086,206.69116192949627,20.573965028520618
1680,6,2.218479245979692,88.73873610476001,5.772467221050505
1680,7,0.9995957533531854,419.10905040569526,92.19949409255706
1680,8,9.769316928663855,37.539972800934265,25.087254112684604
1680,9,8.023748465928314,297.4042170046548,45.178239427714125
1680,10,16.592146221911698,135.6348754927206,38.47043376451022
1680,11,13.768430926295913,0.7015902417886082,58.05767393897862
1681,1,14.3315975880259,393.3194287703808,34.92682274919495
1681,2,21.03173633537739,132.14322990790288,11.939961588418754
1681,3,8.952113193767012,154.85575066572056,92.26158160917447
1681,4,3.0195598477317995,259.36518738475064,18.854724222759316
1681,5,6.171696905117062,143.02050390128895,29.795353206372575
1681,6,0.9545238425564158,118.27110570749781,51.19812771018687
1681,7,17.44357651096624,85.16348425372168,9.218479492173948
1681,8,25.847619250746003,119.24301749322217,19.46163905418183
1681,9,2.5993551368680388,52.098282178104625,46.31583370791993
1681,10,17.63710749403602,356.16981441799567,72.89876894837283
1681,11,18.33143879246868,164.18835952005085,50.0819369662897
1682,1,11.697717683254684,175.88722397072038,40.66762814306432
1682,2,4.565823514041639,129.0280580291561,8.444592744208038
1682,3,6.057150014474566,112.96658016386768,50.93953836372724
1682,4,14.41504591791119,113.65165123596583,27.437764345613065
1682,5,17.214337685250506,0.32398660233775445,43.46907140204934
1682,6,16.70078276712466,93.73807212692036,11.341424751087928
1683,1,21.94794706868495,237.9125832296613,21.360453349997123
1683,2,14.046069053046926,29.5732911770709,126.61583893268129
1683,3,2.838142122770953,328.5051524139137,44.02066764421321
1683,4,13.645285262115632,309.869469132286,42.007674702532924
1683,5,8.840962799282883,171.75079587276545,28.415659010393682
1683,6,15.838265159193442,206.2488639875263,36.39996103502182
1683,7,9.080562750932922,133.60330307451963,31.6069831794715
1683,8,6.934534564300365,198.88980722271816,17.537452953057716
1683,9,10.35917638555295,327.2311679530162,26.183074758125873
1684,1,6.311975025438082,407.8817150550286,5.078611061979586
1684,2,8.580471132846784,123.63896218688379,23.08412116435919
1684,3,12.47669010043392,169.51073450584528,51.275044048382775
1684,4,8.748216779188281,312.99149869397036,85.25861846303559
1684,5,2.291140104275729,464.8007319895133,40.39299780382888
1685,1,14.113063339543679,198.10197287170794,3.5637537946203395
1685,2,13.64037177937162,325.95849588376075,0.027709147247598764
1685,3,16.29234188094728,24.958253208705457,20.847253558498178
1685,4,10.18957269147497,214.52788592096454,104.16812153940533
1686,1,14.437107109985643,179.56033962789238,89.30512773446624
1686,2,11.060644301553697,92.72775894039593,100.58659033665668
1686,3,9.819201557944528,298.51290671229435,61.22246610713167
1686,4,3.434095408244314,513.2683001241228,64.4920324309344
1686,5,12.536118557832948,312.86515086401124,21.318227042827914
1687,1,22.989345925730078,332.1703390919338,111.7159904225232
1687,2,22.408142321625885,114.64128283278644,22.839701369101718
1687,3,2.7231765454768837,421.3690457530847,15.677649835641475
1687,4,11.924148321523226,27.794987899634464,45.34118373532639
1687,5,9.89082716486533,469.5146616417275,75.72836452000817
1687,6,30.55517468405295,230.9382626613099,62.02410647981416
1687,7,2.377949430862728,98.65846549728131,7.594080397436329
1687,8,9.663202872291013,82.40301717337589,33.955159811156605
1688,1,9.37505795905879,157.86351861718975,41.71226039199914
1688,2,13.334999697599336,602.3553917818114,52.9550304032128
1688,3,4.296124541325899,539.8021000110523,109.07814497035629
1688,4,13.853144953970087,220.59470592256162,65.8104982691785
1688,5,6.396006762033313,39.557260684367634,84.95894875360571
1688,6,20.106400518311723,71.04492488459584,14.936702520439184
1688,7,5.348373337573025,59.36504218044138,62.17253239706463
1688,8,15.214432291841895,47.14042963166909,6.809887090441684
1688,9,1.773715478983723,131.9555932852437,113.53471410255372
1688,10,10.46759816016404,489.3384734830028,81.69556834592977
1688,11,5.6195958815937495,220.2979530530813,29.001980707331402
1689,1,2.3403997467938087,278.1290352571655,64.05683075171834
1689,2,11.451182445642944,462.2056800559075,38.532384411264
1689,3,3.4347312112754356,211.36808965187552,43.501102258555065
1689,4,16.327179918408284,201.16252886107267,60.1273528398261
1689,5,7.993984362852195,142.8415965024218,57.284014860512066
1689,6,18.267648568182302,287.58039889935515,10.589741152621485
1689,7,7.630310889365038,162.61108196965148,72.1685830934153
1689,8,11.008011190203577,251.72755446947565,8.833564202201678
1690,1,7.455623975092118,213.719525685831,75.58900659790332
1690,2,8.38608351879817,49.154728349183074,11.323167331120231
1690,3,1.3450039560530094,72.5898911418009,71.4697533497608
1690,4,14.11522640986375,286.7091920707364,39.72856047741256
1690,5,28.3983398009584,168.37230325174767,9.697217196145544
1690,6,11.772098084160179,99.49237217598042,38.97898754526727
1690,7,10.30786930406835,155.6882095766162,5.1715691490163
1691,1,15.78152816223787,418.69641725515334,59.5017769109295
1691,2,9.062027428317146,206.61983085798425,92.67385849179354
1691,3,15.518671868829717,197.5499373447811,24.533994677042614
1691,4,7.0413188219897265,233.800402688637,2.7500133846915205
1691,5,6.298092561997988,165.958673219476,133.05941811630225
1691,6,10.856607520798653,307.99651942692776,70.18189361972942
1691,7,6.9532127977456675,140.0763442881569,1.1987905792752613
1691,8,22.090421669700156,72.89715340667703,33.167040349175544
1691,9,8.174908275429358,52.124042410277525,54.05696176010744
1691,10,9.704053836657904,224.45684716319354,70.09965209172414
1691,11,11.657732025802854,257.0714370696529,94.48846530141033
1692,1,1.5476539346338072,55.74141321389308,47.40897261789759
1692,2,23.32937853135976,196.78215824379643,51.093170590997644
1692,3,11.536672654341238,63.527751430418874,4.2464252682429375
1692,4,6.251240682872768,172.38657028290757,96.99410476130882
1692,5,11.837773071518257,427.71683540857487,71.47286514597454
1692,6,16.058476754359788,294.8313513136884,113.55999101905707
1692,7,10.414659492839984,213.93454102683984,7.513977813318121
1692,8,16.249501059717048,126.51981460567893,79.14394823869887
1692,9,11.346861484863865,27.725210352702447,53.8698940508731
1692,10,7.003377921307001,14.368970402201,63.42188220782369
1692,11,21.992896882950117,53.75079665485089,57.106015275893256
1693,1,25.175269452478094,360.7608728267352,17.125039501079165
1693,2,20.567086399705776,224.789337247521,102.80746742201977
1693,3,21.158121860432857,100.69404135494221,44.61467338769198
1693,4,11.73401372732756,213.88841707261895,8.867964258687607
1693,5,10.784858680902014,156.11454480324534,38.9431337724025
1693,6,1.0204915708990008,165.0680875132228,135.72091286282608
1693,7,13.190407402205636,152.5611300735295,71.52864120677714
1693,8,19.86064573170487,92.1326141193952,117.44610572390113
1693,9,2.5212807804127166,141.4828032500809,30.917045145443474
1694,1,18.52290807754446,234.36808976175305,84.07894099150448
1694,2,10.131014078089592,175.29611928583734,25.508785797974372
1694,3,16.988735210156833,435.4979145976532,149.02601262544638
1694,4,15.734765492753047,487.47699803538353,30.016879326540952
1694,5,4.812375463481441,43.107809902354035,56.148840787982266
1694,6,8.604784129157117,474.4695584061492,39.563453230035186
1694,7,8.74980018718943,345.6093733329584,99.87714293039782
1694,8,14.704092832073222,336.9265052752243,87.19205963559135
1694,9,24.80138172316548,57.88718229530042,30.198676422900117
1694,10,21.773093240847103,209.29657700677953,85.07545377790825
1694,11,6.330583643670074,106.5549240626584,19.381569686034624
1695,1,1.659331014582543,182.5117793554261,45.84133947167295
1695,2,5.008937601503721,214.79727029283742,46.797213341689215
1695,3,14.296620270019705,403.49208943202876,55.294557981457736
1695,4,6.569651530393195,46.17231849046274,131.69843492134586
1695,5,16.348129257910706,259.9566351067213,43.36077150747604
1695,6,21.28315071936764,176.05637239373192,18.484682701968325
1695,7,11.855184947375552,15.829081446144869,60.7504272797525
1695,8,19.40893907273393,50.8762970677825,14.014627421647475
1695,9,16.05309192943354,125.07938878694705,66.60657564199661
1695,10,12.921197037088076,333.4354884211624,24.136333895885798
1696,1,1.1708218929150842,115.95583736835954,68.0503820466158
1696,2,18.103335063467288,14.092562215410993,4.648707931606147
1696,3,3.50597018028526,277.61943479765733,14.481438660221428
1696,4,0.693131766738162,3.306826871002613,42.054463364786656
1696,5,10.347374023239725,330.2271419688433,79.54944451315188
1696,6,17.89178993319956,205.08019860120544,17.838922982214534
1696,7,12.344132094260637,11.117186261782336,71.30190648506664
1696,8,13.059592838438268,391.9457173145443,90.60361902402258
1696,9,14.10759126669727,51.72730947699637,34.44557883847442
1696,10,14.807844040789643,428.4304621714881,79.48780210127165
1696,11,1.0399272159991533,458.71872489819395,55.749884729097865
1696,12,13.984736803211213,298.1298095763457,26.43829477818921
1697,1,24.29131972123269,434.1506136125158,67.52614702786565
1697,2,20.56677616806582,243.02058884339044,61.936200764555615
1697,3,8.891774468971159,2.037633315340031,90.88499976520163
1697,4,9.78044080475682,232.1533037868341,73.23248080685991
1697,5,6.444870817758394,342.78811986744165,46.942094604554484
1697,6,9.74596310230462,265.85159933128705,59.00771297840678
1697,7,3.982930734885767,157.28907624999266,22.088427277788433
1697,8,5.561977978113122,177.20239416989222,72.47796146418314
1697,9,20.983274988059527,234.51192197395213,34.558636197620075
1698,1,8.26700595825065,99.85075453088876,1.5443636305872985
1698,2,5.23509939075889,266.9310913970653,39.86385746205138
1698,3,4.925286589125796,272.2670053709936,64.99470302976388
1699,1,10.600236423139604,59.86418476841936,89.07161494517229
1699,2,15.667489116071678,204.47861393120004,165.94081392805862
1699,3,4.804024949272239,267.09540239541354,72.1792793713138
1699,4,11.671235179148857,158.37487688703527,54.47316722866949
1699,5,22.458833218930774,207.06290543785792,76.12053351300364
1699,6,1.2456694933108228,178.2730647540774,141.44115383499468
1699,7,6.485363099605965,116.77416306358501,119.49856907120817
1699,8,5.743226498105398,90.98456765695947,78.1520606110879
1699,9,26.65841687308922,338.0118789963795,52.823086583983624
1699,10,19.41098500717644,171.40315604055178,29.963332561646304
1699,11,20.492666165127435,398.88479417839966,35.620767814301075
1700,1,17.28317844927228,177.2486612106429,2.0617494927803293
1700,2,7.60597898412669,247.85410093887236,109.87276626058244
1700,3,11.82538177298129,2.083564169778583,48.402315817608056
1700,4,5.915113188239731,190.51261764985327,54.12921725883494
1700,5,23.867114643752974,257.41437723888026,64.92028003317847
1700,6,13.261483956178157,111.22874931747735,110.73131555548264
1700,7,12.700682590743146,164.31690772712784,74.16033641132678
1701,1,10.087331951741374,208.09174250018762,79.85468201272377
1701,2,13.337195288502821,236.8849902528908,43.48061276048568
1701,3,12.171569101155075,9.271551449496002,101.04737859940963
1701,4,10.617329758985255,42.33949679754869,38.046093015224855
1701,5,15.611842416634635,433.21291961531324,71.14550695849216
1701,6,14.679660632054745,146.3841892703446,127.56364264477358
1701,7,8.855687774139541,212.66539888240573,54.15721622295015
1701,8,21.39410637416275,256.15869001308204,84.46356970877828
1701,9,6.422613858405051,269.6449729792282,30.467037197575625
1702,1,6.130035143006445,225.4854756220683,60.01992888772372
1702,2,14.76991522425514,166.93954349283905,76.13004222251125
1702,3,18.173020487574988,491.9009781020947,17.44254389791132
1703,1,5.217630806523221,356.6559400020941,22.073998009619192
1703,2,3.7642947775578115,291.2525640444196,68.89615981507947
1703,3,6.294769481839012,469.5184185374129,29.93700318942779
1703,4,1.152305395469222,23.990849849919698,1.8190537024848368
1703,5,7.3741425253339035,414.55201091377637,22.64680680814591
1704,1,21.90154576729715,288.3170454267152,75.61870136870881
1704,2,24.843185211995866,300.0097975996475,63.91563451497308
1704,3,1.4961212895070553,300.8613069269045,124.0838258710266
1704,4,6.263758177876525,22.412359897153976,21.824954822253574
1704,5,15.30195747459048,141.5685432926503,19.981037302855277
1704,6,12.05147421353017,233.7887815202557,105.76846475200405
1705,1,7.028456621742471,331.9711281236637,115.94553370018036
1705,2,15.174085504083864,67.55780557074237,41.87096499337407
1705,3,5.145621753193321,153.26894620721959,25.79572419339541
1705,4,6.1911777229799725,516.1303364244404,34.8806501044298
1705,5,4.7504712116233065,158.8789403644984,116.03080921244592
1705,6,23.349693585520427,208.7555781699813,53.85510992172342
1705,7,18.579152910400566,177.42321203138263,68.41135326096914
1705,8,15.877130459277813,38.60956970937252,111.47069315134814
1705,9,3.842180601625145,104.93125470815198,53.992892010935485
1705,10,16.57720962303469,301.61074306050443,48.024012815871885
1706,1,11.989188536930053,78.19169494300814,25.882886439266098
1706,2,16.364964605480058,78.31447125042914,12.713747957652075
1706,3,7.870679229961426,188.69790591444578,84.41993206245789
1706,4,0.20443475782683151,251.9707883183059,96.05036018933589
1706,5,4.2785835936930035,212.24655669800285,36.02366171011286
1706,6,16.112145955382623,319.33945485546406,49.20088856211447
1706,7,0.709031808503088,300.0324887056054,40.20008270609506
1707,1,2.678334565003821,436.7980461183792,82.21848095776227
1707,2,12.516662392201198,259.72332519096966,47.0556147099477
1707,3,0.4833420960723167,134.89891633457194,45.95249910713426
1707,4,14.868592460640741,220.62401184863634,53.10021772298014
1707,5,4.981542786162768,185.27064577548737,74.1497154250604
1707,6,12.770590102778153,36.22943496268783,22.295424020758002
1707,7,14.664416075121256,160.11297210543955,122.43332787710823
1707,8,3.254249166775958,171.23624557810248,35.05528483356113
1707,9,8.489801225098681,52.77993428805925,23.814184999562016
1708,1,13.983794194156296,281.8311902510437,60.51748248640625
1708,2,13.000499831101115,223.3415823022373,19.94741208916354
1708,3,1.5058784599468549,258.30129502653836,66.95928903046524
1708,4,10.538207057278198,515.6682165437824,31.653631938631573
1708,5,12.404162251430197,216.80903537182692,48.66137901764384
1708,6,2.5473257395233393,159.5300660472154,88.53823486881898
1708,7,14.129143312357204,327.85063730870206,25.660249259174105
1708,8,16.476905148041546,35.790606153207904,42.161965009497365
1708,9,2.869750094697997,466.0744328854955,56.45457889317397
1708,10,16.62481426433942,260.2770838217739,71.33881168544114
1708,11,2.6885296996642367,190.44915032281315,6.748296503761907
1708,12,6.729417435895595,203.64069100463846,12.469760548040483
1709,1,0.8983714632096849,311.47268125282244,89.4952784603372
1709,2,4.2545236377000615,315.5338273133497,67.0584910368764
1709,3,3.2455194868585036,438.38882199484493,45.88958151693859
1709,4,2.325024182898142,307.87263477396795,69.89290204900234
1709,5,8.049528812344313,286.3410588352747,16.61401187148359
1709,6,13.293179420798932,312.9169825355198,63.83059932302183
1709,7,10.126388233163322,176.9267064193793,107.0324097260044
1709,8,6.1696320863463505,215.05267737807415,45.989546520517735
1709,9,12.376234408931051,388.7791767368497,98.70342480750477
1709,10,14.648977965615401,237.75256073125624,66.32404071482634
1709,11,19.93247607734511,36.3980262684758,37.99560627592567
1710,1,17.673106440171594,5.336556973277652,57.15418894531675
1710,2,12.438850525500543,625.4618016652055,37.28565044923267
1710,3,5.021123656361293,252.640041402597,13.009496521221799
1710,4,12.86703822519948,191.9767318093274,19.847293823266646
1710,5,13.460687536748697,216.24820540311336,80.4128175617304
1710,6,21.567173616876445,124.75353817428167,33.53967825012724
1710,7,0.5804680628614296,278.1545411896159,24.20993810158159
1710,8,12.41869588216726,374.8209830849941,22.624062625046708
1711,1,2.0654008107249373,110.27939118971092,26.66433906165232
1711,2,14.522842063626427,92.80545059685241,44.99772804616784
1711,3,8.357163579851985,150.7220766500111,118.82595657417443
1711,4,5.257592585078547,165.81699177293854,64.51791623829374
1711,5,7.025040161139285,111.78431368862323,63.570577989094474
1712,1,15.48141903851015,259.88729471065346,100.40892331283032
1712,2,2.327918237664953,13.881060105864492,116.46601488755377
1712,3,5.89250875334524,286.54129493506997,14.71902574529912
1712,4,16.40216955485875,360.1015399370565,113.32229891347964
1712,5,22.477112628375544,61.86946527625807,99.5370466196292
1712,6,13.532547057451428,191.91576106019372,59.74208205487954
1712,7,24.450052581044957,63.526608999465594,57.20478141723339
1712,8,18.10244170274012,247.46354165134133,2.5612304374532897
1712,9,10.672301714521339,58.93699204665842,33.88972312777386
1713,1,16.333075764685226,387.06407425085933,51.96028515675267
1713,2,19.397334987384845,224.0110621031137,86.58052392136408
1713,3,30.658376185612227,571.267361869784,42.69791349322002
1713,4,12.054535136093792,41.9066031890668,81.94582435149661
1713,5,12.724517298781418,83.89717208376771,97.47393966372536
1713,6,8.140732732751879,121.86380146011555,65.97985242270697
1713,7,6.744491075317934,195.2480709556814,119.85002850927751
1713,8,5.697206709979476,301.311422400623,26.66003351881286
1714,1,12.539065333402235,16.216111492180772,35.569679138012134
1714,2,26.042527885764166,342.26180207872966,36.85401836448277
1714,3,3.3065993509972103,404.2422734183167,7.136796724387111
1714,4,13.495736393158408,272.3317806540141,94.12296970130242
1714,5,13.935355018770165,293.48527404143726,63.50083141681799
1714,6,12.141355531981931,480.935664461696,50.61075951226315
1714,7,16.078814046920858,139.85204951683795,8.859585849697211
1715,1,6.647772712442972,471.2194386897619,1.0160168345484522
1715,2,0.894891365807581,40.18359382070355,40.868297999460395
1715,3,4.464682215821642,159.87545282250113,22.504037719881463
1715,4,1.8287623273511429,348.848741619771,75.01311605290289
1715,5,12.470633007652587,58.91802316763744,106.58943751239647
1715,6,4.2441404134002765,322.5113183600257,74.31650984065217
1715,7,4.333227426991451,250.36638494534603,53.72193821058164
1715,8,17.45870580402821,100.717872456275,56.66505255153947
1715,9,2.9263088137699906,385.53644478991185,45.141705417791584
1715,10,3.4772942026322733,292.1817420076488,92.41319670659934
1715,11,6.690557947892522,512.0181139645226,110.62313145723691
1716,1,9.743348673223453,146.25530060378452,77.0155825199491
1716,2,0.9416145829116687,199.02834605562518,109.37424446651946
1716,3,10.499398508085884,84.0250177151027,55.17122104073122
1716,4,8.211084786716931,339.76053808610254,45.47105002069538
1716,5,17.806785348230342,265.3487315743291,84.99521124018196
1716,6,9.346984513928914,392.52722773795426,29.534213196613845
1716,7,2.8297356648360346,35.69082127046252,54.826668845421906
1716,8,11.895303556867578,223.30704637040898,98.74923878961782
1716,9,11.323073115367787,249.4283205247301,89.2028480649895
1716,10,1.7361315284918781,308.44239201012635,102.65198748753537
1717,1,8.122237775397092,325.3688750556138,1.318635778125639
1717,2,11.30248145767707,22.64684645316612,45.61376383036121
1717,3,0.07786357306517111,364.1456079059076,34.204634693448305
1717,4,16.3442578735619,188.67190559523553,23.768189896940527
1717,5,6.610865177150515,120.39325135869457,49.408900091705036
1717,6,20.556246605220945,451.0425134002186,40.75071368555655
1717,7,1.1780489232421871,88.38368514709234,69.18436675512214
1717,8,9.242302757335871,36.29836699622399,29.85629639902558
1717,9,19.18101745574847,243.83839361522882,51.89165674242349
1717,10,7.2784424540476405,131.00635386001602,71.75842275513718
1717,11,10.994424941847996,315.65242863609467,71.8658911536025
1717,12,10.138040851138706,257.63147013184937,26.298700797241427
1718,1,13.22914222628166,295.4817669875091,77.37434640522517
1718,2,23.271467147669263,36.33856990567236,14.947013972395673
1718,3,13.412281033083502,315.4786414331423,1.6841078366886109
1718,4,15.799422977508724,133.4737415470632,70.7479730265315
1718,5,0.951994126236059,89.63567479733837,72.953542249622
1718,6,24.00592943975132,206.2057670781992,123.01696243142287
1718,7,0.3580667977290748,67.46158280295504,69.67629004133083
1718,8,13.763916092230225,124.16788070275243,73.4726687960383
1719,1,0.9111745857725921,282.40426548185735,83.4495127589562
1719,2,5.781779259257711,250.49244891190432,79.06623395502855
1719,3,20.532598851616463,141.51975832151047,6.501205239862777
1719,4,3.660413335953556,49.24237787419594,69.06322515603365
1719,5,12.548792551266963,49.62648618309797,50.47894093584782
1719,6,2.4538752306390617,70.95851427171303,83.16538821857216
1719,7,2.161004373952463,131.40787152739284,87.15023324504574
1719,8,7.392075693260113,560.5793407315244,93.8158702390663
1719,9,18.04069768701951,8.229552859958517,46.07756616628842
1719,10,8.010390119961011,138.90498748198408,28.568590784636182
1719,11,9.056808316904638,160.29395345362548,12.922011232026527
1719,12,21.779953356903064,119.63923059046054,23.84974761655527
1720,1,19.255334158749896,388.53049911512585,0.43224541955979134
1720,2,4.620783738202018,171.1127584268414,43.13874417762695
1720,3,13.234982524856626,55.97960908936969,48.31307505005299
1720,4,13.895025282664779,330.2065294354155,26.864555377670527
1720,5,2.879615680416837,151.35471860085914,71.92330128963151
1720,6,1.6278874463266675,158.67719881518337,32.05995592584204
1720,7,0.7387139902816955,37.034013655399576,109.63554867759206
1721,1,15.693393156827927,29.463479195284947,7.097606741127464
1721,2,13.937902867287152,189.43987219077795,5.633341723406289
1721,3,10.061330750419899,331.8369521658941,7.877072702713846
1721,4,22.225755476979934,285.9542076676455,73.71853671660485
1721,5,9.99058321588653,462.06923482668265,88.49291635218981
1721,6,7.426967986460223,313.60845159039025,20.674378842692448
1721,7,8.038261746513442,419.99506041553354,65.50333614008964
1721,8,14.630665390019068,375.4437631857098,71.92892949941293
1721,9,4.321751552782216,449.1921934147257,70.64589238453009
1721,10,14.107579539206178,208.38137673284413,94.43041916883337
1722,1,23.40469415289487,383.1899942391354,34.64761005354961
1722,2,15.025109510589498,7.592096818817566,88.97763511793829
1722,3,9.508119666401152,361.6593998908886,60.975725907492006
1723,1,3.0787899629735644,231.33927162892277,58.03599427686095
1723,2,12.263248729295245,517.5210905798879,39.50921732235229
1723,3,6.7029402003325655,173.81840531766363,144.70932426104093
1723,4,11.11011627987685,286.81178284945486,41.78299256907263
1724,1,3.1767488110429847,494.8789839168108,53.92692102524168
1724,2,0.5753461695903752,135.67766700683148,105.7254089790519
1724,3,3.162179208327622,145.78530957007004,97.4860926972598
1724,4,12.396036110895974,17.081315428226162,58.934088970111716
1724,5,8.930749423517366,207.86223242312465,87.86230997631819
1724,6,11.684096832785356,186.08263177407758,44.323605962523594
1724,7,17.53762885093355,91.94812509443041,36.71629689927104
1724,8,8.422935075681277,256.73959101689843,33.34552457926443
1724,9,6.3225695862075,145.36284982871385,49.01777316299699
1725,1,0.9119462218634435,338.8925637655674,93.65473610182836
1725,2,8.970652480548427,246.33303136021124,31.32586738802307
1725,3,4.568632932950759,101.94521710609405,26.559140068297857
1725,4,20.09802330507079,188.9026002093617,17.305633860009628
1725,5,8.309526961398747,299.65917419720665,108.12253883352298
1725,6,13.791769200757471,196.349680484708,119.07425022268426
1725,7,8.462516004471047,157.72732937833504,3.876892706580925
1725,8,5.716369557629572,26.0801466632914,2.1931885970467846
1725,9,9.43084368195723,126.08539732544347,98.17520576935384
1725,10,12.134358037083738,303.8518318818284,68.96001411935427
1726,1,2.441980895437168,277.7939563525255,58.646287297387865
1726,2,5.5606680372952955,55.46590412699999,11.919505262774138
1726,3,8.704825633755634,196.39114964466663,107.82564776473359
1726,4,24.567742852356957,182.26321646021248,67.4033335211954
1726,5,6.769253659748966,98.94486586810339,41.40141180366988
1726,6,5.787577721099913,86.89686103799954,28.075565784163565
1726,7,5.2064563575998655,201.67938590777146,55.88601233827094
1726,8,1.9929002610902913,252.87903885519293,46.581144033746014
1726,9,8.561490683755434,249.2047541587291,110.22807613435113
1726,10,9.017994321011072,60.228873736016794,70.64892352727728
1726,11,13.804600996065435,239.38576948020318,48.8177991506572
1726,12,2.3030048970463923,28.06838730963827,34.6806752923106
1727,1,2.845141283910431,256.9254750341854,77.99959582481205
1727,2,9.711768981537102,149.9565290668778,99.14866278125999
1727,3,10.279414178413694,186.2921149239225,81.89970747534026
1727,4,2.793062416657042,10.533150179230091,14.996220126958264
1727,5,13.976087220504546,175.4506080694384,83.05431345417898
1728,1,16.180244195319123,26.947089835935373,49.70247242256741
1728,2,13.90682218725038,13.690452333702353,30.211590834647982
1728,3,13.045382552745405,125.72212547618113,109.34751442656749
1728,4,14.672397666660176,28.365492398357162,48.06866602360103
1728,5,13.332396040367588,219.56454632619085,47.665419162901614
1728,6,9.19744523965541,316.2979970246586,82.6360482296224
1728,7,14.893841983269697,305.9090748857517,69.27234492094186
1728,8,14.143167393785264,452.06466216803653,45.49477255847604
1728,9,1.886749843256533,386.28235480215454,68.09664506316781
1729,1,13.700540683130747,66.71884507038425,1.1822672004519177
1729,2,8.914251821608977,75.04094442320203,31.47480543805987
1729,3,9.85946661055781,63.43105538224063,48.93693442148466
1729,4,12.085986092734528,316.83022785200535,0.16688860768685743
1729,5,5.6011729153883145,288.28129605341155,9.283580350831244
1730,1,20.854558980720732,306.64758773250946,18.95851611416132
1730,2,8.713525915003796,17.48426263065943,37.56930039582986
1730,3,0.35058710465713183,312.9938485072562,21.905767470617633
1730,4,2.531858145942585,247.9625310517585,82.12100317414317
1730,5,4.070212172936008,256.1105032284964,75.77727536500564
1730,6,1.7727210255043584,68.81806586616636,50.446316137003706
1731,1,24.754238861015594,353.6437524077973,85.67958958906317
1731,2,8.913320718070056,125.55454836353869,42.12785886494006
1731,3,16.96899578278368,443.90527160279817,15.87348506989705
1731,4,6.0772514835862985,162.38916734739072,92.4403387684436
1731,5,6.005719295667182,267.90016578678666,5.007191476025561
1731,6,7.9411943981642885,81.70202457549152,43.88867183987198
1731,7,11.421189227270382,303.6420985771056,33.223117201015015
1731,8,2.044693859630642,28.09198016473735,93.29867424399413
1731,9,4.295187234313117,277.34557850424846,13.669296086584303
1731,10,20.98954515993038,617.5585862157187,63.177998540607
1731,11,7.974225861362282,415.8181987002227,30.15725050169128
1731,12,10.35261923717821,214.92822066704468,46.917617297864936
1732,1,14.399212855179922,246.40978191159348,36.27541358308812
1732,2,8.227553797361773,306.6969689204897,158.9008244994552
1732,3,9.117029049919692,349.2223560013588,115.22165713477395
1732,4,5.388478002651352,67.18703020057075,50.423810342392045
1732,5,11.241817642321395,275.7608846540843,18.12713344813875
1732,6,15.218171688698547,32.60680387325479,49.27174392931473
1732,7,12.206582753885872,5.8152906063649255,67.10087053905407
1732,8,8.421000289094826,131.77544059743016,62.25443143931027
1732,9,0.22911589472450622,260.243133146885,1.9307964567957328
1732,10,12.476972103492256,216.18925944814552,110.12278431636126
1733,1,17.54850034364919,166.80895402770804,32.23064153740697
1733,2,8.042696516145456,162.10617961343007,10.352054219302943
1733,3,21.741506922903426,117.60215418036422,81.37549837508907
1733,4,2.8707859203923833,282.4289733020796,56.77422816769048
1734,1,1.551674531659657,276.84463223381726,7.519228726380298
1734,2,2.431105072904244,5.435559769472633,4.818795722726136
1734,3,28.494881896486856,279.61370410702017,23.92234288368047
1734,4,1.0043353463492686,212.10307044962275,56.72618086125931
1734,5,5.548055686129062,453.3636185616606,14.398740498834279
1734,6,16.50424163812421,321.9357321020258,146.12969355549555
1734,7,27.12186479958291,304.1040736966638,51.44453693665106
1735,1,12.501134808544776,400.55218040394516,67.77950639720298
1735,2,1.3685236148239355,293.78929411723215,30.818095405793766
1735,3,1.7702309938624197,142.04848885870732,90.44593636869757
1735,4,8.391831168516955,214.26192822756363,1.4242172000302915
1735,5,8.214392922152653,157.68688365851744,8.468429756429842
1735,6,11.173264517461394,157.23328844502197,71.22936638160584
1735,7,6.232362889285405,219.3354633539304,19.894894167886772
1735,8,1.2854629093581114,357.94768039764324,30.4548259039789
1735,9,3.4805086970510493,275.7309795187558,49.80678258112717
1735,10,0.6233933296062855,165.67865481466555,17.087684972899268
1736,1,5.20093559869026,267.23430709662665,3.940510789742639
1736,2,6.910840139856532,180.4384126392004,21.42073980229231
1736,3,5.255932886116956,187.63521558011251,76.51175649361303
1736,4,5.653729423097419,334.2788251319769,51.33973548561297
1736,5,10.26328648197298,481.2494668903627,57.124384988164444
1736,6,9.621004830110213,278.58530098181024,121.8857920735277
1737,1,9.67279386085295,437.77779153547317,21.35128870099361
1737,2,1.1556524933733971,129.87978220820517,88.64549117687406
1737,3,8.465844342866422,98.46862692591435,72.69020806409759
1737,4,17.225149384723824,437.4354512039295,32.46484384650316
1737,5,18.014582275229145,227.94681330488547,23.59288753687215
1737,6,1.5336292627367794,78.2886095896377,19.27272872632619
1738,1,4.293551116494016,51.63258623576624,47.9103656343876
1738,2,26.731092999120406,161.5999119053734,41.717118759240535
1738,3,2.191084397009514,257.7643245872991,85.3489361128616
1738,4,5.75587120720916,280.35974139901464,26.05887833825613
1738,5,3.256049998326178,268.6046948277624,132.97532053678808
1738,6,1.6287255006561114,226.9069753057677,102.39020598411417
1738,7,9.286099222192963,14.025114174475789,51.79832785920587
1738,8,20.43251987070289,124.01982607424584,59.28971420192508
1738,9,2.6253063085057526,185.07905393181733,65.46766157775734
1739,1,6.7785318168646445,220.28799997918657,60.50891504087681
1739,2,8.293495777963308,73.63589481266207,100.04071542375505
1739,3,12.086081072867227,307.473740330481,20.31765481841612
1739,4,9.371215421901038,85.54294233128476,106.57452558151968
1739,5,2.421978962646416,48.77770009980338,52.71721733704057
1739,6,1.8304250822221064,411.86795253597165,6.394499111094092
1739,7,8.336266713094249,137.4285477653547,62.028666432097246
1739,8,4.384156151114177,238.63435248299217,15.56106664895276
1739,9,2.9345847605040234,166.09594038235699,45.82010087212885
1739,10,8.035158956493154,141.84914875071485,104.58068194690341
1740,1,23.121276656158056,128.92162575312813,47.17022502356799
1740,2,9.86547096706685,334.4233013463521,128.03581496479845
1740,3,10.049091001043882,263.1499283186167,21.466430596819407
1740,4,12.007360506295967,244.33948597058338,27.192162534550466
1740,5,12.090075876483052,237.36319072686146,114.70031227219769
1740,6,4.675467814026791,66.97176295568704,15.94657637331941
1740,7,6.952374783458704,39.04860726385465,39.51987835071071
1740,8,10.244654061207513,424.9058104428541,45.00852283513821
1740,9,18.861010342576698,324.327110914428,55.52584372967903
1740,10,9.003322193130614,280.43012155343797,75.70022281432146
1740,11,6.3031769466736165,287.94269699181046,46.38596337808684
1740,12,13.816526310165873,446.237285764562,35.55810444450802
1741,1,17.540512209678386,209.24728393869893,49.897538487466115
1741,2,8.433984819177015,41.246037640495615,65.7521177345003
1741,3,10.427935541430097,86.68087721997631,28.658970220394593
1741,4,13.854224602579318,146.58665715590536,77.37009315969654
1741,5,0.4550473676795761,210.75897285918364,48.730249921318446
1741,6,8.531565629364605,437.0678364056366,56.43654829733709
1741,7,2.116112390298582,139.8901769375328,14.537425634114797
1742,1,19.907475912596013,177.6438123798426,17.88401168334976
1742,2,4.79489355821269,124.85230951430042,70.72481225596314
1742,3,2.797597399965241,3.6285140448359243,21.731135680016564
1742,4,12.98409427705979,301.72214286174597,28.373973331147404
1743,1,6.654686914999067,117.34164817660626,99.70811485044548
1743,2,7.190240531257009,52.608748379724574,14.120896498643383
1743,3,18.619442623818237,293.03686590909285,92.43344234272874
1743,4,14.375635835438484,228.3270939284802,62.72045970670054
1743,5,14.137549335544387,109.62650930798071,1.6120070712103853
1743,6,6.604194555614509,281.61850255993846,24.086508725027702
1743,7,24.907316528071878,266.18948250399325,54.779499596415675
1743,8,5.755638789222992,337.3605518013668,1.5223109489259627
1743,9,12.210400064824796,134.6705480109255,54.837185709987544
1744,1,23.373473187256167,260.1206241221995,38.18931329676879
1744,2,10.1456617028744,335.0487530115496,133.0931888848572
1744,3,17.438735144645072,186.71437408283222,24.460370711503813
1744,4,3.577835994676944,179.54328804045008,8.613807844011973
1744,5,16.489278092839506,162.16423280196696,88.90474025777468
1744,6,27.5531974490359,180.4664327934152,56.51058134810083
1744,7,12.544256631880895,157.62973412466803,54.6419410696289
1744,8,7.549479827480839,403.69513018967996,41.37771785792955
1744,9,1.2603818312318467,25.617399467007488,16.34960523796191
1744,10,6.864381509294885,331.27967947505056,82.48458507456115
1745,1,14.170782530361745,311.75543699086523,74.2687404966857
1745,2,15.478871750831312,340.4001306788865,44.857656769469166
1745,3,9.100086073309134,326.1550459906377,47.770126516817044
1745,4,8.146885334841194,110.35548813401681,36.27401784404143
1746,1,1.2789216408892017,15.752738698184913,35.837518492483106
1746,2,8.413295859979954,187.8175978794725,110.84268582650459
1746,3,12.35335404886095,232.989448452074,27.918589358854454
1746,4,8.97764085875142,221.56879339169234,44.217034062471
1746,5,11.166120358380237,262.3489161718039,86.75542967386046
1746,6,16.44155081218022,255.2884113151334,100.43324589423183
1746,7,12.25742314328522,82.63261485486632,14.215750409932056
1747,1,19.658405468420543,60.06908194328025,9.718285482707714
1747,2,17.382911955231133,323.42436329167884,27.820917326499327
1747,3,4.694439389943796,390.23112823710323,88.94482255123609
1747,4,19.046754450880545,284.19491943491977,75.85970278468636
1747,5,4.417517701059614,143.8642403182445,130.91880230092556
1747,6,6.024445675207842,232.8080595266486,112.3068087091238
1747,7,16.122721892535317,55.186336344917464,3.0377981410969994
1747,8,21.267823848834304,311.19882095087,64.2067475160904
1747,9,13.51758064108911,144.55889113815138,14.376695309273288
1747,10,13.07998496713186,109.7795445795593,26.359574537074714
1747,11,7.433629989084223,317.60796169493386,21.911600281035955
1748,1,7.00902712215279,80.87063236836475,17.451793609284977
1748,2,15.564081297446124,341.481192143533,39.93800175025838
1748,3,26.34447204888968,164.2565969823798,47.00366727981448
1748,4,7.2307954193804616,182.4080032466651,48.45608058869616
1748,5,14.063711530969588,170.82498531316236,74.25903042492224
1748,6,1.1784344210490154,106.39392315314791,37.18681864746894
1748,7,8.21532329975679,75.01310919402601,85.79932490758858
1749,1,0.28217195235567516,130.12163008065568,38.46111095913436
1749,2,16.237666241315857,101.57956865999114,50.12999016080966
1749,3,17.655703192797453,116.35526565811455,131.9562779571363
1749,4,18.59005618949292,274.8028788762171,66.41920546964751
1749,5,11.789839804367972,111.3693596645414,84.89729233877237
1749,6,8.754808276523706,52.38915716148833,101.64361783825309
1749,7,4.002444969956264,336.2069247720211,43.990762989939476
1750,1,17.748938081140473,351.1113819571144,94.21418545120211
1750,2,20.852916215337842,52.323847705145084,67.1604659981214
1750,3,16.3875935198802,540.7071998789565,109.86475801721014
1750,4,8.205104808502396,38.397322288040556,1.6046867231780482
1750,5,14.709151352856525,209.31553309154828,22.104881396890633
1750,6,3.9067242781081433,332.91576978240835,3.8868347606932474
1750,7,19.918316148765513,50.09242963956768,32.21550369289714
1750,8,5.33240863613868,295.1202830155812,23.145002564789777
1750,9,8.520859967143112,147.55577394610964,14.86029577607303
1750,10,10.110259357084031,239.7447570995084,78.18709128768853
1750,11,14.274672000158318,307.6701767607109,20.828110184655387
1751,1,9.840831994127008,220.8940623380461,58.31113264808356
1751,2,1.2292877375696758,559.0330886350066,142.07791540669757
1751,3,5.641073898825439,33.00387769692017,163.67737782159747
1751,4,17.74879557509106,312.32808955450844,1.0192906624975606
1751,5,21.281795159006393,69.70827151453517,42.58529791678271
1751,6,19.64004819981477,138.23288584242962,59.32069872185041
1751,7,18.224727724560726,18.355379529162946,96.47269214816623
1751,8,21.250478043126584,189.67677753749751,99.3262895688274
1752,1,4.567231197969832,255.2710947305596,11.457695824661904
1752,2,8.613262583553675,293.89203679034136,62.43916544742755
1752,3,6.944002315407548,333.2785217219815,7.880834861876423
1752,4,11.200158068892746,318.3161351569788,34.97072677099399
1753,1,13.450494566600172,92.56277777016373,21.438305782554735
1753,2,11.029845885919034,352.68601884515823,72.81454975879777
1753,3,13.952327132393865,34.07658061451403,70.91327450266668
1753,4,7.205547786644747,226.36049398812554,72.08059479314903
1754,1,1.90654960102367,443.90367764502446,4.862285789611356
1754,2,10.115825481604938,223.85310036320251,143.81096507023645
1754,3,3.3925860186972248,206.9656592979898,57.141281256429494
1754,4,2.0408481955829734,245.3062124146728,32.54255249963098
1754,5,7.8302020378245265,91.5816674259988,97.0921656789329
1754,6,9.11373902735254,79.74473012002557,36.622567849459685
1754,7,23.16761847441071,211.33736648581544,101.5185079255302
1755,1,1.0094220578341293,38.908356271975805,68.96318403794476
1755,2,18.24019967467919,111.8462291842855,101.00535770488378
1755,3,7.109030973584001,227.3213135939576,57.62578575268159
1755,4,20.71522470503318,332.65053165705865,41.86835972902036
1755,5,27.047315640332904,191.5000224462541,50.61292725412158
1755,6,12.327221697587223,136.89157217788477,105.36491907575244
1755,7,9.330791394347541,297.120396797489,59.69699526837594
1755,8,10.920161114858969,149.56413411331718,52.856031547406474
1755,9,1.8945253343829282,172.5858620872264,57.34506484315473
1755,10,7.503247372728033,289.5543555291597,52.57024471819568
1755,11,14.457933541502332,346.49861602436863,92.26138529071292
1755,12,7.3250043578556046,140.442598788549,114.17901508225319
1756,1,12.276668330474696,141.11746562688913,98.22889970412676
1756,2,10.171250240642843,110.00832927050655,62.744235653026585
1756,3,12.248052215258737,345.30387964158274,1.4135067261176175
1756,4,3.5476470124579143,236.29471998029925,28.32897022819256
1756,5,11.057007336362673,236.78649735241237,13.844963129032138
1757,1,11.981223940889873,163.43604426317034,48.402118638152096
1757,2,28.815118426051797,128.86585676188164,23.084935338376322
1757,3,15.535572317421186,340.69714914559063,83.83562033231937
1757,4,5.369729938170068,178.92057156859113,49.81953560807172
1757,5,7.936336205817203,224.7045936011074,37.533971893191605
1758,1,13.587870906887929,1.1673069695987124,36.066250054699225
1758,2,12.476031943729456,36.845047999254064,60.358727489432695
1758,3,7.655834735582758,206.58671702158037,90.78138006111769
1759,1,28.945505022241623,489.6784771546978,95.34210921605285
1759,2,22.43445120721502,235.7368071106742,82.65621838246147
1759,3,10.338392776058306,208.47164973340836,54.42012875855898
1759,4,12.914836571654426,211.16339603523906,105.54425233786083
1759,5,14.02880642033726,230.21792298433428,56.45258128750671
1759,6,7.023861237915032,37.29716885392739,90.03427428802111
1759,7,16.971643593323616,33.950883717725645,6.58685513557532
1759,8,14.900027512683062,151.96723828872229,10.40089175303195
1759,9,1.2315567078849945,130.66268002928024,55.22402665394347
1759,10,8.021719206610536,1.047278027856521,26.466660998954094
1759,11,13.885539447906535,437.45425440530585,51.86215498895053
1759,12,17.22969068678192,308.14864632560955,26.767245947184826
1760,1,16.563367340246593,91.98629586914723,2.7433193826123485
1760,2,18.37685601188388,385.92747646120375,11.750060649625105
1760,3,5.889773461163856,113.49480377245504,84.27029761688573
1760,4,1.7766603515594674,348.0022781068103,57.665972119968835
1760,5,6.212905323226579,134.24852091784402,40.86052307955974
1761,1,8.645484418121669,266.1264589819221,41.174145982535904
1761,2,10.51914962455612,219.6916698135604,19.51429092249505
1761,3,14.568691879516553,96.77758419405292,79.8805122986693
1761,4,16.78320407698585,69.17615244306663,16.091225515633248
1761,5,10.795588752604846,425.5484909564254,26.291639033932675
1761,6,7.1776247467017456,248.16082133067792,76.27121690251488
1761,7,13.688771317203038,204.84404280169795,37.77924101157804
1761,8,12.32275964656781,280.08548898459185,124.77015324272335
1761,9,8.699358578263125,227.34466217930085,133.97519244731538
1762,1,4.8108237398322,144.33490623569145,110.67990988489562
1762,2,20.45468391168131,328.4473677624367,51.17680406820734
1762,3,27.42746521763179,408.42933761741585,24.280889133872584
1762,4,15.214076898480489,54.70780108219947,68.17914930243202
1762,5,8.790819636536035,119.47675114979477,68.95351265975734
1762,6,4.0503953059055595,163.79559223970716,69.04387990991219
1762,7,10.72164291351737,174.20838613615174,38.03591786272548
1762,8,8.169290832156824,440.3181139979969,91.84454410843607
1762,9,1.6541946977116488,48.547919808942765,1.380120000117003
1763,1,10.616866710998933,135.74051116317048,9.41331695626534
1763,2,3.416837056471426,99.02807537795651,43.82637686460422
1763,3,5.269073762001179,251.66596143099227,82.91824999044431
1763,4,1.2457945204130443,282.37600953316064,48.93187427404611
1763,5,2.0634206231391286,336.27054235485997,12.578048241012894
1763,6,27.99154695041484,375.1484625938165,44.301815196648555
1763,7,9.98846158490737,8.703454279009122,120.27278194141194
1764,1,4.055585386843494,86.13729966309597,154.61066629168454
1764,2,10.227549187434214,17.423186675364548,55.17765163053318
1764,3,20.463880884758765,7.00259092670936,9.792105062403294
1764,4,9.173720888806812,195.0945785709781,78.3761926856643
1765,1,20.32704994522844,428.97506439527405,71.19194398705059
1765,2,11.788330568357233,461.7633812058089,56.75118628466908
1765,3,7.342179315274014,449.0949507018749,35.19547180429339
1765,4,10.558008214018551,125.84530437559044,34.17637972697415
1765,5,1.1197724485441274,40.566472276007744,51.9851867267173
1765,6,11.167057013451082,253.19893360188433,23.21831510866759
1765,7,4.789912791692503,672.5200429033691,22.86808828761474
1765,8,13.16416975493714,364.9628384877217,68.50240931604617
1766,1,8.247490756812883,192.08392798472966,36.924774006428
1766,2,2.8278370407286566,141.71177168056224,26.378774778175345
1766,3,16.79231652421879,370.51905791432534,2.7695303382532543
1766,4,11.354573537432433,157.97950642112548,14.833063874106102
1766,5,11.020281392970462,270.35823682312406,56.474709800525034
1766,6,17.033105714715738,306.6357208402139,48.94739102678138
1766,7,3.8550943795006276,273.41393147881695,23.804314405151782
1767,1,3.0968642053013076,456.1885834902845,106.65617772616343
1767,2,10.71782689118913,153.4352784636253,92.38146117431145
1767,3,18.262892980900226,269.2858866890116,105.51814538895825
1767,4,12.468971479511897,219.5288925814845,60.85314909670238
1767,5,5.8319624756219905,315.3566119047719,40.59543743585012
1767,6,12.032656172993281,154.038417297659,67.48241166162947
1767,7,11.584594377008635,346.7949067384145,26.94443503074057
1767,8,5.699717687782718,302.412742212279,117.08177403830615
1768,1,18.913618981953178,101.00828147735275,116.511623767067
1768,2,16.0821119951883,41.8762910801795,24.083622549630324
1768,3,7.809140326040387,172.2084911194141,47.53518471004381
1768,4,4.727884399119469,116.95485070315777,125.6223962144425
1768,5,11.588479384625542,80.29769296089017,32.458771279893305
1768,6,12.975612864806683,143.30692471564808,26.586152435786992
1769,1,3.7768458471921464,298.1133892778353,72.26512492279717
1769,2,4.555304426955012,342.9272214712139,103.87190270741513
1769,3,0.2833918665367019,333.3935072621706,24.253216813812077
1769,4,0.9067119185613848,236.32727895752205,72.00302760386865
1769,5,9.573273281640589,471.31252122813186,79.80513606048679
1769,6,9.554672654689965,225.22500103787053,171.16271680797325
1769,7,13.318152252429895,409.70354582552125,88.37553489227572
1770,1,1.96062457411551,385.7219141042812,5.777316584802243
1770,2,6.79341773712609,398.68324431883394,62.926558750385155
1770,3,10.820482598713532,251.18605490520582,76.23557771822342
1770,4,12.724146577335745,232.0392518855698,50.383002088645185
1770,5,19.43757014844545,160.05739126809482,50.04948070408109
1770,6,20.863954725220907,248.85897718967118,47.336570386448244
1771,1,14.415226806588649,80.39659822690741,60.08458224138259
1771,2,13.68056107836462,544.8977818449448,12.74561328962892
1771,3,19.28307200057601,137.98902424048896,27.674646527199354
1771,4,8.351455241066157,497.10247340165506,28.441461013325366
1771,5,13.165576276920167,368.91119963265464,11.313810243221617
1771,6,13.732351559642707,91.49506669139383,128.5134077919094
1772,1,0.9777758852182679,172.59985451650843,8.616874562733237
1772,2,3.9363365954242164,335.18263086932853,82.2919110403995
1772,3,12.88346779980345,225.3120611014346,19.916784289750908
1773,1,9.450334917897363,148.52562903841812,108.05724252454672
1773,2,0.235270138542365,258.5696934186213,83.29950680345041
1773,3,4.927224110608695,107.4581926162536,61.94202246468082
1774,1,15.820810955835357,406.28213089652286,71.88712575744826
1774,2,14.546051335512084,232.0658905531311,146.76094492404698
1774,3,4.175339690539261,103.03255114001061,18.75641029302072
1774,4,24.825837647666646,169.5677244406095,29.35856728533558
1774,5,4.4390891955867104,286.2439245730945,52.01164941337871
1774,6,9.416681362928216,233.57999113391324,96.44448575503515
1775,1,16.59851085949306,376.9231663081418,31.407029401068513
1775,2,16.460202831766466,15.762176199104232,17.357412557917577
1775,3,9.062245722854563,191.16656089963726,90.30433689440507
1775,4,8.633853797027783,303.7313918296053,92.43647857834068
1775,5,10.847787360932038,527.0956758618062,25.24376696624719
1775,6,4.3284789946260265,82.61368663432599,139.18269124414365
1775,7,15.880613201480568,379.1099309580759,77.6962374290624
1775,8,9.349649256669087,222.66292210791488,10.350659638265121
1775,9,24.574927141881023,185.300666493232,15.329578047268015
1775,10,0.23016186160110763,458.9265800380788,91.97568314189274
1775,11,13.521575664848482,80.57925578568006,65.89415246183698
1776,1,3.7299694549120304,9.753996879737485,0.12843312299754217
1776,2,21.100262900735004,39.097446417837546,20.389471977654022
1776,3,0.5524575442292328,81.35786954509773,38.48037508249034
1777,1,11.109436187891909,235.8567092937788,14.955698923366953
1777,2,27.015379808885672,324.3206897628919,22.34616905419918
1777,3,10.369613461207866,18.787854926262895,54.8714920840755
1777,4,6.748600417834187,558.101867047036,80.47696602371639
1777,5,7.702870467761343,476.0948213430054,66.14831886211708
1777,6,20.780290812726427,241.66440218225392,56.079804083160695
1777,7,4.157430936386665,298.00842893405394,93.5615854200338
1777,8,2.2721647670837335,77.02235388844595,0.737082878033732
1777,9,22.49452189788598,368.1156660105017,35.62150158543041
1777,10,17.52914585824764,5.2244836646339365,62.18423402119582
1777,11,16.538864703022526,118.897932666329,49.66432111320744
1777,12,13.521301510510481,373.0775493012723,11.024231249501632
1778,1,8.804707272326079,500.5671744598229,68.18996447151734
1778,2,11.324545182527507,249.64877834374033,48.6635694178987
1778,3,6.498258219342141,21.52976267389903,95.21476218039376
1778,4,18.28259390126507,123.15479798781385,52.15074546368511
1778,5,5.701962841451751,284.1133193438301,72.96410548041456
1778,6,7.612334981980222,162.27454966629696,41.41748387685123
1778,7,5.913632436830123,255.4511999233007,35.6280315184199
1778,8,10.511454363786529,461.8071087304777,77.09313446832599
1779,1,3.3035767877042037,249.7823580400796,22.829109732734317
1779,2,9.938122271172924,196.25492413669045,77.226645467834
1779,3,16.3556438817024,143.09788822862936,97.6908182841535
1779,4,6.181803006655307,367.47368044187965,23.699895467904163
1779,5,2.065999275229805,155.3567300501422,40.135517657402026
1779,6,3.10669929386299,143.10858339211765,28.319677371555866
1779,7,10.019017996439908,282.1179903402966,46.71664715510876
1779,8,3.4600317024623015,145.40828407217614,89.64847881272803
1779,9,5.359623002050621,55.802896992474246,11.50244684670377
1779,10,5.210286342014827,323.78951873857596,20.770184753306236
1780,1,9.74578786947068,43.1197485002273,89.050604633946
1780,2,2.0911015545183878,46.758006660035136,28.109697187256792
1780,3,14.12277441698767,134.95171855219147,82.78363682081725
1780,4,14.43994855066476,247.40215625881177,25.066808909458864
1781,1,13.033215959989526,145.8743263052465,31.335036898017638
1781,2,20.346184866842314,225.46435436705062,86.16783256304994
1781,3,5.641468538255814,91.22830260942736,35.38507264851983
1781,4,14.692566256230055,207.63501331849233,68.71843899599642
1781,5,8.222627657469701,82.29524898887985,36.14716929474284
1781,6,7.344943019998029,9.6489811789329,117.58619054067925
1781,7,9.850305235754218,232.50326793535135,6.408315344244002
1781,8,2.1530833646788414,432.6857955314265,121.29649298378867
1781,9,12.910754087440514,104.76217553963187,32.98087477504862
1781,10,12.192872405446444,165.8050594919312,34.80664362363255
1781,11,22.946609032294845,74.675907043272,3.6459650939644916
1782,1,6.918364847857313,85.09480630077935,48.15586975291205
1782,2,14.513261883043429,407.85376290284233,29.749289573085612
1782,3,17.44897279401068,388.5716650485322,10.641295045021423
1782,4,11.96740240622779,324.2610177384613,40.961826728496725
1782,5,9.450038390041474,280.46781057651833,49.99502306185372
1782,6,9.356686002910926,102.15178659583567,27.17844787017335
1782,7,5.46380641147879,144.30884511479474,47.11757310966518
1782,8,5.857491765158128,66.70086773385722,15.380399695786153
1782,9,9.87080924920996,29.50133613384304,83.88899471159225
1782,10,18.81520855401466,391.24995684892093,36.53041711438939
1783,1,14.769986183931143,53.64515171192548,39.89437497794072
1783,2,0.2644829836188318,33.846255164124386,20.50909100495621
1783,3,12.437530229514632,38.63018588165815,55.21011408228337
1783,4,8.002226522020965,155.29935565152516,80.05990202526289
1784,1,22.115047418757953,341.45899726837683,125.44997348962546
1784,2,13.108314355790945,411.71810717646906,21.51240050005542
1784,3,0.6528488017890162,105.37171694550347,55.20827325138737
1784,4,5.222360586958065,352.62393087796465,87.32210559001496
1784,5,16.752318815828858,301.9329741560214,62.33906014018435
1784,6,21.49035557679199,467.6520779141527,40.31605860327757
1784,7,3.8892129901716173,381.6804457608334,125.12618305636246
1784,8,27.491465698666094,295.08973012125625,42.953908988982064
1784,9,2.0514620422017487,188.8422032269498,13.518439947867662
1784,10,2.4241084669274384,344.40317571603566,31.00402489670247
1784,11,9.836833427330903,438.65186555485354,33.50834156668938
1784,12,3.3283651130432146,320.67807621095653,30.37455786676548
1785,1,7.601488904407841,93.89006834931502,18.719084330220852
1785,2,9.22405317048109,35.33226588943194,21.764851907570804
1785,3,0.25536402939740555,403.3886849782265,1.2689730784095232
1785,4,3.9629277787945965,282.71201916816915,95.572592066483
1785,5,4.882372435814507,428.3129700460147,38.55475804755932
1785,6,18.13072805948734,206.5170555427017,2.7263337150582316
1785,7,3.8940570890444937,182.34424739365167,92.04946476571706
1785,8,13.836772159502146,389.65694037639815,21.93502316601036
1785,9,1.1329222503110117,290.22496455745176,67.92002129292722
1785,10,8.903247314940282,124.07418143011442,33.468300730093674
1785,11,4.674542005439309,251.23950263838464,75.408171915934
1785,12,19.127551228487373,201.17173856286385,63.3068566316096
1786,1,12.600981576302859,175.36394900109556,91.17660038694736
1786,2,2.009496786930697,307.7775384664843,74.55121073722596
1786,3,8.326836971412417,309.52933161049407,66.75571473691016
1786,4,14.670062455583336,290.52741651960537,52.00481489372663
1786,5,5.826569918173873,108.83671851504565,41.41414318209473
1787,1,15.902003466187484,109.17191249887095,82.75342723415375
1787,2,2.6431868531142193,246.19453923045222,32.31039245805544
1787,3,9.622629240807116,218.70177128824278,95.16223599507983
1787,4,9.431690470831967,347.61536507920346,14.47003522754833
1787,5,1.5126771717382361,269.3885008833207,37.70704287810735
1787,6,2.6675280234273275,45.45345267649904,14.232901779087747
1787,7,12.183663884776996,146.27987784681565,7.388768737152702
1787,8,5.972638792139108,87.128932627086,7.310820250446369
1788,1,16.784112379795726,527.0278667333005,1.2518152395391198
1788,2,17.137658828541703,384.5269173900098,69.93123993653917
1788,3,7.791043244368839,197.12274450879056,82.6823649931253
1788,4,1.189993747070762,104.85494711262666,28.496629890967768
1788,5,13.812335235244491,363.347195412425,129.2392976450463
1788,6,3.049972592692706,45.83559630737457,36.3147481681671
1788,7,13.892907309626574,314.66148793952317,2.8479648335104386
1788,8,12.63461513394499,183.981314077714,61.67687006254443
1788,9,9.817038069059608,185.0537364314072,34.32653348170935
1788,10,9.372229214403292,248.2419288289404,116.4277389757474
1788,11,1.0032575041692269,159.06840134189983,71.63433776215768
1788,12,9.577833514879153,218.6224244798625,26.53522016075832
1789,1,15.777592018605116,167.951017090488,103.46289965063161
1789,2,1.2189344297491491,93.18557771542822,8.161049469449807
1789,3,14.785556658340026,184.8838064721324,13.948821485223249
1789,4,10.697655212445936,151.40219353006424,72.3797838474981
1789,5,15.559864824113571,577.7238432523282,2.7139671946213326
1790,1,9.657299302030342,186.82961498259274,80.43456863706785
1790,2,4.879063587821366,201.39432853669535,36.62520356463766
1790,3,26.315211986104188,441.60652495481816,49.48122799965717
1790,4,3.542958759422147,54.142977077743154,73.32434730801197
1790,5,3.658065969114584,19.098700470384046,4.579399661861636
1790,6,10.783340319143303,237.09009485311708,128.0554426375433
1790,7,5.403527889396662,284.2852209643151,22.159803294722984
1790,8,3.97728708585766,268.0073027010159,90.95967696978045
1790,9,8.836154138698475,6.169091216531626,81.32801171492726
1790,10,13.739898498658825,293.7917312967236,121.49509508640806
1790,11,3.92470162634267,313.5113363655312,75.55002314831466
1791,1,9.904402803710326,4.715454043102568,64.94027987233146
1791,2,8.212498720396457,126.42159629949002,72.86904789066415
1791,3,14.992726067497298,250.36639088447012,34.28789862630919
1791,4,23.824499626492116,188.01193411341066,86.68864377486216
1791,5,8.460876433395272,42.55637129030259,53.237818915848344
1791,6,27.448819234836932,346.94644245278954,46.099567906994565
1792,1,13.969105297485534,123.64907624751685,26.849793770625368
1792,2,15.194188668287069,250.60455249781103,27.672840133635752
1792,3,13.108630474071802,48.80575160028633,132.08517684348553
1792,4,2.638078567444351,129.45308008037978,37.60638483730556
1792,5,7.733529959409636,187.34247748641445,48.90358994424758
1792,6,11.070900483574441,153.3777705240623,18.152173164510582
1792,7,11.756033907232084,497.2269355540962,0.2140149381127685
1792,8,6.9854471570671866,282.5377275777734,103.99498215751052
1792,9,33.19559636535975,375.96776688278976,20.03645232317755
1792,10,16.162546133340243,257.3898643733447,11.363765789186814
1792,11,6.939124559477676,72.69516526041588,18.868072453250008
1792,12,5.186656566743674,220.26892548006543,91.40262723052724
1793,1,7.6962719541554705,283.70325046296375,113.53836862461131
1793,2,2.8849012800864635,185.51675080324137,59.370027012519586
1793,3,6.629766998710792,173.61855598121443,8.857495480435986
1793,4,12.1612528559231,225.84033682009402,74.65084179355055
1793,5,8.571002793555309,306.9187881318636,63.548997769271985
1793,6,18.647307274925943,160.2564478340668,87.71161964191401
1793,7,8.430662193446354,296.2327292745398,103.14441085681128
1793,8,18.22425656766144,169.41969690101914,28.97424267574085
1793,9,16.79794630722168,131.97487792398897,89.59438574719373
1793,10,1.634688266233244,271.0625171631991,35.27069920718699
1793,11,1.661603575212304,83.88641141286969,34.52026066137949
1793,12,23.472693958782685,249.3456454518668,36.682102677234994
1794,1,7.557680747594878,389.15440574473104,52.15671191058824
1794,2,7.6131119260973055,483.7850036784459,37.881837755137
1794,3,0.6890712994506885,100.10332622055657,13.27424862328646
1794,4,16.714598290162108,80.67098384233014,108.41747270918471
1794,5,10.271630919873108,241.6400643956944,87.5279680798637
1794,6,17.480098689209797,158.30978040236582,94.42855564379062
1794,7,11.47109022762815,268.6632564334284,15.317029095095108
1794,8,14.74157379151745,52.34785783894466,104.41045865545458
1794,9,24.774375125916716,1.36686957985944,109.13772145457362
1795,1,6.641432084684382,251.2707797042181,106.32829680546912
1795,2,11.87059089709267,219.03907810038004,52.78995551268208
1795,3,7.612892924583148,185.7055476167936,72.53358354127519
1795,4,16.623417944764803,166.0584765556157,78.86132380139621
1795,5,7.937928074783239,274.1815473963292,64.41764014041098
1795,6,9.077690654473589,278.845756092578,61.40819771600716
1795,7,9.736357705780652,183.59903853485224,10.509493213366966
1796,1,10.100358626144573,213.57660939085403,85.48460595359245
1796,2,17.72095573402123,92.28674285883568,43.245712631094676
1796,3,15.203342601148314,244.0708296160269,25.491183333013847
1796,4,5.849816045325867,320.3023120832097,12.842478908667736
1796,5,7.46206147797705,76.35811167854966,71.20805423671345
1796,6,18.153577385252028,174.3230519012597,8.281172872204074
1796,7,7.551827567727994,333.9271197336989,6.538465385136163
1796,8,15.194727228283615,420.253522021893,53.88808266182024
1796,9,12.788908554825733,192.4434481783924,11.859592481989445
1797,1,13.957381425841618,237.59091517525604,16.823222238954443
1797,2,10.02700901022211,118.00211289598393,99.61352817646434
1797,3,5.4575790904022705,426.3310694194297,55.25645722649449
1797,4,2.218591374255759,125.96779077218105,41.655714252363865
1797,5,19.33538330975837,384.5929766657466,56.65252314374356
1798,1,4.840520015143225,203.36951291168933,7.7762001934151925
1798,2,7.483632092524209,271.32906086722096,49.17516233720788
1798,3,3.161765369105094,309.9773768338696,107.54176336795734
1798,4,6.388858911961667,186.2218352358432,69.67514261712523
1798,5,8.362349725824918,281.6333080539352,2.9418919093657365
1798,6,9.8154165025002,335.53501233065623,5.21659717297122
1798,7,8.827039928383755,6.3576818353025715,47.0867991206208
1798,8,15.698549054046634,151.78714782700004,80.8435786078233
1798,9,17.170175849809468,65.01166975029832,20.6887772641735
1799,1,10.71925705563032,77.32391679832476,71.68067318892084
1799,2,4.555527599551479,62.1202675925548,91.32327753366246
1799,3,2.9754653000512024,318.39164299463346,40.52037306466916
1799,4,14.518500036093627,82.2394713440201,84.19709577579215
1799,5,6.183945517833811,158.92745038705078,36.22092527508643
1799,6,1.34218354179054,313.7124514138585,23.33793401026383
1799,7,3.731063799981623,106.39236872018098,71.53001282995572
1799,8,1.624952233673005,355.42844826237194,27.969872757889938
1800,1,17.862187683416778,468.3473276504592,39.654783852862955
1800,2,17.952608405511437,167.33067114161142,36.466291522417826
1800,3,14.291221714569364,322.21197935707903,73.59554958262943
1800,4,11.147565591169261,228.9668878952458,1.2232900014387482
1801,1,2.7042273017618914,152.4541838370616,96.55441777657776
1801,2,2.5063508679811664,117.20349591668906,160.4422386607032
1801,3,12.28128512714277,161.3009073621921,30.91765514219571
1801,4,12.611417351842036,302.7362424833249,36.230460486823176
1801,5,5.6375489080297,50.2929240286756,43.846264126133505
1801,6,10.528984850510701,55.51878305070932,41.80865385137709
1802,1,1.0430289178217116,179.49256060548203,51.97540262738768
1802,2,1.9252380789630585,82.34566238479924,8.797700461145858
1802,3,2.217813568985198,154.80645885243766,41.278605389663255
1802,4,8.526971686565956,504.5942047721334,60.10225470864527
1803,1,8.166180404140327,163.64050506279173,54.131825814088394
1803,2,3.465094620935986,361.1706055912599,25.849597386944218
1803,3,7.0943854515985905,49.31409190053509,91.02809859222575
1803,4,8.772786602884462,432.08832965085884,72.36104859384113
1804,1,5.39749428476375,116.34273416351267,8.197318598362983
1804,2,6.589124251222815,43.747785094311524,81.53333410576683
1804,3,12.312307893589734,249.7550019945857,89.07145546367408
1804,4,4.216046098997848,240.46835358668017,92.80879141070442
1805,1,10.828218636857152,280.094361408077,10.151683745946336
1805,2,16.752531441823603,195.2964103372693,90.77244528047027
1805,3,7.778482986524078,476.58297900931234,108.6903759017878
1806,1,9.940709002763539,93.78756721664122,29.151522868355947
1806,2,7.465232918568869,569.5243794431677,53.693348681285
1806,3,22.51580335041202,322.9350462082758,51.27135954175573
1806,4,6.407850074876519,189.10614567651,56.50586464892001
1807,1,10.445178953453665,134.50756984601526,8.224208092307293
1807,2,11.34387425629453,209.94105909768464,0.06665026453529066
1807,3,11.982301565243146,303.7439190112894,114.29499260709802
1807,4,2.0582453601087085,169.41108093234394,26.12618952203164
1807,5,23.269969706556857,63.73160066591083,79.95793129649068
1807,6,7.126398796800097,48.67622207611228,42.00426917576574
1807,7,11.447222080724504,80.89558507119438,39.35339135002703
1808,1,3.991165439113619,255.94072220406315,24.83242921579302
1808,2,4.067566579096505,175.97177913294306,42.47438865826753
1808,3,7.793826290578267,207.6003324621731,15.838664264151973
1808,4,16.350045223659745,252.27981304999304,96.31082424377136
1808,5,5.522787042411462,251.77808976107528,28.146024159706798
1808,6,3.571094233850882,18.57187391629671,56.99515035224195
1808,7,1.6739505919826971,121.64634035419773,46.44175584214255
1809,1,6.552859473082635,59.00810544674269,43.837804979964304
1809,2,3.6775514725051375,288.4410498986282,82.35808069419491
1809,3,19.273095628704564,351.8538896627418,106.77512037800739
1809,4,21.378818286734916,9.62074558210557,18.840347149554436
1809,5,3.5994891036045766,224.64423640772773,24.670607460551416
1809,6,7.325186397744439,360.70334451779354,72.07685106446277
1809,7,6.525459370189813,318.35423601410497,61.55895845699112
1809,8,12.047769710831654,300.3196390941877,48.12988491292721
1810,1,3.7431740835596905,205.12708130563175,7.934180884090466
1810,2,7.620153117682399,112.74799296658803,34.851727563829606
1810,3,17.79746839296594,8.418009205848307,42.303151482876224
1810,4,3.3748261083559736,238.25574923151441,104.04117768943554
1810,5,14.991291655573573,233.44412498610365,90.41348199149024
1811,1,15.116816657774745,197.3181661533836,22.9583913983642
1811,2,4.842684292563704,327.2183898218048,37.853982525499184
1811,3,18.49483492065273,18.00609830167221,77.84550713643235
1811,4,9.667273934725445,162.98221649361892,2.867773184226728
1811,5,11.470142408550897,48.66547247138081,24.557563898051896
1811,6,9.015324851122488,145.14120884342952,91.11159272662933
1812,1,7.334398473754276,202.52909606024437,59.72515143251451
1812,2,9.159685013415546,54.43221780330842,5.392060685992789
1812,3,16.172536396851175,52.60068038722733,0.14430762539663533
1813,1,10.14845989253576,181.3824333722842,15.862487340002076
1813,2,5.017335025580017,189.75999192844301,130.48815758946344
1813,3,12.597713722305457,223.6608609626585,117.62511876025087
1813,4,14.114936636505258,309.3342404577944,33.724168706752515
1813,5,1.1416785500549818,239.2471325746326,122.88796285153985
1813,6,20.59122426439555,298.6761198570498,22.535819279000417
1813,7,0.8544381014317608,76.66290766238332,58.70846398053721
1814,1,18.958387088587898,10.697974695052807,49.6519810313171
1814,2,11.225022045517857,101.1631683980702,23.51478553413482
1814,3,4.008143153852064,118.95853926268015,10.234946459636816
1815,1,17.791364463952604,118.66232733649039,9.695679263329737
1815,2,12.389456399801997,523.1756436524365,49.74684405048338
1815,3,5.619220073909888,174.91503103102377,118.00092971928932
1815,4,15.265422847251866,224.91273145808927,12.764060351555798
1815,5,11.661434687686178,90.7542094021946,105.80546801129475
1815,6,3.159569744439219,74.80663055486716,73.03183698337637
1815,7,10.561122415565556,78.86515246066075,5.787452941206119
1815,8,22.798889327388885,187.08412445522617,54.20884139234235
1815,9,10.77291306502311,76.52270087380168,84.07224078954567
1815,10,5.602439542484068,104.50793265721353,52.064875936770626
1815,11,4.849091431654472,63.24957721908163,83.63179601216271
1816,1,18.953145082500892,156.72188959651288,102.27160329327853
1816,2,7.4216035438155235,238.90620063394465,59.49047131054765
1816,3,21.638386905536905,311.14955501441585,31.694187966525412
1816,4,8.09421770658957,158.57461397898427,50.739896813566176
1816,5,3.3881423778521267,187.8002646517341,104.72298941513507
1816,6,19.265550450624076,34.72759563814316,18.927809223643465
1816,7,5.848079109122985,66.86570171374484,0.5355015469982192
1816,8,12.458462402669989,194.31754577994818,18.837536040760114
1816,9,18.190230776096044,136.70585165455356,29.268887985834546
1816,10,17.1158907133775,261.6318921756885,48.30316992696269
1817,1,0.32446646035030646,375.0945981262791,30.357301847404937
1817,2,6.599926397893997,123.35310825092675,71.79321360630662
1817,3,5.717827825001454,7.999545070443872,104.198343094935
1817,4,11.617387755935463,109.25081484300259,85.3272059047226
1817,5,11.432371346147276,402.841610264872,25.646254297914908
1817,6,4.408398249712959,7.789030371506669,93.43232391944244
1817,7,17.48054005738762,304.9330793633879,10.506947925451328
1817,8,0.011989112067478658,334.7855025406715,59.8191479292187
1818,1,16.795239119203032,281.7095826878398,15.717702523593786
1818,2,5.504992078973948,113.82768080258181,10.177786805636359
1818,3,13.513840760698967,178.3272171487119,107.18718512851495
1818,4,3.1811193584110544,177.85712163916068,0.09287421834230258
1818,5,7.322999779293851,318.3176501156525,52.22549947608317
1819,1,3.230463915792085,211.70991474656435,60.443455017168276
1819,2,15.999207273806618,360.323185946522,42.756870546106114
1819,3,1.6473537623853396,155.62591618850246,74.73692653289737
1819,4,0.9553009774647876,126.0082554960554,33.64468359709974
1820,1,11.656848064035604,20.378187113273555,84.75856340283781
1820,2,25.43499190885227,217.4203670335032,55.42753219717638
1820,3,2.287125758884729,110.5599836771238,35.635376161253774
1820,4,20.371677181596176,401.5638070540671,47.38366886602474
1820,5,13.010905060673371,17.245736618878794,54.44905033903809
1820,6,6.328981999705992,208.20067314348307,39.01386241179853
1820,7,7.952457020617977,349.45984066004996,128.55690993619302
1820,8,8.813810416215468,412.7945578829118,0.33742790196846784
1820,9,9.354329780135794,5.57095522785022,37.505446328831965
1820,10,15.00989199547777,367.7951187925513,18.858981552193907
1820,11,13.206465644712525,384.49915214951625,93.50910390993711
1821,1,22.594027691927923,221.30692657290516,103.69200961395482
1821,2,4.955122419811442,136.60833763005627,92.98754276783943
1821,3,19.293700215660916,419.5227181910901,12.256500895786061
1821,4,5.9116861422184925,116.59811021819237,70.32965713287962
1821,5,3.3773178220503697,249.18891258813312,86.64659515112922
1821,6,14.957997115000863,49.71983466160228,88.51420101774558
1822,1,23.64151701168459,71.2373505416376,26.327672214475996
1822,2,25.027690256489905,409.29061733257663,35.22613092861186
1822,3,13.020050558764366,8.009254101691226,137.86953068062292
1822,4,10.510030865013166,287.83796038217906,12.598162712745506
1822,5,2.047364439908412,267.66369274736223,126.651962990805
1822,6,6.216650922329935,53.13455472754865,62.205235209132
1822,7,21.460351240135026,104.2116658759715,40.00428526707381
1822,8,15.85987031851225,341.6623223018404,38.6222493916042
1823,1,1.1391330832527835,206.5838773008416,73.59864536774568
1823,2,22.601883599245628,210.02004771666873,112.19373476847912
1823,3,15.868844117441071,328.8205764565068,17.773631587648836
1823,4,27.339533139408044,209.374979852373,58.14172687716476
1823,5,10.13794308818343,385.9978577168465,128.34464799914815
1823,6,14.6173671385653,142.43447593687736,117.93520270502992
1823,7,1.1682045308238216,95.64514429308107,5.514764387140538
1823,8,7.431134002236211,350.61638548755434,41.076654255504046
1824,1,7.303082157010236,321.17863194623527,119.39185128039666
1824,2,4.513310097357023,300.46317116572857,28.886393819122475
1824,3,1.9536460513973584,224.57151993215646,81.96324430144969
1824,4,13.63448606984618,126.22853277175592,103.2540473913155
1824,5,5.84027725925653,144.73323297734566,61.59304205292822
1824,6,13.262931263777455,31.694730392579004,6.52485744194928
1824,7,15.842725270821012,138.38175016317888,78.69901372019065
1824,8,1.364935228233115,143.47382130361774,94.74995138480013
1824,9,18.136506586338893,119.48962130861459,34.03586667549915
1824,10,14.738429457899798,233.3561342753499,63.30120925857642
1824,11,1.7618414001190335,183.40856436696035,54.04789001693126
1825,1,20.907825156385897,55.009240763487185,74.77575635390652
1825,2,2.6120874293104226,247.35657561315745,47.8043120098841
1825,3,10.443684127699512,73.7291412277637,45.19419510401137
1825,4,9.276800094409566,198.37613715973774,124.09263882623195
1825,5,6.098947930012874,232.84208725917824,2.4242868847735224
1825,6,4.487374574687994,151.80896047035424,106.69812253915649
1825,7,1.1867992872738053,307.97810831771733,97.43403856626631
1825,8,20.013162840721378,300.21889562018055,18.06267902292867
1825,9,1.4743625109280636,82.81987441024887,124.73273019946707
1826,1,10.922417591160967,412.14717011591733,81.16904823535346
1826,2,8.595533297998081,320.5682119429283,96.36859940052526
1826,3,10.304098638691524,96.39424049674764,63.81718329302336
1827,1,4.297988187158268,326.97823007636794,79.03435733238825
1827,2,0.5558774841115603,213.38500266533754,78.94834164206448
1827,3,15.346776078066966,466.14783722059843,11.470979162630591
1828,1,16.23266958669533,76.09287520851836,12.949833824037604
1828,2,6.1841385586751,152.83816050233372,65.24093612153371
1828,3,10.137438125395754,489.6597126637002,63.919322463674945
1828,4,11.928188663091863,113.63650407371773,62.12939097781508
1828,5,6.580411878130162,128.11127145203224,176.8295435250101
1828,6,20.799306392707255,69.68504069099993,75.96089373679536
1828,7,11.891592784112312,100.58977869715748,133.37015898804168
1828,8,8.596206305055645,407.7579416247528,23.65486183835972
1828,9,17.69895680182979,400.3769764503398,11.205987569125597
1828,10,7.70102978100631,187.02720539510835,115.37381431607753
1829,1,7.6740158991629945,416.2659284388134,82.32860067738932
1829,2,15.642783507920718,235.08757977095783,16.93976753762579
1829,3,14.87275287569081,114.72738779412072,56.962208009761355
1829,4,4.3151674707331775,66.63247093451858,31.46663376923526
1829,5,9.412442010322184,196.4876566800764,81.60952611124486
1830,1,8.78280653954437,323.1938098664957,29.011068105355857
1830,2,19.732546787102905,113.58312471379622,87.88041069545613
1830,3,7.53594574588423,25.37346265279558,31.517421575602874
1830,4,2.152264451851904,194.95932947084813,113.94656196465577
1831,1,22.704576919401937,411.03935039550805,32.54709108020489
1831,2,12.780086068147025,305.91582372567535,102.04451712371872
1831,3,12.297799033686626,152.4549142663587,29.118993483545243
1831,4,12.203854742046241,86.15064307917937,71.60958421955988
1832,1,11.407401901972657,53.413529961459204,21.201950036280298
1832,2,6.22168764664269,378.1453856089462,118.39070909341531
1832,3,3.1746979638937036,41.008009966674166,10.530344313799674
1833,1,7.38095823123434,428.4666307113505,61.370590338138385
1833,2,1.966873022270935,39.41311891455854,38.112231361807204
1833,3,11.57368071071793,156.80807254014235,129.74249595357713
1834,1,12.827884683713135,239.36924846891065,57.40152313727573
1834,2,5.0964117044604045,350.6727999165091,52.73381925544357
1834,3,2.086871955403308,111.90241426789656,158.8588165241634
1834,4,19.13261431186916,339.57535773811117,62.775070359552785
1834,5,3.061449988983755,188.6987450554482,23.792774479466043
1834,6,9.187887132886273,61.859909107129624,72.08203967026097
1834,7,4.649994232350196,99.97414485379372,67.83964034091449
1834,8,23.891745737376787,42.82743795577781,22.64549172344486
1834,9,10.407807435926557,128.25767274940557,38.065453184980456
1834,10,21.267084584931037,41.56588649411461,62.987529250429134
1834,11,15.26206883718783,35.04957621972491,61.27606217595794
1835,1,23.03738179131938,49.08870567549769,73.55627774871388
1835,2,16.847906918554074,99.14739036570353,90.17635345216303
1835,3,12.453102038154467,296.17068309278227,23.025227017724575
1835,4,15.207275272813957,172.5638224266348,4.439172897134817
1835,5,14.908698514503417,321.6732907816453,46.92917229388748
1835,6,12.540038722283047,175.73787979304538,5.010411658705955
1835,7,8.989990454334942,379.97703988473427,98.56312719417731
1836,1,4.221670810749113,76.94789255189859,13.434372107544341
1836,2,6.214202442720275,400.160382064243,69.93939281380662
1836,3,11.655702011988392,398.5159094278048,32.33128377061895
1836,4,9.437388943645669,384.35387618022526,9.839504713067967
1836,5,3.8717464100414754,168.2970157871438,28.664221165691387
1836,6,7.308796887572402,224.2956888122669,27.364048308535192
1836,7,7.6979861842573385,76.13045465072874,42.24005624983154
1836,8,11.366062269096508,216.82752246149084,25.680745707736943
1836,9,4.750300680772684,142.6922126950655,33.38437574782098
1836,10,2.139821499865226,54.963138638192305,70.43479608421589
1837,1,6.463306221330615,203.45697001813363,80.69357411111673
1837,2,11.653206165784615,300.85755737470447,28.94456286230372
1837,3,4.9924413470977616,75.20224976214804,112.40021206901288
1837,4,6.838875365305228,133.56069953306024,55.1759997385969
1837,5,2.631359892517567,366.52507458704434,39.622877801185346
1837,6,16.93841319958867,86.94509426554369,8.711281519586613
1837,7,8.173534933803781,114.0570321300803,16.67639295536241
1837,8,4.3509343170103865,179.75928460530452,30.337254861525054
1837,9,3.47412170986434,470.7071559924942,68.31820099327595
1837,10,11.109379278806408,190.01818969477526,76.62458665982072
1837,11,13.722764033544196,44.85812673548318,11.290805005098655
1838,1,10.474743260360093,221.74409817526114,82.60217359183397
1838,2,17.09266777593355,69.84782522530458,65.90756372399308
1838,3,10.064257945720971,343.76561506573034,29.771772175506584
1838,4,2.0701233137090647,168.92368757964053,48.273559274613554
1838,5,18.187277296518246,329.1469846077096,0.013834683884887511
1838,6,18.080706028366404,61.052934955537296,16.088524095062397
1838,7,11.054311827991206,228.33782892846307,44.11092939486859
1838,8,9.019477911974322,5.5946366139984605,45.89458972652453
1838,9,18.489515607580294,187.28108688934213,121.5978293495925
1838,10,9.99521323285506,73.83105312599841,14.097336395300466
1838,11,17.59983816845834,243.3360993495451,6.260371257690139
1838,12,11.015173418737724,280.6700370394427,1.8738113529747764
1839,1,1.3450669459800508,20.284170019516296,15.109672261041531
1839,2,3.2934019508676062,48.985291905184255,14.03698329886464
1839,3,7.594331432703178,391.4696327529832,91.60401677875264
1839,4,13.163565462014589,518.822086106727,47.17900913693745
1839,5,15.668120593229617,137.79088173679565,75.83621824299982
1839,6,5.494604710795325,81.30864042019039,38.73619794184908
1839,7,19.104610973959748,65.98689186798367,9.178945439076315
1839,8,11.687571102562485,287.265261884906,88.14191186860748
1839,9,17.125958981195748,198.93892367697214,0.11009204793582228
1840,1,16.792961419582852,261.2059712389421,35.32248289420966
1840,2,20.329002159508732,95.97057650206972,104.09743795045782
1840,3,16.336889543424117,275.19721054554606,42.85838868966181
1840,4,4.478963477883632,216.75120603159752,54.07532166351962
1840,5,8.702943866321208,268.7538687443724,82.85831136217696
1840,6,3.5876370835617806,88.45661570042216,4.030765449070245
1840,7,12.040521911981639,423.07046511485584,5.8841983077287665
1840,8,4.134364782616027,17.04182449749632,25.758284560847816
1841,1,4.9893021278944545,283.57828481758173,46.471603209108075
1841,2,18.09100819124804,83.8640636634089,16.20981182513298
1841,3,1.457223060491005,133.97800142452854,54.00464700507153
1841,4,6.072800451520406,124.80930508285478,94.39471010057022
1842,1,5.1836199427763585,482.264018481522,30.784390027227857
1842,2,10.134689725996532,264.58440901982334,69.79173827922257
1842,3,12.050036919334637,12.44147574915121,56.48173473134787
1842,4,11.699802537778288,370.9940406327492,79.5696610849075
1842,5,18.441022517089394,49.51919127950379,10.159184463438024
1842,6,12.2966976958281,369.92779787594384,41.98264309869153
1842,7,4.817973241985241,40.22008021092253,64.5211706266079
1842,8,9.209603302782043,134.90805187541335,86.20760144372737
1842,9,9.392437639857897,200.13303293377504,85.99494890365258
1842,10,25.335150455529497,133.33062930486574,14.950409020562276
1843,1,3.07658721294509,19.901954243871387,73.49517057326526
1843,2,12.025130483465414,59.73624613751832,29.85001951550916
1843,3,11.215251752074991,279.5556184322596,104.53698929008969
1843,4,11.501343089088055,193.14632737032326,50.935220858987016
1843,5,8.212720762509777,129.77962996810658,12.66301025310132
1843,6,12.701990179731476,73.74745261444356,56.8842044872087
1843,7,9.756158039334434,296.2852129257017,59.465271423286765
1844,1,13.235561084210254,170.34284721539848,34.07288701870858
1844,2,4.988955651550055,42.13670423741888,68.42306508763659
1844,3,8.862888638333725,44.28465197168484,34.1597352144106
1844,4,12.034244295010815,96.036248393528,61.58723679491929
1844,5,5.654066365416114,433.7475773465403,60.831838767457114
1844,6,3.4693084279961504,313.9339432378075,59.70086439309023
1844,7,3.4110173295967865,245.46871314185904,83.63271732812987
1845,1,4.560242319289088,331.22081422785516,77.19466499220334
1845,2,1.0951325624478674,310.5335464965653,56.05283425325979
1845,3,5.642457386072568,290.8091238121879,32.592667453589456
1845,4,17.13856306288167,165.03713306788725,73.09405114313716
1846,1,13.398450415859898,77.46419316155334,13.249553036060142
1846,2,17.03030250265717,226.58030952419506,137.19987921497454
1846,3,2.139440870231514,300.8100898192248,67.6915566505856
1846,4,18.87573864461184,418.40376709271476,79.89991635824089
1846,5,13.67942078615898,200.041256096012,50.96157988882579
1846,6,16.2852320119284,288.3246033209547,73.418419917814
1846,7,9.497253415661476,5.970105677785284,24.82075570182335
1846,8,6.04494421891985,235.79878162092356,94.1438564776129
1846,9,9.466758350415796,69.74258059197106,21.766211718677113
1846,10,6.94251563796164,53.922197746143496,83.12694872766431
1847,1,14.858065351845866,2.9004165129109936,142.16281022936542
1847,2,5.186255415613019,19.336478697337554,92.45813348598396
1847,3,16.423801078007624,455.614928593355,54.17861836112546
1847,4,3.538882622311629,209.78444840008393,84.08807939462633
1847,5,5.136197707433102,40.01279342422521,51.267621337318936
1847,6,4.94430060659076,173.90363256214937,25.29112247397638
1847,7,14.077798187551373,132.52757810964823,29.282136162126946
1847,8,14.936398781512665,33.46081578907163,13.761822982957078
1847,9,12.37132468150368,68.75254472079922,102.03636198052253
1847,10,2.6269091406485474,182.08912175997068,15.28432898553006
1847,11,20.239746763042877,41.554975629228096,126.70806978921033
1847,12,10.582780908751532,172.31406128357887,33.451667748357195
1848,1,21.661933849635776,115.9459108145226,37.28135146373933
1848,2,23.184474346153756,44.47630234500858,29.18337905036624
1848,3,5.411023651513771,441.4472122912222,2.8258811875570515
1848,4,16.082225012145205,43.03432380664603,0.8813371581663105
1848,5,4.456436794861328,149.35913234489453,90.97137706793907
1848,6,8.326377162004766,277.1725534256846,23.73376992120832
1848,7,10.441451768050493,355.31605326197337,75.26961395323663
1848,8,13.917516805409928,78.0495681301399,25.28802345935422
1848,9,10.896445539459016,167.93787958922803,29.024805100382114
1848,10,3.9434240828733973,347.9125831039903,63.56099656605161
1849,1,16.123600173250445,353.068276004035,103.68629783528573
1849,2,6.739785071569203,104.79329493914344,24.207997668661363
1849,3,5.7323312753377245,340.0008032937942,49.74100467846217
1849,4,8.010691714486645,133.46333359248672,67.50639933966266
1849,5,5.360302586729174,334.6289461822308,34.89691933939976
1850,1,5.30263850853337,256.4852952971499,84.2154877829235
1850,2,7.73448565225657,434.5260577500163,72.96064042368775
1850,3,1.051563361048796,214.26002574704583,18.833396767431285
1851,1,2.855090281256162,6.176190406605656,38.37817150823423
1851,2,6.051840880027127,370.53424953703956,73.77346434947957
1851,3,4.230285330483294,176.36072779569912,103.17650107824967
1851,4,20.451137230022184,5.321415468490017,102.64786956861369
1851,5,18.677535498355212,226.79197961483072,46.36959708562479
1852,1,19.82045700881124,106.87459147198966,8.779952238452864
1852,2,8.799778555672606,433.64477077820663,47.24520149486166
1852,3,9.582688401112474,1.1821781142978978,71.64099125039112
1852,4,16.96068725282612,173.37398333396297,79.80775349520624
1852,5,10.998001057609088,440.28669053966587,54.477043878570726
1852,6,5.14307554264324,139.5762958759031,136.9841521727011
1852,7,11.557374100457023,256.50810465579536,52.028251369724615
1852,8,6.153014256100538,18.63649482296347,80.16115185318579
1853,1,15.231809450279897,309.15602566330864,24.049485405172902
1853,2,5.071841091041206,310.0174171613044,78.39328294413944
1853,3,21.371510899041446,76.55690087350251,45.43724919007757
1853,4,10.874816490460328,284.8789982792591,88.68936092153143
1853,5,9.168395564143182,232.94672768903698,37.439928783034006
1853,6,0.08152631709923419,73.09985034686115,31.271921074906853
1853,7,13.92062005903609,115.78548756081602,73.06027836540261
1854,1,14.07488743662579,167.22737479838224,23.613661710008024
1854,2,13.775558103290901,205.16693872056285,80.39570786906258
1854,3,4.007398296576724,277.52771425091083,29.228918301110262
1854,4,10.263089968105499,186.7744976666603,103.86464354550685
1854,5,3.0234745673811982,442.114178271131,78.25776391774437
1854,6,11.064955200695348,15.028740261732224,16.882712271594727
1854,7,6.073373065116158,295.26545361627643,49.75989536540584
1854,8,14.047680935344,19.503458133513732,51.77598692430844
1854,9,17.66766962639863,417.78301554734526,0.15868914990196714
1854,10,7.53654338730924,148.88044168433422,24.945409757516032
1854,11,16.35438999207793,630.7213066040006,5.4514164267693275
1854,12,12.973376517032062,244.32987127495733,62.67934321471009
1855,1,19.330980653138347,160.87133480825685,25.77105741325107
1855,2,17.439502345799568,74.96458896990464,48.79468268307556
1855,3,0.3642258966527212,77.57742556494975,37.546051805659715
1855,4,9.211149127720727,213.44875707043147,78.13752412747706
1855,5,17.27682491748264,299.6013443902693,54.68728014334443
1855,6,5.568262721283535,158.5252341268497,48.317164868192215
1855,7,12.40994654285694,72.86951309343976,44.49864755674096
1856,1,4.9469860244051596,267.19435355236214,38.36101748347222
1856,2,13.107223574052366,218.71648860348586,79.94800706565994
1856,3,9.078718750775456,197.007975763257,38.43108238672209
1856,4,6.725583324480867,266.6062000012455,12.552635802140422
1856,5,17.373967601566374,53.078241947965154,36.82880706449872
1856,6,7.111736374274747,285.5535221585748,98.91188539893972
1856,7,12.175265296227085,432.45098655544865,22.245435907876224
1856,8,8.120986188774717,8.175819026888007,5.521257043066782
1856,9,16.512623633172883,169.66630064899476,31.006520991252305
1856,10,3.768038094022116,302.1092034158537,33.52334661524711
1856,11,1.9188430726459664,203.7389188536811,70.34969606677572
1857,1,8.854512858862789,292.1226788920561,3.519985059161229
1857,2,14.294597729037674,133.0421511048496,7.8691419180001105
1857,3,16.577367724209065,41.47915601722784,4.7530185865501835
1857,4,17.133237679244928,18.675549648344827,24.186772719910866
1857,5,3.5175726067976125,167.38663092731616,20.90143703221196
1857,6,2.878149899354283,266.00042511750684,75.61120885665447
1857,7,3.8965897131127285,254.31963363182936,151.07734808621865
1857,8,9.852289796370009,199.4787974325579,46.58538378624659
1857,9,10.278219941807597,191.52180784921717,22.039223009426294
1857,10,12.063619187009843,101.17065057844134,6.342405284699808
1857,11,0.13472763435112434,28.399362216598917,116.70101946460646
1858,1,18.597440241286733,142.01834817387413,64.23129966433916
1858,2,4.918332565002198,242.24190820700085,84.28673227781074
1858,3,1.7226313789757306,218.48389237496417,70.7077759671879
1858,4,8.95980312970875,233.91041212478274,79.66194309370891
1859,1,11.074067991842064,290.3828840068272,0.08497679634457711
1859,2,9.571671829188606,374.4953018514889,73.85768904321
1859,3,18.623488150287308,179.10293915770492,131.65314983403528
1859,4,1.6590019775017009,85.63788188390299,82.50416610612268
1859,5,11.021098753734996,69.76137544651212,61.23986798166831
1859,6,5.665755999274497,129.8730265162885,125.36235115798218
1859,7,17.03819144967143,293.58562553254814,72.25386947119682
1860,1,2.126287344929745,369.1637798456493,93.41178889182918
1860,2,6.235619221761726,244.24629390237905,11.390630394674098
1860,3,1.180459100940773,377.27800969885664,2.539039102997492
1860,4,0.9423239662937188,215.77919840884098,39.172964800999296
1860,5,8.710471996363646,545.8481761092991,10.221345959683411
1861,1,15.545686992297501,339.61315594618793,43.53132862294011
1861,2,14.709829141006013,387.24896542854185,37.138182463137895
1861,3,20.029454230350037,196.43050297387836,46.06968224564514
1862,1,3.8590429054556266,208.58106902735585,38.44685472140122
1862,2,12.801143219372687,84.04260926849774,3.7162761756804485
1862,3,13.12904029632216,17.238259771348908,16.43891224650585
1862,4,16.7888769176576,222.4878482509455,34.40183076241485
1862,5,10.951967764378251,138.08458898901495,75.5405618200389
1862,6,8.843688700873459,56.8422288853634,9.701947898814709
1862,7,17.837992311501264,12.401149701517,79.71300707304253
1862,8,3.867694611457706,100.29461942295306,99.51074278423759
1862,9,5.225255536898935,158.04371026935377,96.25119578461937
1862,10,14.224383994305978,298.57945238521745,16.822977876858225
1863,1,3.8307933953372943,89.10084382483421,44.34090416872202
1863,2,13.725110712773922,186.00897054764843,7.179421644220724
1863,3,16.51329987710814,80.8491563853404,135.28608124844015
1863,4,8.850206090583455,274.2325822627005,94.66476947958179
1863,5,11.889641752167245,190.87764167389034,79.24787469534323
1863,6,7.886486259770315,229.55250974025537,42.497468035467804
1863,7,10.253180737166234,325.1366325318489,1.6356209075773194
1863,8,6.7693237158235995,124.17283464365113,89.23107217697054
1863,9,9.078797576837184,60.820750712535016,28.96105508379668
1863,10,17.99123639856625,197.59014811599468,42.182854603154766
1863,11,9.366021100968625,367.12287688540994,67.4037727226676
1864,1,11.314492328960977,155.0130130145704,35.766178828790416
1864,2,15.630336828477597,306.8766405404074,17.83040312521051
1864,3,8.961282898446107,19.719418633901313,72.7169028757729
1864,4,13.234743640023165,412.35904078130295,79.47314034447979
1864,5,11.250602317350674,586.9093662597819,63.893802614356076
1864,6,13.890150703614275,71.55581891349738,82.48804305671396
1864,7,26.916384996205018,242.9798360752943,81.35681052298743
1864,8,17.764810377512656,470.32112820115003,74.37383515252412
1865,1,15.490479508779755,79.18962565380525,69.50917012790138
1865,2,12.730476626511724,79.10118218227487,33.690945763679096
1865,3,7.00714795351656,215.0338218740134,38.79844899398715
1865,4,11.880667919336709,264.60293790834083,100.70673734853382
1865,5,13.843978545107088,94.7088772104114,134.44411657625892
1865,6,5.131729361532706,141.86114325109648,73.89983281373092
1865,7,30.26709781521596,260.23781772375753,24.336725117363088
1865,8,1.4752849333951072,55.873642508361485,50.43832750500387
1866,1,13.747894750863827,411.5144453547624,90.766364492304
1866,2,16.431255926906115,399.9207607772426,58.03550414771067
1866,3,3.8319876818952174,227.9621268811514,67.79203828440964
1866,4,15.799884300846564,281.4836240035237,42.89946106546777
1867,1,27.26220071506512,202.02291657919073,24.697307949900022
1867,2,7.927712245218152,139.48319521508688,106.07161199541423
1867,3,19.224861747292756,395.89522274395193,1.9765163268539183
1867,4,11.325118835641925,32.45414652321952,90.44394132681205
1867,5,6.614426849246718,275.4617225859414,29.92565973652892
1867,6,2.2909706365433866,332.77298676808346,88.49564586569412
1867,7,10.975583856631049,116.71006681991582,80.01417244962936
1867,8,4.836883249089495,277.4864470448495,30.375888033833924
1868,1,15.733740196943454,382.8826306908694,90.4212308953372
1868,2,0.036149964618907404,311.52424514540496,125.85587583224734
1868,3,7.89849598010089,392.0099759647017,11.389949730481725
1869,1,13.924108825716129,403.0314579964717,50.414222487774424
1869,2,5.017261220114405,89.2966025389066,17.214093415800747
1869,3,11.695813767627545,60.770974924719496,13.851739486700495
1869,4,10.25778042997807,168.43439898000452,2.714833986918734
1869,5,4.382524691047762,162.82400762270757,64.39475257952249
1869,6,13.994120322581358,182.0008805868095,101.5836508694863
1869,7,6.593494088011408,41.1695189200197,22.273339867608314
1869,8,14.44745427917816,186.72840445831366,8.586894948831812
1869,9,11.819852454550414,332.30006499594606,60.10116010655081
1869,10,5.515428469806778,31.03571383915613,59.75010809859981
1870,1,10.25024739861304,98.86579818896712,117.69505795748088
1870,2,2.788123354599527,282.3390069879896,31.24409567067773
1870,3,4.085981547247422,164.60291518713694,35.74583683139402
1870,4,8.692865411449219,81.95723237145911,9.440616933591755
1870,5,17.03119496785711,201.04034332889503,47.587461322206074
1870,6,3.7596535756820684,436.15982856930395,46.502856957391295
1871,1,3.269964333812803,99.91264442661452,80.70981868915288
1871,2,13.205619648713975,39.43438050646088,15.84282431828182
1871,3,16.065982707744237,72.60906993999322,12.967589875543759
1871,4,17.49974602811958,62.48922198546154,16.9919305875502
1872,1,4.787866826480052,198.14143944242275,23.063100988169257
1872,2,8.751721272548332,544.244672970643,62.93780903745807
1872,3,2.239558473049449,386.48335702593545,103.71197668758268
1872,4,20.041450757205887,128.50648137112472,45.54669538554093
1872,5,1.168553393066862,433.8963394996963,54.96504713393723
1873,1,16.352970733536463,150.22613573752372,64.32888235290915
1873,2,4.222774206021931,133.89650824382025,14.655157420992026
1873,3,17.77624323862755,317.21986866395065,74.75715141734293
1873,4,15.602071574854905,117.88012274697087,48.42602656684795
1873,5,5.2521525421448345,205.6014760553013,46.139252716283856
1873,6,12.582258444898613,35.737213713712606,50.43410792969585
1873,7,9.979737124446299,227.60199500843487,12.869574637115463
1873,8,5.730018944267071,75.76849546077281,127.9734193557973
1873,9,18.367105758696002,189.99972670111273,67.79095894773
1873,10,20.74802760056781,440.4252321951076,65.93809978445199
1873,11,4.1996231196953575,381.13682079397006,59.34632182360885
1874,1,7.625184097978898,243.93388906863936,8.2145059796785
1874,2,13.31173444384734,268.4500043699494,9.348496765420677
1874,3,7.747792155757722,411.3568577965769,24.672779037914673
1874,4,10.123491777595563,224.06852065458682,48.94655218591922
1874,5,14.82092834531277,340.2832555287499,100.58330762748602
1874,6,7.80551450256474,278.5799908393009,83.59317149121361
1874,7,9.171665977259101,92.12574573251524,55.74312748220584
1874,8,5.759879279265188,94.3657859224145,58.805356326135126
1874,9,8.681785772440659,226.3282842094734,12.049062734808949
1874,10,8.771170095345514,139.03973527097082,8.181193014542785
1874,11,9.37746513974697,381.96838471352476,71.47403444667711
1875,1,0.9236521933428179,40.90170682624401,35.722557186112816
1875,2,9.347403616616283,452.24422590574477,58.91919610865695
1875,3,7.189022561348008,324.75817381785083,88.31444460495109
1875,4,10.860400291791876,174.66289147273037,106.39821178516024
1875,5,11.488989858228802,16.582239559530535,36.041570079362636
1875,6,12.73142289923868,140.94814656582608,71.86377361880591
1875,7,0.29929229377339617,330.867265814359,34.2602535149975
1875,8,6.027864554552,324.5510566104034,47.857440603201844
1876,1,0.3682813678585841,29.795277130783887,98.56451758937192
1876,2,12.637258381791327,488.89275324106364,55.10377609124499
1876,3,9.131734331959818,86.31602864473597,143.48551665450344
1876,4,18.310959644300215,270.2467234020045,61.22590429888191
1876,5,1.8606016654806474,200.08083205537176,5.459732659453692
1876,6,7.815378257923344,215.23781349045254,57.119384877712974
1876,7,2.8117020835444144,276.75967008258976,46.01321671938121
1877,1,15.268219142533441,411.0344865623625,101.211926984811
1877,2,4.4597008924703765,22.227388911496945,0.17623953625199817
1877,3,21.08387826205106,192.99354488002692,33.04832357832926
1877,4,1.0187481956768991,353.19803352104543,35.22509295584254
1877,5,4.71986201841648,454.8355244634184,48.577934113641795
1877,6,18.518943197627465,199.87376514880793,29.574624215214612
1877,7,9.868477186129656,265.2218152806791,21.411866546803637
1877,8,2.6990625795181415,137.76827246885455,52.178855155040985
1878,1,12.550514460717425,466.63897700667167,26.808610868546594
1878,2,9.245697287148026,144.78007107133786,5.304711578833775
1878,3,4.798612212615606,322.4946285422795,28.431595990839995
1878,4,17.811234954180634,152.01853455400482,46.896337421950115
1878,5,16.20112519806605,180.95657120250507,61.303271145655565
1878,6,6.560368901778183,154.95772150234276,81.70886552253415
1879,1,4.826601088469217,8.714420788717604,47.87182790924561
1879,2,7.871036075649879,324.55892963709346,13.900463486411603
1879,3,18.085430368067122,345.1080602230156,4.976037100160788
1879,4,8.462778436832425,192.29967951816852,90.23791437438936
1879,5,5.19225528808708,231.14062539015433,93.96234074737444
1880,1,15.455829976552625,239.15112878815603,33.814202941350395
1880,2,4.448981758484232,150.92583703181805,82.3267349747453
1880,3,22.225337454468765,156.97958107937205,99.47892321600384
1880,4,8.068622099147984,195.8952496909285,84.42981659817605
1880,5,9.015149397674918,86.71932873974889,27.058643824369923
1880,6,4.08905008609123,220.03207128719387,100.38863257055371
1880,7,16.017439884068796,214.14639153628923,23.65792763549861
1880,8,12.124038688311114,470.22261618855026,12.77741937150639
1880,9,15.252729335220753,264.05910756574855,21.062465581335875
1880,10,11.696125961255277,137.5112705365924,15.294251718530568
1880,11,3.1788510365302516,91.86534091717598,3.177110775479676
1881,1,23.67373382631511,64.09003939500622,79.85508850988828
1881,2,5.325182157509072,49.62910471106079,79.72149599507192
1881,3,11.402865607839944,216.85001965170053,80.25161295770386
1882,1,14.808663710444382,21.70160199389605,40.626933358677405
1882,2,23.70415633123227,120.0369755910462,64.97307022731519
1882,3,7.170673464404819,130.31677151408888,98.31365575489181
1882,4,19.796857453370976,80.78779941862462,28.16134978103627
1882,5,2.7840819329818913,249.00800933779786,67.78418966068973
1882,6,4.678421097007071,116.92895707154311,57.01677224702966
1882,7,8.123233493926826,340.6821022615822,20.701152985955105
1883,1,13.778729562338263,545.155041382003,79.54984885507844
1883,2,4.007369024125221,381.85392011939314,3.904433034636
1883,3,9.040226545850281,163.01537185227085,57.29304667267021
1883,4,3.4052845615826595,219.2736873229557,19.935185768393723
1883,5,7.362876601868672,400.2846154474537,91.014099384645
1883,6,5.1279013469722985,28.890382422169637,37.32579562051282
1883,7,14.322295993561172,241.75842990224518,65.42692751886369
1883,8,21.834219624918163,222.93413671027642,59.12328504259787
1884,1,0.21834285800385267,123.89711664382936,3.4273056432917386
1884,2,4.761765011747627,223.34206409301328,28.243289305313382
1884,3,18.194956121326186,293.54840590742936,105.73971870097158
1885,1,17.05881593295171,99.59799323666572,31.55539280986854
1885,2,10.67483478244751,206.27664413847629,14.540996218302546
1885,3,15.26368544447819,229.46553182329188,5.936502393883352
1886,1,10.464739825099654,10.107469185110261,26.268801570431634
1886,2,13.582960578807093,329.81789880785277,19.224849910046252
1886,3,19.294539361983738,286.6076336550083,107.33556286593758
1886,4,2.3954451326165245,246.6876313372168,74.44852592386852
1886,5,2.0296684969341356,562.1371837406184,24.53749830339884
1886,6,13.807010833053475,339.0116275253821,54.04731539549347
1886,7,19.700796507221437,499.2819801478031,5.615533843099712
1886,8,10.813022498570884,337.35152841657305,15.321548536340643
1886,9,17.44991298812208,455.9803556186322,101.3554744937349
1886,10,13.069114209135426,430.9189453199862,64.29805101336433
1886,11,0.7626827627723642,121.71581909343136,39.77503567935646
1886,12,9.552347383179981,185.86553655244396,36.46998714307112
1887,1,11.531904667733299,239.41386598485798,26.222127152710737
1887,2,1.0808112338064078,236.29709437899203,43.695259310860884
1887,3,14.934534554098285,455.228238510618,0.12872066771822688
1887,4,13.244140989952752,15.485791999020677,106.5730564454659
1888,1,3.0947446995207972,112.72674218265855,20.740982799856052
1888,2,13.463989716915563,286.97559550745956,19.32285754806767
1888,3,11.830723411349611,299.27699186633123,25.0321232494168
1888,4,9.515285151204992,186.91006358122095,23.584538526418143
1888,5,9.945780873226587,191.49607930705545,83.04358583009916
1888,6,13.268654582738447,410.9695058199518,64.89513289589222
1888,7,3.168716917153888,132.21811853115622,90.06141710136114
1889,1,14.489257282419999,383.92185604125956,64.02192846901491
1889,2,17.610227498645347,215.92031066625532,96.20698830819231
1889,3,14.878631158654427,154.71942516167468,35.434009310273
1889,4,14.140884607102684,142.94441864299577,59.08738677790256
1889,5,10.167282536966237,69.8654010549582,47.138001735773095
1889,6,6.490196280342994,240.4706530648174,58.056510999571096
1889,7,8.189825817097176,177.51430528767986,5.055751198609201
1889,8,15.352887068568949,126.83486015761389,90.06235246523526
1889,9,3.1139272833076497,313.78500357687614,37.34936985485745
1889,10,19.512626377390667,386.163230054398,143.16886281018307
1889,11,16.676828143660344,83.66839415375163,88.43706505139735
1889,12,11.635826155930054,92.72048476569846,86.84953586301589
1890,1,3.134707419828131,100.81612454586507,65.53096604873397
1890,2,14.633891722442446,231.28540543731805,33.46610925203254
1890,3,3.494746973390785,554.5069426733043,64.01611178174436
1890,4,17.740679034848334,348.2537934930281,31.095419255171215
1891,1,7.9259417738694085,192.2864571060548,3.3362707897247574
1891,2,12.115850743932146,406.1121213767966,44.03998744158549
1891,3,6.152852148750292,112.44912479447399,37.11539647426683
1891,4,6.967756962074933,479.40238269063445,32.251654038429926
1891,5,3.566616603966577,67.07540265888954,47.567706301459296
1891,6,8.280918903443608,258.24130895588456,1.5833837715041028
1891,7,13.073102455314825,286.6740807006039,38.428665590473585
1892,1,15.725971529241212,170.91872889297764,30.13294191368302
1892,2,3.671742624171068,414.28019682460933,109.84161216105191
1892,3,0.8232053861478441,141.70582452880024,68.13193497365924
1892,4,3.7047572375053255,311.514153323207,58.74379757933243
1892,5,15.836239569940147,547.8148966368221,16.743562812067537
1892,6,20.253029874316198,121.5120072574969,78.17869587147607
1892,7,13.9353864364519,412.2549404362434,54.306226454355944
1892,8,4.578979569146591,243.59314575582397,119.32201251093804
1893,1,12.779851495085433,238.47938260575506,44.67759370841483
1893,2,1.758912499558999,255.25503937968503,53.25369576382749
1893,3,5.931084103270949,129.73462710907717,11.432367677027308
1894,1,15.834906317202018,237.80472277865752,68.20218235863692
1894,2,13.80654300393193,355.31426496418106,111.47799270154748
1894,3,3.809101029979823,624.1697785852797,55.53075843695202
1894,4,10.970172463422475,138.0635986481975,33.63671916196816
1894,5,14.314596326105633,295.57350090459505,72.60894684944255
1894,6,6.816150357981437,205.17748946542605,21.821343963652723
1895,1,9.067117626702213,650.1240694096912,101.97181511737179
1895,2,2.816058220195343,388.3673684943725,23.887884767788364
1895,3,13.663072471038737,367.8912359588919,84.6897844323475
1895,4,5.566803056522641,74.0535685106915,7.681180707657816
1895,5,21.051463572745746,336.3003983254181,99.73074122535184
1896,1,2.2570658292750956,9.117767086595364,4.578767034802112
1896,2,13.730167292432494,404.0025725164784,102.41827770790007
1896,3,4.918471258126783,142.65219514648115,70.99189687478592
1896,4,14.17073066056144,237.55458890913096,35.451220815686554
1896,5,13.327132011983535,224.61251880532524,58.04756271020773
1896,6,16.25237531170704,366.84607153583715,63.95220735970699
1897,1,12.072842147956507,296.20360641795395,93.20549224476554
1897,2,5.377813074432934,175.8246140956304,90.46653175577893
1897,3,0.7122108827154037,296.9516914660735,72.08045375710032
1897,4,5.045701713421158,365.1309444187847,66.56862392996825
1897,5,5.444499406404752,10.853365886069923,31.59479654973595
1897,6,3.5139153478385916,125.00826190865766,32.97235581373667
1897,7,18.34975269388621,2.5743984547609386,7.348940511714801
1897,8,7.012420987021673,587.8388586218141,12.772641900303803
1897,9,4.240984987214574,391.73975121149647,29.58378727778038
1898,1,3.335461956940706,131.1182016480443,11.87807143829992
1898,2,2.480510451476924,380.9860097045606,71.29483339568299
1898,3,4.963123995959538,52.34126593220162,13.383730353926083
1898,4,4.961912672723968,372.89873181426645,45.5964010529015
1898,5,24.921300655797275,194.03911879542395,26.97420726903562
1898,6,16.494384562022343,50.52135783146346,57.537934185054
1898,7,1.514780828391121,127.31950149965587,45.29409143486942
1898,8,15.843433759403487,232.08889505300004,53.74941491813943
1899,1,13.665800544959097,196.24439020802035,13.026972580023099
1899,2,23.829375950287584,51.48491669256006,67.67062074942429
1899,3,7.575170089633243,286.98583453601316,28.434104666535518
1899,4,16.122748787167275,432.49574514210644,55.01397592603422
1899,5,1.4114584812663615,17.008106395859954,121.72124929752086
1899,6,14.045234382406054,170.72437412761894,93.76717541251945
1899,7,7.883720182096464,334.47454619616155,26.117766736417337
1900,1,7.080420417614754,252.62144441813498,77.22653509084755
1900,2,8.649676744311392,339.75091234717667,63.527951714359354
1900,3,15.254404869630186,95.04203368579529,53.466096331138786
1900,4,15.968594238811272,446.46907169028566,87.82816334250221
1900,5,16.91232261355405,10.193767229825056,39.32074284618396
1900,6,13.912961118324978,15.126617347989878,65.95912789156978
1900,7,7.7027105902561495,158.04550732720384,52.599750146574245
1900,8,12.470328898888084,309.5982160506769,6.908373432061907
1901,1,16.614348260046977,222.01268064099494,106.31870165852636
1901,2,17.214511647034758,288.0983321215243,44.64577802205402
1901,3,5.058806375026813,285.42954862713975,66.47640507704375
1901,4,13.458501430775392,142.03677498672263,55.75981875777017
1901,5,11.57322117160652,111.17097714137287,94.62817098264182
1901,6,1.1338838497161703,100.3485215482934,14.844048039062699
1901,7,7.320831520610831,115.87050532256904,26.862377988000535
1901,8,15.660600109405696,234.56062528927836,16.70180378068789
1901,9,13.665848877284127,265.5852854707106,25.712578364906477
1901,10,6.695716488194586,291.6948451212758,65.01761961054464
1901,11,14.185279520547478,76.58468180492626,65.62300778147058
1901,12,2.382508606992845,169.5875336715917,119.2757412792341
1902,1,16.15543153537928,254.6236015363114,94.91897573445442
1902,2,22.250828040115902,245.30767626080254,25.08274398688532
1902,3,16.472020309776024,72.02391581606429,65.61592017378246
1902,4,14.769196025534445,183.78859936883902,13.807184602946322
1902,5,6.818141766817316,152.53689180008308,7.856299411184665
1902,6,7.2973269100682305,17.794613005057272,73.64511767821085
1902,7,12.333385040186942,239.85475056458105,34.564095245265136
1902,8,8.235656856610325,75.65818936946454,70.20682893882717
1902,9,0.4951197259403237,212.56463494926965,24.652101328900326
1902,10,22.301172676559148,279.0173869971015,49.98218307150097
1902,11,2.257837595235535,4.527869151353855,69.83201041428875
1903,1,2.931736327150027,154.0661059352197,98.74897667060372
1903,2,3.28878850152158,84.64902986220056,26.856021339632953
1903,3,13.17223020935657,376.0263644809635,58.43373238801839
1904,1,7.440072083427072,168.39256105157287,82.96923824768993
1904,2,11.744901849893036,182.04083499876685,52.49386731016569
1904,3,10.522376942963605,376.2745629506703,6.178783000922664
1904,4,13.277023148190343,430.91269400490796,107.2715009990363
1904,5,13.982814109468514,86.44243859621832,81.07113185936235
1904,6,19.274580783724453,122.72894300570167,64.30443102190004
1904,7,8.563110533201867,107.90192096029322,37.39320180627264
1904,8,10.89971405315787,62.26459494268923,6.715597387813652
1904,9,3.7727576543846206,249.18511238434598,8.632516507028086
1904,10,5.518856736047155,405.87557354812805,9.471142449107475
1904,11,8.641936144344237,338.3433434886646,7.530377213992168
1905,1,3.0145946460851336,387.7556069623418,56.92387557261232
1905,2,14.66089236071356,19.916435089127816,2.8918129760585813
1905,3,6.819292824964926,639.5639103352601,1.5751111176702466
1905,4,6.621726621337251,153.603231143257,105.08554591426909
1905,5,12.168555667077829,33.00025018482174,34.16996892203432
1905,6,6.578075910209279,26.85489135361513,50.365064021415996
1905,7,11.879541955842146,360.22213537273353,70.11633903254835
1905,8,1.7386937510240958,174.7696048273011,120.27305979189542
1905,9,12.7505454707941,270.19774063804044,16.587989326745443
1905,10,5.696625763892345,75.00915523299665,51.294632710794055
1905,11,11.164762715033193,219.36349611473725,93.62095768787917
1905,12,11.302410309686502,100.18405812587696,32.249531449897574
1906,1,5.009480963780955,0.18136979483324467,38.99483500003215
1906,2,4.931821201311669,77.67172229340979,52.04161230760344
1906,3,9.896826064295599,86.58424926333713,14.577903413776554
1906,4,12.856177861691965,358.084121709162,25.25872413423412
1907,1,2.071591495434965,5.791243905496344,92.21025092000815
1907,2,5.410048036203824,58.15244059170749,44.083129556456775
1907,3,7.187916232813857,492.5044884050417,29.112608700627653
1907,4,7.842417816061135,232.9184277765798,27.165259638789806
1907,5,13.08669786289992,47.4692035324494,40.42748911785241
1907,6,12.847697402006744,370.6456108246271,26.552513535730853
1907,7,5.8131127836709355,431.18473748135204,27.927188348232498
1907,8,9.602809586261952,456.9129150357632,52.69829482740078
1907,9,8.26571214054264,174.02599501870966,20.38191991000554
1907,10,13.15548317093598,61.39662014506746,81.14035380914069
1907,11,10.10650858312679,235.32105783708465,119.1880568212534
1908,1,0.14355336627458115,4.600106054432416,56.491769554647945
1908,2,9.83619777550055,253.0270277500839,32.08531347343925
1908,3,7.078367900403455,394.0462306002354,88.18926486906327
1908,4,8.358490794076223,253.2264712374558,67.60431625575933
1908,5,9.563321734085061,2.9148374955640293,43.617626632366736
1908,6,14.832015409851497,140.9728049662662,105.75223549647089
1908,7,0.3270530201490196,264.3503023096621,2.9419863779760362
1908,8,11.307966525428242,109.55271543180812,27.720868597826595
1909,1,14.943602349487058,288.61918806839714,96.38822696205389
1909,2,4.600073786577498,292.08433445325664,59.36027298112474
1909,3,14.097896377537179,7.281264373081058,44.20350345823155
1909,4,5.553862075259355,243.17728964016888,79.42588960898405
1909,5,2.580573583722323,256.00213366535496,109.71757475078886
1909,6,20.608545372393237,438.28188884976686,83.78402732203713
1909,7,19.245197606930596,144.08541877120652,48.299095979847294
1909,8,0.5805674563193222,125.19786844934657,85.83232321789009
1909,9,13.809964904130549,184.42119805909016,54.044814363546564
1909,10,6.771451377569131,161.45786571803703,108.90937932107207
1909,11,2.573444176675877,61.88691915171407,120.1271570970821
1909,12,8.770960029565034,354.0977619505179,57.09772467254715
1910,1,10.713795166653787,194.25707155946222,73.74033757085357
1910,2,13.247865973788162,139.03489683549088,82.65329138719133
1910,3,10.073939380843951,120.94690234999946,117.01412694647456
1910,4,2.1314483857417894,259.97043504393565,106.67143398535012
1910,5,1.9141085916469986,445.5004475504179,117.58843950113372
1910,6,6.719824496699212,243.40857085541694,20.544418894943746
1910,7,4.224317172914844,30.21815143292764,117.77278229666065
1910,8,8.373744093776875,7.872884360701448,91.54282826580902
1911,1,14.713237561403155,7.184362213982041,75.22061814833206
1911,2,25.301064075582417,352.5724995327346,67.4661184583783
1911,3,6.039657960806494,227.06585579423427,72.47555792862309
1911,4,17.843579556376056,454.97076063280497,25.52087536685777
1911,5,0.8359884158365603,272.2444710611049,44.338616666908315
1911,6,3.0961709476843176,110.49909091910389,8.8895972052837
1911,7,11.258178093253605,497.1622668912529,53.33593685248689
1911,8,7.5901284602604076,366.03115126198577,62.56362535905392
1911,9,13.998384173605826,493.28799540211503,21.368457370706636
1912,1,19.524079619129644,167.9255707432916,82.13030890589579
1912,2,0.6482471062029358,321.30132165403916,54.10186387725158
1912,3,4.810057512063795,397.51500318238135,83.96897050582788
1912,4,10.89233022766633,178.4347846959272,11.643386152838502
1912,5,7.093975908048355,12.459306373973334,52.086931076987106
1912,6,12.575808269927933,287.1181272619876,52.75593327201861
1913,1,17.605033366510476,258.5112306683199,11.17368527849954
1913,2,10.220800070122852,110.54902169215697,82.59157008560246
1913,3,5.626496691381039,209.57545520308847,61.83748001194118
1913,4,3.873736087525476,31.155577817785115,1.0691668106214962
1913,5,21.64655414693745,294.5925591143756,49.537678987469725
1913,6,16.50741873902247,385.9596255130573,48.8163370710187
1913,7,12.761229612469187,97.36428106391898,118.19061520750843
1913,8,10.307516967671003,372.59744169934254,99.55992498353456
1913,9,11.134697976189408,370.4815833371502,1.955178269320335
1914,1,7.221119220711443,380.9484359617327,66.54373922672843
1914,2,25.149049495835577,185.84620525572092,50.006416623801144
1914,3,12.036595031343689,322.1869807438291,1.4455196969555857
1914,4,10.131823759764817,231.23274949096646,39.08961819954276
1914,5,11.497556004886999,98.77051698522143,15.22093276766958
1914,6,8.202364610318986,67.90075119841862,51.283605030294176
1914,7,1.343871521540045,336.1334546061413,26.780385838395183
1914,8,18.973283585533167,127.5870469100429,77.39599065871026
1914,9,11.637252201765174,329.8840411924199,52.14812799065931
1914,10,19.09140451344299,215.54821171066993,73.4185465544866
1914,11,3.819075938525489,327.4741333365966,123.93935799345311
1915,1,7.740062519827404,174.45582535879805,26.809868539727148
1915,2,12.759983252479037,3.4341824318494503,2.8281802159066345
1915,3,12.81912835038521,48.60754370381909,81.07189173339026
1915,4,4.572481933983539,285.1213965512155,3.648126288306827
1916,1,4.061206254215437,294.4109237564069,69.1199152200878
1916,2,12.290416379636806,171.68757030401272,1.2233228938366523
1916,3,9.748246347225509,359.7717544927714,28.321960311987084
1916,4,14.207481479575879,139.3053111400877,82.04976562051394
1916,5,3.1403759224260117,202.05314321908216,68.25895052020363
1917,1,5.271846379173005,80.27340187956952,24.100345570079135
1917,2,18.392617767414844,190.85547128557351,64.12066387520476
1917,3,19.345121667274633,215.28316479586314,52.374104945003
1917,4,13.43608282732688,618.3734038744265,50.4016026303788
1917,5,9.17206170011201,284.18347049168835,77.19366997353895
1917,6,9.009408207637119,206.509712444188,44.94100500130065
1917,7,15.31194903863569,89.60632616151713,104.01831479886695
1917,8,11.069819838779404,127.01924442696651,39.27438565686485
1917,9,9.423194953569384,97.23122365969164,108.88477394408514
1917,10,25.52236625568004,7.839638448215112,10.339528537786904
1918,1,6.144318544965626,94.95717652492081,98.73429057877942
1918,2,11.365804671360378,77.548920942249,58.72369851581533
1918,3,7.460792254991286,167.7937975088718,51.69830481105954
1918,4,14.897031424151985,335.24965867067783,20.86755152919975
1918,5,12.521159210893213,159.85160327140198,80.68865077965035
1918,6,2.8506902257524507,196.886307253804,23.16160927283876
1918,7,14.929967691401764,470.23818167498337,111.86907126296774
1918,8,15.863291872693559,286.22596267968686,132.64141800499993
1918,9,6.1031550241315635,162.00474266426824,106.50503946558038
1918,10,9.02472538872442,61.222403842879544,10.808654434586302
1918,11,4.122650846065206,463.71957609724336,45.86628466715508
1919,1,1.0852033657923634,238.51981172956303,29.93895095023231
1919,2,7.7762633542300375,168.22207736526695,19.06319995527435
1919,3,4.0794163087272235,234.6969752983905,30.965227299006383
1919,4,14.197530853252164,399.9009738182474,63.72131413714925
1919,5,19.486499413809412,86.5070417800295,49.83874424297935
1919,6,17.728291864245836,168.07816961429776,61.38927541347982
1919,7,2.8804387315047606,451.2678083192684,19.698211252631918
1919,8,11.33180025551113,95.51061671069807,0.6256421969660053
1919,9,12.947483861921398,460.7252122725848,19.12216857111078
1919,10,2.6155523941309298,111.66081357224765,35.551420333726014
1919,11,12.825282292087376,87.63795650805395,95.02264257883832
1920,1,19.667218669011802,255.19247729070304,20.09935178307468
1920,2,17.673028500051736,340.2872732574689,19.799348448330747
1920,3,17.579023740781103,232.99734859046094,52.760585289331985
1920,4,4.839526464838365,62.59752678004074,106.7598197952712
1920,5,12.68323951833009,341.646181466321,30.814890316441044
1920,6,13.527588799403183,147.71220639717495,76.67403412158704
1920,7,0.18007910164297414,7.7966686896458555,5.772775224527898
1920,8,9.915043180786393,132.84041416808998,68.43011869662806
1920,9,14.291542077133435,62.09045067648549,33.746740621025296
1920,10,22.99697357136084,134.1244433918642,9.691688593166461
1920,11,7.371892917167376,375.78573329544406,4.042157941842667
1920,12,13.866665876777189,263.4783679100685,49.574291156627204
1921,1,7.356901128282981,441.7348340130616,37.41946486732633
1921,2,14.452314660043324,229.99100113082886,17.197106561249875
1921,3,12.972709245462486,109.98994926006988,35.06109964484646
1921,4,15.073175898872215,87.92717507080502,28.757519180828993
1922,1,4.003077425394828,252.02284078688876,30.269286708926813
1922,2,13.584019201822997,204.29108472803293,69.80541884488736
1922,3,1.4038897688769278,14.792066250318669,24.999471555774036
1922,4,11.024222006296393,148.23952035956378,44.24016294667949
1922,5,0.252840422784244,18.525198509309092,49.84367469377136
1922,6,0.5811659891609988,102.4945730448547,26.06608590568557
1922,7,9.526626054244083,314.2444974819051,22.440794527745716
1922,8,13.421523590242352,316.7391519494833,96.00152223776061
1923,1,13.428503559580404,46.59067670750119,52.692644079114146
1923,2,10.789833225389906,428.77965098776724,71.44337711049741
1923,3,13.890133311661016,154.67292541599704,80.6580122755822
1923,4,10.166331265445786,128.4928439401054,5.5325666050876805
1923,5,15.185001261733191,348.0859460329709,9.732362830356642
1924,1,24.314826990426372,322.9006979333561,56.87293946143906
1924,2,11.39131170695438,209.9645781594221,144.54868807514998
1924,3,4.430576363115366,330.355305818081,99.19460396361882
1924,4,5.242309509894968,87.25322343947414,8.350493342799304
1924,5,3.22786572135882,322.7399579302495,45.51246133725272
1925,1,14.515451420307485,223.8736759102084,90.54415644136895
1925,2,20.509382060266574,200.97703294289454,94.97684497985817
1925,3,11.172010883237965,231.2095201321818,38.03159560282147
1925,4,6.671088631869094,112.72672200388743,27.988543384321293
1925,5,5.279605868275507,327.5237661213033,100.75404647303485
1925,6,4.686078521783138,66.11671104463238,42.54587907543372
1925,7,3.891048155266267,47.375997957807044,36.04807490454736
1925,8,11.704851117720843,234.67064374995346,37.46241349224594
1925,9,6.328524533619699,291.3186504585282,65.53965403634392
1925,10,11.205600987669948,115.35008889956882,103.32333780028938
1925,11,0.8247997661115924,116.1186301226681,10.53314902769916
1926,1,1.272460326576164,116.33649148712712,38.51746668103999
1926,2,11.019963300761379,214.44327945559522,64.87977128759209
1926,3,8.483537537124889,205.73257327826764,20.255974872673576
1926,4,19.021139472278435,309.35584284342394,88.33184425060385
1926,5,16.8449401635511,219.37807918744184,30.63558779300592
1926,6,8.819587789890903,338.1568656938914,37.84824976256624
1927,1,2.2487044233045763,102.64880070170852,45.200833176113946
1927,2,16.667227010423932,65.12258864016036,59.56210256387791
1927,3,10.725040646885104,264.66254982216196,139.471124723883
1927,4,20.89535017602938,243.67655295832162,72.42616246246303
1927,5,9.743349410976087,313.9137536828788,51.42036940797816
1927,6,12.990966797561057,100.33936456186416,59.22127313181915
1927,7,19.533846251247333,285.16695000823415,54.66209833470924
1928,1,10.309815393264575,39.047782042055644,47.31585860811752
1928,2,9.563459674891012,200.8968747679461,79.79842008239244
1928,3,8.520437036129643,163.20864868405374,35.876570889042
1928,4,11.710729315165436,281.2591560172389,101.56054899695886
1928,5,13.704922373136089,361.54365278001194,83.85710018770277
1928,6,11.070249944126932,91.07447244087587,66.16275731908604
1928,7,20.907819644231388,362.9821258002964,101.12422062862885
1928,8,2.9063552772234136,94.80559879987385,30.613587690245346
1928,9,13.322016866289559,143.80611840498614,42.009707550173715
1928,10,0.35831718957401293,108.92131990279624,14.454767657849985
1928,11,4.003232702623451,89.6194565604929,6.146523579335614
1929,1,15.612926841988443,216.289555384957,95.71293581678
1929,2,11.764843406675553,140.26887028715174,17.98378631002697
1929,3,12.971322326075324,55.29054440342321,49.53793594735012
1929,4,9.209112560298731,143.19239707061618,62.823832644967226
1930,1,0.4161866522397162,305.88009718984824,36.50043595257232
1930,2,3.100602225241417,157.61562982685462,25.266254996331163
1930,3,22.07343947458017,539.2718456034952,15.422451653738634
1930,4,0.3358416928664578,86.09479930521397,22.418878332839522
1930,5,4.573176873111067,170.86487306847295,32.12660797112238
1930,6,0.5247118497327747,45.97876387040287,111.85355328838256
1930,7,7.497862272857217,138.70536625610163,10.817485833098928
1930,8,6.75748290887084,344.1353644351374,73.82205913877624
1930,9,15.677695085814896,19.460438588550517,1.2152926638460926
1931,1,17.934050055218375,51.421153467940826,70.72221872603355
1931,2,6.052672679592204,130.36259995595856,61.4512162334382
1931,3,5.60363245178021,404.4612812347483,19.782907779271213
1931,4,2.203738126703225,160.90604692978218,7.006633978380762
1931,5,3.092364203849124,152.78655980952954,43.52298493974782
1931,6,7.78848140023144,166.21038306849198,73.94873052164372
1932,1,8.550721423927294,255.27634161301486,80.76673758059947
1932,2,17.467733178852644,118.57398669598325,92.60496562958937
1932,3,1.5971552654205965,52.52737704785122,41.59659889386549
1933,1,20.986565131459656,331.5200123468321,72.16907937450682
1933,2,15.640683688540488,37.50896168513856,79.66852822152546
1933,3,8.606620500774874,254.1387048743389,69.38211705045167
1933,4,2.2264364175488494,289.0733893761243,42.54570840114496
1933,5,1.3205498781619127,178.01512902064377,50.80100456460698
1933,6,14.155423238875734,158.24365567110266,65.52544919506639
1933,7,6.4169796021522485,321.4810169615737,49.925354148630625
1933,8,7.666329469515357,173.37494055856084,63.336389687644434
1933,9,16.355365853699475,66.33330534874113,36.25360562270789
1934,1,20.285422355730724,61.29471235557202,87.84907167999754
1934,2,7.274394759600195,196.282708472837,51.8434311111755
1934,3,25.178788448141056,53.804678477064925,89.92947761513348
1934,4,11.507129376255499,148.61068876628704,24.94970729465743
1934,5,11.484643419097978,234.13502362235408,39.82772078015373
1934,6,21.508505301476617,370.7219976431656,43.11754500875807
1934,7,17.75389358368696,395.56673993102015,23.777459191604326
1934,8,2.8028124687149303,18.25390871786803,90.57558181837203
1934,9,7.630644908856254,92.07973787807859,88.51044111951127
1934,10,7.808553833479136,43.89232796245446,109.8849580181778
1935,1,17.406004634274158,201.031941181152,63.97843522500304
1935,2,7.7074465925705855,247.976471327032,31.637450234753768
1935,3,0.17272621542551647,211.6273517979672,122.53523713726894
1935,4,4.183887832887589,92.79223773827935,40.39819401372971
1935,5,21.646392060076288,0.024292261475750365,19.234306841584523
1935,6,14.728846866683071,14.676572548372206,15.701950494205235
1935,7,22.424845217508956,461.8775035727623,73.61103343802604
1935,8,12.29834742700788,111.890808129266,50.17701053715913
1935,9,4.659270724686647,427.684984482967,55.86840983818497
1935,10,8.912999594851089,208.14264188241236,24.575097784759304
1935,11,13.595499145130669,166.95422047163845,166.2804114006978
1936,1,6.89256121446828,188.88389705676,59.76758585881673
1936,2,11.54703226865594,530.2323928203584,38.933650859862354
1936,3,3.1384639522828532,169.13689652401288,126.36027463214486
1937,1,12.855109295780622,179.6890138378703,111.23386271927194
1937,2,17.71969522118672,417.01163596305577,0.32306996419887923
1937,3,15.172002435451162,107.7673250651502,46.37477344310779
1937,4,12.192118192651552,376.5033330943412,87.2776579993206
1937,5,18.842940354761488,410.416218170422,47.003614676975424
1937,6,0.678932096139361,284.3404658010396,83.89971932569634
1937,7,6.203359580689343,211.20032593062544,77.45311437654085
1938,1,10.455376263285928,183.78573627691833,80.60674493491187
1938,2,17.328476836867356,120.5835165684354,39.65548926837158
1938,3,8.432861020177342,295.7078160329559,35.840677475738346
1938,4,24.121093527123037,11.66554523732458,63.69343613301076
1938,5,21.636461446837856,230.9692894665917,13.677407667647941
1938,6,29.40827898173933,437.08811855692767,40.910159364330035
1938,7,15.732678542856736,324.4491740103454,75.67084339463833
1938,8,0.3277865770886912,248.62364316794805,108.42862806369638
1938,9,13.53169051025522,259.5726503461342,28.527025234062616
1938,10,3.672149306406215,35.87760794942369,80.29858391710803
1938,11,8.453809664930834,1.2069417319102058,89.05634666028516
1938,12,5.8916224432674325,71.32026496377142,30.15007945158898
1939,1,11.513559508443935,157.29344286342328,71.32903252530018
1939,2,8.212645819146783,222.53264231706953,29.201945715217526
1939,3,10.919420253008743,84.06618584963998,48.37777663837735
1939,4,4.2149294202706145,466.4398085600348,13.20542989352154
1939,5,3.440115521261676,143.84119560230354,30.520067457066272
1939,6,15.811033703360284,200.15706473071666,19.543334794072905
1939,7,7.414108499289824,295.4384078220723,38.074200021685826
1939,8,2.209507545333036,148.98734045607932,58.71199620817022
1939,9,9.715232754676238,235.36071260159986,44.67764402910288
1939,10,15.019869487622714,155.86549477875835,20.238206973185996
1939,11,1.3646851838595992,153.21183615874787,44.29768882491008
1939,12,7.571657569676638,48.16754106193724,60.6278212008467
1940,1,22.582840270950424,67.46563543069891,71.08295618422694
1940,2,9.526600425222574,352.85185829123867,50.40179653854146
1940,3,24.58590368180288,213.36171738224604,79.3222684244057
1940,4,8.600775622958661,251.41729391054716,25.533128040190668
1940,5,13.004986768555792,94.47308331961267,28.473001197878347
1940,6,5.1666063598546605,485.5886480803678,20.967951205132703
1940,7,6.612013043867721,85.72537813645401,66.44615082703942
1940,8,7.674540011607826,131.71784785466315,135.54357112092964
1940,9,11.071681545966673,301.70714933393907,66.27708605394932
1941,1,4.122964739247213,108.10669443795807,93.35329656669927
1941,2,12.808675284316106,15.933509721181508,29.05972393949898
1941,3,23.338769707039063,254.67739778627418,78.09154891753425
1941,4,1.6312499501002868,351.16522513678433,33.975777400550996
1941,5,12.169595217983138,152.73000520368362,38.69384938202287
1941,6,17.17727382695663,31.445857358769246,59.46670321711985
1941,7,11.827532231474079,237.87802083833387,106.59269298978288
1941,8,9.724360782376177,267.1802304653172,91.4411641658086
1941,9,4.724549142962957,176.45722475851818,0.8945458365768459
1941,10,13.923837926895896,216.1953815143481,79.42525281150915
1941,11,9.44494011680519,118.05149613241335,64.54236399356937
1941,12,20.08474453499049,287.29531072270447,7.167178077767076
1942,1,11.321124874893176,300.09498097703374,103.40183719219363
1942,2,19.75683271289183,147.0130185608817,57.48099283614638
1942,3,3.6356324325113674,44.24232578221819,83.47188872378564
1942,4,16.699251047686122,97.33599098669652,21.311677477047652
1942,5,10.392583783107792,222.70816127013924,131.80003644325677
1942,6,5.611433177187708,174.30402870902657,75.99429496454513
1942,7,7.548578356644882,124.25358042682036,26.517603608272815
1942,8,11.630861784691358,173.64643356664848,77.29919882994258
1942,9,12.50220698190611,237.3084706722874,20.06106297445075
1943,1,7.0458260885385435,171.70297368567176,1.2195805461220743
1943,2,2.800884625950345,131.00490780487337,66.00628376326107
1943,3,5.466726646157808,259.0920471008682,119.22814532801672
1943,4,9.806980162633733,444.5498709940538,97.5902478699156
1943,5,13.73354643626254,128.24836173317033,40.45308012278562
1943,6,16.340459192577804,209.7285487005755,126.75453689768098
1943,7,7.773861129921704,181.41344134495813,125.28670858201065
1943,8,2.9735116044155188,509.3012705816086,36.89622582085745
1943,9,4.052297039353835,30.88794320440806,16.871283366403816
1943,10,5.171836568694223,130.85048484422896,57.3371010539029
1943,11,4.543159654685891,469.9663881629946,27.56726042694241
1944,1,11.46911298742775,424.45159450752544,45.608669692254345
1944,2,13.752142128482712,104.79661370771574,67.8817749328668
1944,3,14.663546764729904,19.651729091180698,70.86036602340755
1944,4,9.249726938005878,45.78886038540696,116.91261776201348
1945,1,3.467365999476958,471.10683539690825,73.23031935902767
1945,2,16.93554351111664,93.30046940448759,2.081014807517853
1945,3,8.305849912209444,106.43686373862784,15.556379843403072
1945,4,11.5278247546251,22.111952137803854,83.05922739330646
1945,5,7.203912050303872,193.21423048169265,53.99145232354118
1945,6,6.732998534663187,389.8323235410243,14.231232532313058
1945,7,18.98334497276166,147.94189833644492,86.82989787910482
1946,1,13.520001486770463,215.6534619003841,60.51136213093166
1946,2,2.5214502938684795,233.90970178986998,91.69902379400415
1946,3,5.772800789810389,349.4156729440418,35.868797962642354
1946,4,5.850701330579134,114.57041008246367,9.16409479442941
1946,5,10.502591427203859,106.39501080264644,28.10269490582173
1946,6,5.20992403275596,249.06881416407273,0.6300814267675747
1946,7,14.145087844497585,275.3144661447851,70.33711476459519
1946,8,3.1359040356606043,235.78778726415032,102.13959440776392
1946,9,1.5462806146658217,227.1655999098533,5.437522975019462
1946,10,8.086041119963424,195.1127089605752,24.667295105009973
1946,11,4.745852105702728,238.41439370301202,9.594071648233822
1947,1,13.615306359272505,311.87797406430946,109.1564873341878
1947,2,7.67547405015859,368.31717273546053,108.14498314652361
1947,3,11.99380686485479,234.68675944705058,49.93720187117216
1947,4,15.943074102526072,368.74459481263614,74.1809279367732
1947,5,14.60327392843389,99.91678110267,24.169202141441808
1947,6,1.4610912334394524,503.49594571350457,34.341063359577845
1947,7,14.851108904590443,55.88254554506898,30.519740006330178
1948,1,8.130080940454981,393.5121735565451,30.706600661245798
1948,2,12.09537800947138,41.97789729231755,23.026650668463546
1948,3,2.462826862216671,351.9212014505729,47.96674728860904
1949,1,17.697873483163246,128.99263979148694,109.49507924956738
1949,2,16.271151105437237,349.0014168982202,78.10544198561546
1949,3,13.074174143454014,265.41173152839065,86.9190208525273
1949,4,14.060564944209407,120.94953045607875,6.610829470835711
1949,5,3.2063338429603654,72.59718172040515,20.561290950043215
1949,6,9.335711405957968,181.51537299983815,119.52713908387986
1949,7,13.93070928585501,88.13159876553624,104.85930682025587
1949,8,8.39035380268377,284.97737839464537,68.73326876465512
1949,9,10.282900923229978,412.1110294076234,26.632908140548672
1950,1,14.983470282229977,466.1627596555098,74.38574531979297
1950,2,9.789895729543765,80.11522682634705,26.835791956836204
1950,3,5.62079765593303,95.10257374510203,50.65642550400092
1950,4,11.855925822269032,139.87552236782943,16.12312705985785
1950,5,18.43816611001353,147.2296433297296,25.05909211581507
1950,6,12.258641237513196,380.3903364911175,18.32551833746632
1950,7,1.1571947750377767,123.66323433098484,102.72331187435907
1950,8,21.555016102952813,208.02243740206956,66.62574976640816
1950,9,5.591103554616637,186.21944665783383,50.51807559621273
1950,10,1.8588561516228896,245.08075962739804,80.6487726015939
1950,11,14.484098619747284,57.32514554007176,25.387348698168598
1951,1,6.8059343290879735,59.97723325074048,18.979546732649638
1951,2,25.570748418030384,384.9307313846882,29.026365589485323
1951,3,3.454359824119109,79.1016360581536,9.573344718011398
1952,1,17.991772475057395,118.36982783268209,32.11725885487837
1952,2,2.833646504030982,79.7031976536125,69.17712203060478
1952,3,16.384472077362005,59.88330068492061,82.57255001001482
1952,4,11.060302884780484,371.77345374713326,97.34680257533864
1952,5,12.800925707679113,150.64678298128428,62.34738231815733
1952,6,16.91875747537766,386.9103023750092,38.720784729063645
1953,1,9.567722179286854,398.11457905051486,111.48583665419724
1953,2,13.461727079029322,66.2883192023429,16.89971927076064
1953,3,12.371811898280756,218.7931410114681,87.06048024502877
1953,4,9.121046714914169,268.89063783360984,50.704980719052
1953,5,13.003782383243866,252.2813428577683,82.04898401977937
1954,1,12.733629448567061,235.5435202503304,28.22696093989339
1954,2,0.41969254243089615,261.0479818318354,71.843190147222
1954,3,10.69007635991887,206.23424258631485,73.75773977153261
1954,4,9.33171932880952,62.33629367049997,47.18863973326245
1954,5,7.255636393382144,189.4526906430754,85.37065232863043
1954,6,1.5854508601820854,226.62117125278303,0.10341794169185192
1955,1,3.572735259652795,176.33466240965402,5.585477712937539
1955,2,14.267874188893238,160.55828084065533,19.08288031231035
1955,3,12.746817072895393,34.25100525074549,54.40687012788159
1955,4,18.596679166846172,333.9534903632491,69.69666364488747
1955,5,10.459830202177928,110.69636666840472,37.79402105417127
1955,6,10.002454590960578,315.9883843764471,15.44983234756701
1955,7,13.743764920891698,295.45215906927,52.858975524586235
1955,8,16.24746520472024,15.934422472085856,13.877094450532738
1955,9,10.748535650384868,90.77244084699501,46.11921887276392
1956,1,9.50193783099441,53.90399492329723,175.37272226729073
1956,2,17.620370274374224,432.96500677893533,83.63954099504272
1956,3,1.6983244347629078,262.43108727614464,66.7582840682878
1956,4,17.632260100113477,254.51667949909114,16.87278216497613
1956,5,24.409704147093883,328.32695873780136,37.04193729508098
1956,6,10.040372789912624,275.4717519022514,37.098914019334266
1956,7,10.898972133572158,251.13176665379433,43.14257023615015
1956,8,15.130620287922913,154.29822312659658,25.430679252933025
1956,9,17.008785532637948,296.49682491432156,49.247684236887444
1956,10,5.460816245702427,328.8724436796338,48.03978590102524
1957,1,18.53461170254553,24.37581603389637,82.50862957101786
1957,2,6.561963041290169,245.65134997954036,46.38127396111486
1957,3,15.59651919459598,104.03894013006646,36.24346852758597
1957,4,20.512820085282996,187.86155740296712,43.47007542779666
1957,5,5.091048127605152,356.5351539551516,6.032954630460175
1957,6,6.307278842034366,289.24688575773985,62.01232552667555
1958,1,9.306453397932303,141.74315648899434,120.49568267134879
1958,2,2.4011318625411384,409.2983433202952,139.82673730456366
1958,3,2.6562791685012677,14.485116731350303,62.277779949701994
1958,4,10.472344077160358,403.1045278403884,2.2913020669616913
1959,1,10.232780706447246,200.76173654989265,68.9965826330275
1959,2,13.146968499108066,231.69913732292005,57.22927226488461
1959,3,14.983131496590556,180.86292128790404,1.171196116869531
1959,4,11.440932177655453,65.2910975118694,91.5462453678999
1959,5,5.891259539822704,124.94571822063256,66.5959904420929
1959,6,9.918126204831873,377.36072086768195,41.63472005675048
1959,7,7.940625155896755,85.51665454148,2.5872120928903897
1959,8,6.3154080027562705,261.72041847658113,101.3424491137304
1959,9,15.957534793728176,114.43290962384451,56.48872628424876
1959,10,10.196425433725167,373.8031140891444,102.61878396369855
1959,11,3.627339086581417,409.00069057619066,12.781817700712978
1960,1,11.911793275607112,47.7275821282625,28.948513558817407
1960,2,2.824206682478259,99.39955320564961,92.96445222772054
1960,3,19.208541632252334,159.05327620698057,122.34169988325382
1960,4,5.541739771298485,228.69875224710498,33.5377917281822
1960,5,9.428684647275304,209.8058385560213,23.90619207702622
1960,6,17.986124651870956,63.91640406006468,21.52906068557327
1960,7,10.737252568729454,132.90073745704353,79.27982202493189
1960,8,8.57091623818636,303.69280485362725,53.11288969294992
1961,1,12.197653020798448,267.85596092884293,124.61873861552975
1961,2,2.8279525422330227,49.90184748153624,52.66233950854342
1961,3,4.510009704617449,67.15586500786918,33.131872794301024
1961,4,25.142702956609654,573.0242672313932,71.68009734255202
1961,5,2.2050290130303525,82.76430028476813,53.70591242783774
1961,6,6.471050392052553,224.5188356220222,51.73202349927503
1961,7,1.4287537564321227,192.6519630619382,68.51973273899164
1962,1,7.692978237556254,344.66074208962823,48.0437918418237
1962,2,25.979544604798704,215.22659806963588,24.88958921835726
1962,3,20.975067938148946,203.01489465092044,74.60625285724919
1962,4,3.2826124048456267,253.803235664645,47.941043630111125
1962,5,14.708261607814897,147.68377243028135,16.43434558377521
1962,6,14.965130764660149,198.1184183688742,23.405019614710405
1962,7,10.955399268596894,224.70882415646523,67.39862067344414
1962,8,12.84476823000544,409.74141062011574,37.400898940135505
1962,9,17.085780397359155,142.0997689516322,11.407417818916947
1962,10,18.949209647598458,73.27187167731833,82.25639436412379
1962,11,10.555314137990278,233.56280613935056,94.82103355147845
1963,1,5.276308089477769,203.3649250177112,8.8365327510717
1963,2,7.984434810900844,128.94215977937324,81.10704344527662
1963,3,12.959541245955384,461.23598195447727,30.7694056202846
1963,4,14.296770762573491,107.1191688769367,48.51158134773738
1963,5,17.02316079724673,168.55110129209567,179.16074014673225
1963,6,7.476887231563586,137.21736319840565,20.738641958698423
1963,7,12.710015261020436,210.67159021079434,8.101911546609948
1963,8,7.029974550952117,300.7568292210034,2.3110762125259683
1963,9,4.6192756058593725,231.03405082940105,73.14221666450237
1963,10,19.251549897046672,688.2365626818594,41.7373141102196
1963,11,2.9458971688423716,54.749334907064,174.52048767170692
1964,1,4.0008927486374555,368.3347769603198,74.57816001833612
1964,2,7.227757549562785,87.71689572496244,58.37644236710982
1964,3,17.594652850448625,321.9363023389331,72.61057793859977
1964,4,8.858123349227355,322.429101581754,11.705066123739343
1964,5,11.723254730606882,201.3182752843343,1.0582252247001236
1965,1,7.552560035352992,226.341904560184,12.014656770362492
1965,2,3.291013302040515,387.4515278566903,62.166411797733986
1965,3,17.833059559418853,43.73740139376207,10.978855714601956
1965,4,12.087596878760358,76.34605206284749,6.958914704764226
1966,1,2.447624655295212,228.79094413033812,80.94811774824615
1966,2,3.285296646893997,238.8387220286067,80.18560501339218
1966,3,12.263324614855177,471.3211835391083,21.876979878300293
1966,4,2.7346337402314145,61.85057555783425,27.030734411160786
1966,5,5.10321021720444,321.4546028779696,26.3205189749239
1966,6,4.999949459178946,342.89533286634844,42.44195846391062
1966,7,1.2619708408512533,125.92576097324267,101.67564821341827
1966,8,8.688989985936562,246.05642978540934,41.99503738604544
1966,9,21.22352032494569,152.4768206149043,27.25809032789424
1966,10,15.009813362975798,288.3702929244088,43.308331830366654
1966,11,11.356175790463682,303.6307606553437,27.56437673974085
1967,1,24.173293051100188,194.58404493042673,118.89857199146063
1967,2,4.421558556497354,347.3729250821162,83.83303048102547
1967,3,8.926776751459998,198.65302125999483,63.288056697389834
1967,4,11.44106235571336,251.6159968772979,135.57750214938483
1967,5,24.03387407984397,327.2667399241895,132.71991012238357
1967,6,2.3305751601633995,323.51451507669975,84.48065300687453
1967,7,7.1174240953285555,523.4652011153406,114.70626396615249
1967,8,13.751336105407143,93.73713164673833,11.441531339285056
1967,9,2.7679804249820794,445.8345575760642,39.08273004513921
1967,10,18.072029285960916,254.8225426372806,30.988198971661916
1967,11,8.17472841800097,56.30857068955771,83.31183807080666
1967,12,16.21641055553141,172.3031337908748,111.63294547508997
1968,1,12.187034128839898,301.0314306016891,13.535139470774709
1968,2,2.313333958498025,365.95837965112855,2.407101808485457
1968,3,4.674405243399446,257.2482901704038,65.02606799665627
1968,4,3.581488750662233,433.1228285122538,4.596769308157732
1968,5,12.097398095621958,463.7351828035045,63.746820537958286
1968,6,1.4473088862518182,340.44743306886505,42.503022130834545
1968,7,14.906295349582182,412.25177240943754,14.227002563804149
1969,1,13.090469639615764,199.7311676072052,49.51694023084781
1969,2,15.811457042261715,300.0909525777205,91.09662556801415
1969,3,9.69474419046416,52.0430503259025,59.48412868962976
1969,4,5.952231966608691,298.0303382863217,61.51201703958835
1969,5,10.360086976056854,141.19599771732763,90.02705710158308
1969,6,16.467301167858512,115.92672789177486,0.8646823864192186
1969,7,11.256117726456228,377.8853794996575,0.47155250700949125
1969,8,13.292535445128271,76.85381479065116,9.323830742625638
1969,9,16.518291652903315,297.55124945450007,43.908382933949355
1969,10,15.52649892902388,302.5279515641164,9.449917706767899
1970,1,10.58989992701332,189.9200337256557,9.613684246549923
1970,2,12.309268032480961,193.55605458437577,39.09299668200405
1970,3,5.584753381092946,263.90026296527674,97.75966120542404
1970,4,21.327480393496625,262.00545218471524,100.8242219345996
1970,5,2.921466630786573,149.71522141997343,11.661580607879415
1970,6,6.580777207499386,46.14108061374901,115.14833024944906
1970,7,7.3905255022045955,178.7885294285162,11.835145863658
1970,8,4.051286627410246,454.9486421421718,40.439376263099334
1970,9,26.058364823471805,177.4295119828787,0.24361433288449064
1970,10,10.15188054938285,211.10365903311398,55.74103358699155
1971,1,9.513399504609191,432.9187474997635,8.531510288989104
1971,2,2.0285180293076266,284.8346894670618,31.379098049964114
1971,3,7.200854801081767,114.30547558977722,64.39409261652878
1971,4,5.337241644598716,273.7949268502486,7.32043238657009
1971,5,1.3054456970205361,202.89244180411325,54.21125906375448
1972,1,1.9427153147706928,69.06729609062876,95.37982064220982
1972,2,7.524290765933445,123.08231154469871,17.71572087311619
1972,3,8.713095318592767,554.9909829414648,45.86261161456184
1972,4,16.02999644357422,120.31509253731868,48.19180709517688
1972,5,4.816910697144446,350.2009917540174,60.11569352644007
1973,1,3.742555027664454,371.57918750685366,26.26030202325902
1973,2,3.4252129375500813,111.99806210474243,100.58052220683528
1973,3,6.710481718667629,83.18910715172493,114.05553766613225
1973,4,9.046773779076126,298.04487535662906,12.359657129142875
1973,5,7.232893153512883,169.68387407284789,26.855082695601688
1973,6,9.430184594366548,66.67249082206601,46.97507912264845
1974,1,17.979411968902333,39.128609451822285,11.241440044213377
1974,2,3.9113303253758405,70.91892922659247,14.669469804357988
1974,3,3.653237284818762,311.28533371163167,31.608502300514818
1974,4,14.080194812140466,128.57655477767494,59.70263953599029
1974,5,14.677511900310957,92.25656185554787,99.31702454433524
1974,6,10.419330928348796,21.767183010341228,24.001574720543204
1974,7,7.4909025090925585,130.34984799830983,47.30249259834412
1974,8,1.9834343068446287,299.78660909747896,40.781114146209944
1974,9,11.889929063241198,234.31275166491176,40.33649107979129
1974,10,4.730950353785667,110.78943466331486,56.09339359797457
1975,1,2.3482045913146967,189.47972116936484,49.794537658215
1975,2,11.144751923667515,237.76706173858145,3.78852994883664
1975,3,9.27954470674311,159.50441487156775,128.4293037945799
1975,4,10.50866236499423,180.08985574091284,49.120896218042326
1975,5,5.1076570698570505,185.09125788106192,51.81074241954024
1975,6,10.28008940974574,216.73267104331782,54.10992825210676
1975,7,9.565255527618708,370.3418673899014,125.77236023332884
1975,8,1.82487745577237,116.61167159585911,38.74570913882596
1975,9,13.486542003825146,387.0443497722004,54.45952022020023
1975,10,10.854789635640076,113.53263338142101,57.51598148960902
1975,11,9.475678272415982,362.6109796913443,131.59656433040408
1975,12,20.90264219957639,539.8934533993173,76.15376308365565
1976,1,12.361355946523151,198.22839029267797,14.452879065597102
1976,2,20.116580492841788,270.45993551985055,65.49513415785898
1976,3,2.874743318110788,192.77358122894057,21.06299605860411
1976,4,9.83252791655018,186.78818557886342,44.36552089877556
1976,5,18.760856821939967,114.3627916701615,17.36613754735736
1976,6,5.225489163473852,237.17739759633764,96.03763291496008
1976,7,9.989327928787914,113.25501163022055,42.66683154018419
1977,1,9.70443361694354,50.100252066710624,17.945908746122193
1977,2,18.157812422670325,436.45086817481854,78.53014854890546
1977,3,5.917679892238574,414.15852571739305,74.50196006842395
1978,1,12.349526436968336,264.40107676103764,70.34082843157293
1978,2,10.822600591349474,161.381846755901,47.666074163161
1978,3,9.427033508122186,181.88127734430265,66.06052758375618
1978,4,10.231164687507093,96.43441956581185,36.20571816380554
1978,5,0.3799367044910795,116.49159972009119,52.13047839966726
1978,6,11.86812425609236,28.29690915839319,69.38642990401374
1978,7,12.012489538279098,99.48420489895675,46.35766362270499
1978,8,0.7400462195070681,286.69207077077294,29.77242220584874
1978,9,8.686068825471281,388.5008679002053,48.46458705213821
1978,10,6.5265170644275425,4.640624078724187,135.64879264374576
1979,1,0.7179723336014643,131.77111766170862,2.1765618146857335
1979,2,6.444659758262406,275.25720664734524,36.50240202684856
1979,3,15.603158702854554,116.76115323883796,10.297648610929244
1979,4,21.688087498530894,257.4917698974413,103.52068124679059
1979,5,9.320875168699917,158.30809085698846,106.62841930382797
1979,6,20.78768102123158,0.8402636921202884,25.256373491005416
1979,7,3.6848931139019,296.56752747097704,19.456533163203126
1979,8,13.53917300331848,322.4450290571394,124.761822777439
1979,9,2.305425311403459,375.2509994211817,40.73470875901135
1979,10,23.43025782361363,357.55088458181365,88.06642245805958
1979,11,4.776584255987832,170.6664783437632,66.35603745616054
1980,1,22.616674559473896,106.21929411319418,21.51034861153258
1980,2,5.910864263171601,422.5172600747668,42.15194213475249
1980,3,21.36067458904372,315.9817988610716,67.79342111060666
1980,4,23.24482216801227,87.86826305749948,20.426277914814392
1980,5,5.079563283515929,170.09687698269823,60.97547923677169
1980,6,15.395159127144503,258.6418175174163,70.2334533017301
1980,7,9.627076056209164,294.61450380500634,62.527084705073484
1980,8,19.060380623568552,283.3429914029057,80.6515160510834
1980,9,28.489284527302523,155.81360003126028,90.20970468720338
1980,10,10.738687421480826,162.77674643543617,45.015015643540785
1981,1,19.134243146328863,0.657309151458719,30.675063643790487
1981,2,11.800447569806435,562.8557406392077,128.19697834528552
1981,3,9.68333739934057,252.39390223750917,74.07939417510391
1982,1,2.9129515610016865,113.36260910054,16.23680128921218
1982,2,26.038835151037325,67.90023251725023,23.853749027777273
1982,3,11.296917907577786,36.78120090109516,98.28020531286398
1982,4,4.213795632318909,21.633081649480857,75.05401831241986
1982,5,14.112347218085933,198.05579211623362,11.42950721215692
1982,6,6.56709155673329,204.61906549591885,15.632211890780809
1982,7,19.80058869692016,473.49413439699794,4.4042579250889275
1982,8,21.56912751299908,168.94545191938795,5.687196587864264
1982,9,13.409803290886984,152.24378439213334,66.60112338889469
1982,10,16.426138691318137,300.62681432369953,20.937642473189037
1982,11,22.246060186649608,146.41352125484545,81.34553746957465
1983,1,8.617348063081232,123.39621674371949,94.82393853038474
1983,2,11.231189803428448,78.28392631785955,18.65214075253634
1983,3,0.4425025336252659,39.145423374465025,59.0904254990105
1983,4,11.660694459241435,291.8238052544655,79.30347750206431
1983,5,14.397147163348723,430.6763999237563,97.8096583164551
1984,1,16.708759039047358,180.20551326825722,17.591047330551582
1984,2,2.852185383327379,347.3742802816899,5.860772718655866
1984,3,7.204455541437795,224.00053152891365,44.08215597866451
1984,4,12.915430676400023,376.1972619994311,74.74698563722825
1984,5,10.452657727179847,133.05043442505593,7.339598269211898
1984,6,9.55075884397886,143.7925930422611,71.12648750214885
1984,7,9.047667118901282,355.94003056449515,32.3911210066515
1984,8,6.0833016477466755,263.43417357436726,54.300429758073214
1984,9,12.658935711499572,180.22879429985775,51.04249661743272
1984,10,7.924985709507064,219.93339787451893,99.44919022312038
1985,1,6.435856480849932,172.20396426150228,106.50358169505051
1985,2,14.897921354190249,328.2975185656335,87.81194164286435
1985,3,5.405074485119979,216.89170483299202,77.09326789820807
1985,4,10.032033072624643,65.45789359667032,87.13619332641943
1985,5,8.778168355240021,245.33045745853514,73.29096463658055
1985,6,20.588694890860257,230.629273455453,30.643972148961296
1986,1,11.275424592093279,27.556887903360746,3.270775152398002
1986,2,7.5655892291947,131.0891940818982,81.29310836098199
1986,3,15.491998765552426,36.690044675055304,2.480771074466965
1987,1,5.321285617667498,277.65290187565205,45.49408121523348
1987,2,9.06727855107297,228.5882581439332,97.01281946125633
1987,3,20.965778011283078,159.94776947451697,6.4523060745094085
1987,4,4.262940464978004,492.16922899959997,109.23105789443007
1988,1,7.527915610317823,70.95077337779853,86.90513491372559
1988,2,3.30055612524467,253.58373251632517,34.76763197321114
1988,3,7.375346074857795,561.1851027945322,54.83281266526008
1988,4,5.774344836918077,35.55517184105395,59.58858451657631
1988,5,0.07061370782393261,104.19616201956548,82.07481087002071
1988,6,8.733631741655492,306.1476889645786,99.14177807561506
1988,7,14.818828919951532,58.574860588918284,82.72160177014905
1988,8,15.540278505292612,190.54073214395632,13.355908488896716
1988,9,10.164319184094088,220.95645284187353,2.756573954008246
1989,1,16.05025243741373,281.7443567824487,69.00096040966795
1989,2,18.71032793384527,270.9976465626265,26.00375711066073
1989,3,15.524343584304418,139.78982876907253,42.38942209263506
1989,4,1.9965873119689963,220.45780921733208,128.96156492926943
1989,5,17.468795457173126,22.279274336755094,42.01303122301665
1989,6,17.06076901523202,173.11255603034465,31.88651798919871
1989,7,6.177408535232679,407.0726615066096,110.28393289253128
1990,1,20.449670202245052,196.57889629103434,26.4253797242135
1990,2,3.9458624188295603,316.43155851623123,95.33320819450331
1990,3,7.4249300262885765,120.20254064602646,51.74718872428912
1990,4,8.180037917916673,8.880709126607798,24.863440715184268
1990,5,8.008732345597103,85.35432415349192,75.95787987260209
1990,6,3.4320209326282285,177.52191414424857,37.82470231350558
1990,7,14.771587811631225,468.9974787212347,130.06825893311293
1990,8,6.274795258677708,56.002352792183814,50.27479413024967
1991,1,15.319223257620166,294.5100884195777,26.277996499250122
1991,2,8.694490931484134,199.42381164657542,73.98514568218779
1991,3,7.946540322521631,146.61254236952743,81.78284228803813
1991,4,21.07436143573827,126.89752040319422,84.05746041234528
1991,5,8.074516763959478,289.29889744402465,43.75190273333974
1991,6,7.306947161464935,212.58847912628764,7.223549873826052
1991,7,2.7253961920186445,128.86118412798407,51.13083682757643
1991,8,18.547433209620607,316.7910677840765,41.08231935229787
1991,9,2.0101873173358396,203.79550931195584,68.03934033185493
1991,10,6.580914429471106,158.31849249309997,96.71382690788724
1991,11,11.09840676080497,201.19136694142824,47.96173504434212
1991,12,19.1044618158857,83.37319254491393,66.60967827907706
1992,1,20.42604014987895,409.20710873089536,53.07770150006778
1992,2,12.396251125338114,242.79037507401335,58.453941046002484
1992,3,7.398998937113662,559.3983399147521,34.00205529223474
1992,4,13.892378483675795,228.55535428844993,50.71514842601758
1992,5,10.824608908426677,157.7754040120184,27.738207538395802
1993,1,2.727983845635338,322.6709116106423,83.91162520121303
1993,2,12.82083524480783,247.1853693802553,42.03836361670278
1993,3,15.02129657476857,106.94060347813513,46.895822213594684
1993,4,11.051784931172092,310.0998687231777,29.182267773413287
1993,5,22.08667273146886,588.5648162158866,12.761236931039733
1993,6,13.385311323699238,389.66232297188446,27.64399208281275
1993,7,14.297524100499952,108.77146391900067,25.591509575813074
1993,8,9.134064918960672,47.02476461649857,40.86629600370774
1994,1,2.9194333439663733,321.23406498320946,50.25633936090457
1994,2,14.335077106796673,247.5657727018037,97.00198021392956
1994,3,13.331063416815983,58.06326087188464,8.270768047156139
1994,4,22.88675268119323,56.3583383302915,39.47401015513631
1994,5,9.586271891098095,107.03194478722963,94.08143418519096
1995,1,19.095412423662893,337.8489583580971,65.32638957778377
1995,2,2.490215460360285,192.0612522291365,34.61320602166893
1995,3,8.923595965765049,318.5441722738452,93.10851593977944
1995,4,27.125501531050435,65.32751009441643,99.21065477861788
1995,5,9.043364493113794,92.91135192257826,136.93126294639632
1995,6,22.329500119722802,157.84430071099143,21.101502316061985
1995,7,2.3173319622719273,388.1745509116504,31.871193931094922
1995,8,8.981414927951015,65.97728705053734,105.75350774177032
1995,9,22.913316046811154,55.591916023601726,53.26267206163036
1995,10,11.889212145391607,156.78596834326476,24.35122854139973
1995,11,20.951401798746396,121.55339676815032,129.30282195756766
1996,1,5.366177177512085,315.7914533948656,83.4124901776569
1996,2,5.359627374377562,66.73785652169482,15.63041592227674
1996,3,1.7441432709811835,323.5904562392822,34.832660369210316
1997,1,3.2128619229768445,1.434754999564234,16.89687649536956
1997,2,7.450076755591176,92.10365907152361,104.26307367467874
1997,3,8.238988746024717,415.8360199586066,37.32194402242057
1998,1,13.370734941213858,64.84378960545976,55.67262433924224
1998,2,19.244392619925463,186.79083412926735,43.71014909574744
1998,3,11.196768537389682,164.8516921073078,16.849281351343997
1998,4,10.923414007999567,162.0190981428938,5.173977776129924
1998,5,8.321294014824083,155.75482287796524,42.263898375007656
1998,6,1.5753922042153512,292.4378484837922,95.62594399477264
1998,7,9.555163235834744,155.61182468146114,60.867026763485626
1998,8,11.80893878670826,102.94139698340476,75.7540192825249
1998,9,5.361058595113194,25.12500454305936,41.15719260115091
1998,10,11.3712092991185,164.62155745041468,78.28575191607266
1998,11,9.465340711076422,390.72879867087386,85.81433479756814
1999,1,19.530986072155432,203.72315948787355,88.27116859996312
1999,2,13.809265391737855,225.91520900331062,64.08195763083359
1999,3,0.7721598449960076,127.98435886250161,22.71061832934
1999,4,0.5836041571061088,286.53278022322013,78.0945056081942
1999,5,7.742151592858367,197.78954405165595,36.4381647062704
1999,6,5.629095691936002,47.163150572858655,52.43060047961362
1999,7,10.13099247677462,143.45068664149863,82.34287353946101
1999,8,15.354022362491982,79.45824695362461,80.5109840255277
1999,9,3.3089880950135235,159.07719006140053,115.9328281944136
1999,10,9.697342163674195,354.1300610718703,39.850510337876926
2000,1,9.94908590434102,209.92169736414536,10.399317744651391
2000,2,13.283698392559087,130.4309967657354,77.7998165829095
2000,3,10.956927633310213,254.93330101226042,88.7586146564201
2000,4,13.143674275270342,313.62308168871124,111.45064125053054
2000,5,1.4190089479421264,105.96109097084576,28.900250968837167
2000,6,19.145891083023425,194.99177730869067,21.242295127281253
2000,7,3.116636997290426,309.8932905276231,63.26231693100762
2000,8,0.24756895536392065,109.45839641370189,29.496869964998155
2000,9,15.79397517480609,203.84615101845148,43.07267949203032
2000,10,0.022826214612786444,104.51400831824988,74.69897973539338
2000,11,7.896388941580474,120.75453252729683,116.63124346954059
